# Blender 4.5.10 LTS
# www.blender.org
mtllib regatta_buoy.mtl
o Buoy
v -0.267722 -0.147609 0.121050
v -0.185282 -0.185282 -0.011447
v -0.147609 -0.267722 0.121050
v -0.287943 -0.166151 0.024077
v -0.283266 -0.169686 0.011679
v -0.250933 -0.225057 0.123773
v -0.273574 -0.252913 0.029377
v -0.270034 -0.256752 0.019017
v -0.264958 -0.264958 0.021977
v -0.173098 -0.273320 0.002720
v -0.169686 -0.283266 0.011679
v -0.273320 -0.173098 0.002720
v -0.261082 -0.261082 0.012138
v -0.256752 -0.270034 0.019017
v -0.225057 -0.250933 0.123773
v -0.239716 -0.239716 0.124219
v -0.166151 -0.287943 0.024077
v -0.252913 -0.273574 0.029377
v -0.264814 -0.264814 0.030121
v 0.267722 -0.147609 0.121050
v 0.147609 -0.267722 0.121050
v 0.185282 -0.185282 -0.011447
v 0.250933 -0.225057 0.123773
v 0.239716 -0.239716 0.124219
v 0.287943 -0.166151 0.024077
v 0.273574 -0.252913 0.029377
v 0.264814 -0.264814 0.030121
v 0.264958 -0.264958 0.021977
v 0.166151 -0.287943 0.024077
v 0.169686 -0.283266 0.011679
v 0.225057 -0.250933 0.123773
v 0.252913 -0.273574 0.029377
v 0.256752 -0.270034 0.019017
v 0.273320 -0.173098 0.002720
v 0.283266 -0.169686 0.011679
v 0.173098 -0.273320 0.002720
v 0.261082 -0.261082 0.012138
v 0.270034 -0.256752 0.019017
v 0.147609 0.267722 0.121050
v 0.267722 0.147609 0.121050
v 0.185282 0.185282 -0.011447
v 0.225057 0.250933 0.123773
v 0.239716 0.239716 0.124219
v 0.166151 0.287943 0.024077
v 0.252913 0.273574 0.029377
v 0.264814 0.264814 0.030121
v 0.264958 0.264958 0.021977
v 0.287943 0.166151 0.024077
v 0.283266 0.169686 0.011679
v 0.250933 0.225057 0.123773
v 0.273574 0.252913 0.029377
v 0.270034 0.256752 0.019017
v 0.173098 0.273320 0.002720
v 0.169686 0.283266 0.011679
v 0.273320 0.173098 0.002720
v 0.261082 0.261082 0.012138
v 0.256752 0.270034 0.019017
v -0.267722 0.147609 0.121050
v -0.147609 0.267722 0.121050
v -0.185282 0.185282 -0.011447
v -0.250933 0.225057 0.123773
v -0.239716 0.239716 0.124219
v -0.287943 0.166151 0.024077
v -0.273574 0.252913 0.029377
v -0.264814 0.264814 0.030121
v -0.264958 0.264958 0.021977
v -0.166151 0.287943 0.024077
v -0.169686 0.283266 0.011679
v -0.225057 0.250933 0.123773
v -0.252913 0.273574 0.029377
v -0.256752 0.270034 0.019017
v -0.273320 0.173098 0.002720
v -0.283266 0.169686 0.011679
v -0.173098 0.273320 0.002720
v -0.261082 0.261082 0.012138
v -0.270034 0.256752 0.019017
v -0.101053 -0.038007 0.489566
v -0.038007 -0.101053 0.489566
v -0.003303 -0.003303 0.583879
v -0.094939 -0.069334 0.490409
v -0.084100 -0.084100 0.491127
v -0.049574 -0.009662 0.565316
v -0.045041 -0.025490 0.566063
v -0.037512 -0.037512 0.566287
v -0.031597 -0.031597 0.571938
v -0.009662 -0.049574 0.565316
v -0.007178 -0.035169 0.574832
v -0.069334 -0.094939 0.490409
v -0.025490 -0.045041 0.566063
v -0.021579 -0.033728 0.573756
v -0.018188 -0.004948 0.581137
v -0.035169 -0.007178 0.574832
v -0.004948 -0.018188 0.581137
v -0.019541 -0.019541 0.578503
v -0.033728 -0.021579 0.573756
v 0.038007 -0.101053 0.489566
v 0.101053 -0.038007 0.489566
v 0.003303 -0.003303 0.583879
v 0.069334 -0.094939 0.490409
v 0.084100 -0.084100 0.491127
v 0.009662 -0.049574 0.565316
v 0.025490 -0.045041 0.566063
v 0.037512 -0.037512 0.566287
v 0.031597 -0.031597 0.571938
v 0.049574 -0.009662 0.565316
v 0.035169 -0.007178 0.574832
v 0.094939 -0.069334 0.490409
v 0.045041 -0.025490 0.566063
v 0.033728 -0.021579 0.573756
v 0.004948 -0.018188 0.581137
v 0.007178 -0.035169 0.574832
v 0.018188 -0.004948 0.581137
v 0.019541 -0.019541 0.578503
v 0.021579 -0.033728 0.573756
v 0.101053 0.038007 0.489566
v 0.038007 0.101053 0.489566
v 0.003303 0.003303 0.583879
v 0.094939 0.069334 0.490409
v 0.084100 0.084100 0.491127
v 0.049574 0.009662 0.565316
v 0.045041 0.025490 0.566063
v 0.037512 0.037512 0.566287
v 0.031597 0.031597 0.571938
v 0.009662 0.049574 0.565316
v 0.007178 0.035169 0.574832
v 0.069334 0.094939 0.490409
v 0.025490 0.045041 0.566063
v 0.021579 0.033728 0.573756
v 0.018188 0.004948 0.581137
v 0.035169 0.007178 0.574832
v 0.004948 0.018188 0.581137
v 0.019541 0.019541 0.578503
v 0.033728 0.021579 0.573756
v -0.101053 0.038007 0.489566
v -0.003303 0.003303 0.583879
v -0.038007 0.101053 0.489566
v -0.049574 0.009662 0.565316
v -0.035169 0.007178 0.574832
v -0.094939 0.069334 0.490409
v -0.045041 0.025490 0.566063
v -0.033728 0.021579 0.573756
v -0.031597 0.031597 0.571938
v -0.004948 0.018188 0.581137
v -0.007178 0.035169 0.574832
v -0.018188 0.004948 0.581137
v -0.019541 0.019541 0.578503
v -0.021579 0.033728 0.573756
v -0.069334 0.094939 0.490409
v -0.084100 0.084100 0.491127
v -0.009662 0.049574 0.565316
v -0.025490 0.045041 0.566063
v -0.037512 0.037512 0.566287
v -0.253203 -0.220120 0.123528
v -0.256127 -0.209641 0.123094
v -0.260682 -0.187806 0.122313
v -0.279832 -0.157352 0.068222
v -0.285818 -0.162564 0.040851
v -0.287932 -0.165031 0.028770
v -0.281898 -0.212095 0.026800
v -0.277956 -0.236841 0.028346
v -0.275452 -0.248208 0.029063
v -0.273371 -0.251446 0.033784
v -0.270912 -0.247794 0.045574
v -0.264208 -0.239835 0.072398
v -0.287302 -0.167041 0.020718
v -0.286303 -0.167925 0.017520
v -0.284956 -0.168806 0.014500
v -0.277378 -0.216376 0.014951
v -0.273674 -0.241313 0.017000
v -0.271491 -0.252486 0.018205
v -0.271400 -0.255785 0.021247
v -0.272437 -0.254860 0.023708
v -0.273157 -0.253921 0.026413
v -0.242896 -0.236322 0.124187
v -0.245840 -0.232733 0.124097
v -0.248526 -0.228971 0.123956
v -0.271650 -0.256265 0.029637
v -0.269548 -0.259343 0.029876
v -0.267268 -0.262182 0.030052
v -0.264034 -0.264034 0.034338
v -0.261031 -0.261031 0.046020
v -0.253736 -0.253736 0.072814
v -0.268655 -0.259528 0.019802
v -0.267268 -0.261869 0.020608
v -0.265949 -0.263741 0.021386
v -0.265080 -0.265080 0.023231
v -0.265143 -0.265143 0.025119
v -0.265065 -0.265065 0.027431
v -0.269028 -0.174001 0.001000
v -0.257901 -0.175678 -0.001272
v -0.232896 -0.179063 -0.005041
v -0.179063 -0.232896 -0.005041
v -0.175678 -0.257901 -0.001272
v -0.174001 -0.269028 0.001000
v -0.220431 -0.267558 0.006554
v -0.245620 -0.264102 0.009092
v -0.256841 -0.262222 0.010782
v -0.262222 -0.256841 0.010782
v -0.264102 -0.245620 0.009092
v -0.267558 -0.220432 0.006554
v -0.172285 -0.276255 0.004581
v -0.171437 -0.278901 0.006704
v -0.170566 -0.281243 0.009075
v -0.216376 -0.277378 0.014951
v -0.241313 -0.273674 0.017000
v -0.252486 -0.271491 0.018205
v -0.257799 -0.268327 0.017004
v -0.258898 -0.266272 0.015196
v -0.260007 -0.263859 0.013578
v -0.281243 -0.170566 0.009075
v -0.278901 -0.171437 0.006704
v -0.276255 -0.172285 0.004581
v -0.263859 -0.260007 0.013578
v -0.266272 -0.258898 0.015196
v -0.268327 -0.257799 0.017004
v -0.259528 -0.268655 0.019802
v -0.261869 -0.267268 0.020608
v -0.263741 -0.265949 0.021386
v -0.165031 -0.287932 0.028770
v -0.162564 -0.285818 0.040851
v -0.157352 -0.279832 0.068222
v -0.187806 -0.260682 0.122313
v -0.209641 -0.256127 0.123094
v -0.220120 -0.253203 0.123528
v -0.239835 -0.264208 0.072398
v -0.247794 -0.270912 0.045574
v -0.251446 -0.273371 0.033784
v -0.248208 -0.275452 0.029063
v -0.236841 -0.277956 0.028346
v -0.212095 -0.281898 0.026800
v -0.228971 -0.248526 0.123956
v -0.232733 -0.245840 0.124097
v -0.236321 -0.242896 0.124187
v -0.262182 -0.267268 0.030052
v -0.259343 -0.269548 0.029876
v -0.256265 -0.271650 0.029637
v -0.168806 -0.284956 0.014500
v -0.167925 -0.286303 0.017520
v -0.167041 -0.287302 0.020718
v -0.253921 -0.273157 0.026413
v -0.254860 -0.272437 0.023708
v -0.255785 -0.271400 0.021247
v 0.287932 -0.165031 0.028770
v 0.285818 -0.162564 0.040851
v 0.279832 -0.157352 0.068222
v 0.260682 -0.187806 0.122313
v 0.256127 -0.209641 0.123094
v 0.253203 -0.220120 0.123528
v 0.264208 -0.239835 0.072398
v 0.270912 -0.247794 0.045574
v 0.273371 -0.251446 0.033784
v 0.275452 -0.248208 0.029063
v 0.277956 -0.236841 0.028346
v 0.281898 -0.212095 0.026800
v 0.248526 -0.228971 0.123956
v 0.245840 -0.232733 0.124097
v 0.242896 -0.236321 0.124187
v 0.253736 -0.253736 0.072814
v 0.261031 -0.261031 0.046020
v 0.264034 -0.264034 0.034338
v 0.267268 -0.262182 0.030052
v 0.269548 -0.259343 0.029876
v 0.271650 -0.256265 0.029637
v 0.284956 -0.168806 0.014500
v 0.286303 -0.167925 0.017520
v 0.287302 -0.167041 0.020718
v 0.273157 -0.253921 0.026413
v 0.272437 -0.254860 0.023708
v 0.271400 -0.255785 0.021247
v 0.271491 -0.252486 0.018205
v 0.273674 -0.241313 0.017000
v 0.277378 -0.216376 0.014951
v 0.265065 -0.265065 0.027431
v 0.265143 -0.265143 0.025119
v 0.265080 -0.265080 0.023231
v 0.265949 -0.263741 0.021386
v 0.267268 -0.261869 0.020608
v 0.268655 -0.259528 0.019802
v 0.220120 -0.253203 0.123528
v 0.209641 -0.256127 0.123094
v 0.187806 -0.260682 0.122313
v 0.157352 -0.279832 0.068222
v 0.162564 -0.285818 0.040851
v 0.165031 -0.287932 0.028770
v 0.212095 -0.281898 0.026800
v 0.236841 -0.277956 0.028346
v 0.248208 -0.275452 0.029063
v 0.251446 -0.273370 0.033784
v 0.247794 -0.270912 0.045574
v 0.239835 -0.264208 0.072398
v 0.167041 -0.287302 0.020718
v 0.167925 -0.286303 0.017520
v 0.168806 -0.284956 0.014500
v 0.216376 -0.277378 0.014951
v 0.241313 -0.273674 0.017000
v 0.252486 -0.271491 0.018205
v 0.255785 -0.271400 0.021247
v 0.254860 -0.272437 0.023708
v 0.253921 -0.273157 0.026413
v 0.236322 -0.242896 0.124187
v 0.232733 -0.245840 0.124097
v 0.228971 -0.248526 0.123956
v 0.256265 -0.271650 0.029637
v 0.259343 -0.269547 0.029876
v 0.262182 -0.267268 0.030052
v 0.259528 -0.268655 0.019802
v 0.261869 -0.267268 0.020608
v 0.263741 -0.265949 0.021386
v 0.174001 -0.269028 0.001000
v 0.175678 -0.257901 -0.001272
v 0.179063 -0.232896 -0.005041
v 0.232896 -0.179062 -0.005041
v 0.257901 -0.175678 -0.001272
v 0.269028 -0.174001 0.001000
v 0.267558 -0.220431 0.006554
v 0.264102 -0.245620 0.009092
v 0.262222 -0.256841 0.010782
v 0.256841 -0.262222 0.010782
v 0.245620 -0.264102 0.009092
v 0.220432 -0.267558 0.006554
v 0.276255 -0.172285 0.004581
v 0.278901 -0.171437 0.006704
v 0.281243 -0.170566 0.009075
v 0.268327 -0.257799 0.017004
v 0.266272 -0.258898 0.015196
v 0.263859 -0.260007 0.013578
v 0.170566 -0.281243 0.009075
v 0.171437 -0.278901 0.006704
v 0.172285 -0.276255 0.004581
v 0.260007 -0.263859 0.013578
v 0.258898 -0.266272 0.015196
v 0.257799 -0.268327 0.017004
v 0.165031 0.287932 0.028770
v 0.162564 0.285818 0.040851
v 0.157352 0.279832 0.068222
v 0.187806 0.260682 0.122313
v 0.209641 0.256127 0.123094
v 0.220120 0.253203 0.123528
v 0.239835 0.264208 0.072398
v 0.247794 0.270912 0.045574
v 0.251446 0.273371 0.033784
v 0.248208 0.275452 0.029063
v 0.236841 0.277956 0.028346
v 0.212095 0.281898 0.026800
v 0.228971 0.248526 0.123956
v 0.232733 0.245840 0.124097
v 0.236321 0.242896 0.124187
v 0.253736 0.253736 0.072814
v 0.261031 0.261031 0.046020
v 0.264034 0.264034 0.034338
v 0.262182 0.267268 0.030052
v 0.259343 0.269548 0.029876
v 0.256265 0.271650 0.029637
v 0.168806 0.284956 0.014500
v 0.167925 0.286303 0.017520
v 0.167041 0.287302 0.020718
v 0.253921 0.273157 0.026413
v 0.254860 0.272437 0.023708
v 0.255785 0.271400 0.021247
v 0.252486 0.271491 0.018205
v 0.241313 0.273674 0.017000
v 0.216376 0.277378 0.014951
v 0.265065 0.265065 0.027431
v 0.265143 0.265143 0.025119
v 0.265080 0.265080 0.023231
v 0.263741 0.265949 0.021386
v 0.261869 0.267268 0.020608
v 0.259528 0.268655 0.019802
v 0.253203 0.220120 0.123528
v 0.256127 0.209641 0.123094
v 0.260682 0.187806 0.122313
v 0.279832 0.157352 0.068222
v 0.285818 0.162564 0.040851
v 0.287932 0.165031 0.028770
v 0.281898 0.212095 0.026800
v 0.277956 0.236841 0.028346
v 0.275452 0.248208 0.029063
v 0.273370 0.251446 0.033784
v 0.270912 0.247794 0.045574
v 0.264208 0.239835 0.072398
v 0.287302 0.167041 0.020718
v 0.286303 0.167925 0.017520
v 0.284956 0.168806 0.014500
v 0.277378 0.216376 0.014951
v 0.273674 0.241313 0.017000
v 0.271491 0.252486 0.018205
v 0.271400 0.255785 0.021247
v 0.272437 0.254860 0.023708
v 0.273157 0.253921 0.026413
v 0.242896 0.236322 0.124187
v 0.245840 0.232733 0.124097
v 0.248526 0.228971 0.123956
v 0.271650 0.256265 0.029637
v 0.269547 0.259343 0.029876
v 0.267268 0.262182 0.030052
v 0.268655 0.259528 0.019802
v 0.267268 0.261869 0.020608
v 0.265949 0.263741 0.021386
v 0.269028 0.174001 0.001000
v 0.257901 0.175678 -0.001272
v 0.232896 0.179063 -0.005041
v 0.179062 0.232896 -0.005041
v 0.175678 0.257901 -0.001272
v 0.174001 0.269028 0.001000
v 0.220431 0.267558 0.006554
v 0.245620 0.264102 0.009092
v 0.256841 0.262222 0.010782
v 0.262222 0.256841 0.010782
v 0.264102 0.245620 0.009092
v 0.267558 0.220432 0.006554
v 0.172285 0.276255 0.004581
v 0.171437 0.278901 0.006704
v 0.170566 0.281243 0.009075
v 0.257799 0.268327 0.017004
v 0.258898 0.266272 0.015196
v 0.260007 0.263859 0.013578
v 0.281243 0.170566 0.009075
v 0.278901 0.171437 0.006704
v 0.276255 0.172285 0.004581
v 0.263859 0.260007 0.013578
v 0.266272 0.258898 0.015196
v 0.268327 0.257799 0.017004
v -0.287932 0.165031 0.028770
v -0.285818 0.162564 0.040851
v -0.279832 0.157352 0.068222
v -0.260682 0.187806 0.122313
v -0.256127 0.209641 0.123094
v -0.253203 0.220120 0.123528
v -0.264208 0.239835 0.072398
v -0.270912 0.247794 0.045574
v -0.273371 0.251446 0.033784
v -0.275452 0.248208 0.029063
v -0.277956 0.236841 0.028346
v -0.281898 0.212095 0.026800
v -0.248526 0.228971 0.123956
v -0.245840 0.232733 0.124097
v -0.242896 0.236321 0.124187
v -0.253736 0.253736 0.072814
v -0.261031 0.261031 0.046020
v -0.264034 0.264034 0.034338
v -0.267268 0.262182 0.030052
v -0.269548 0.259343 0.029876
v -0.271650 0.256265 0.029637
v -0.284956 0.168806 0.014500
v -0.286303 0.167925 0.017520
v -0.287302 0.167041 0.020718
v -0.273157 0.253921 0.026413
v -0.272437 0.254860 0.023708
v -0.271400 0.255785 0.021247
v -0.271491 0.252486 0.018205
v -0.273674 0.241313 0.017000
v -0.277378 0.216376 0.014951
v -0.265065 0.265065 0.027431
v -0.265143 0.265143 0.025119
v -0.265080 0.265080 0.023231
v -0.265949 0.263741 0.021386
v -0.267268 0.261869 0.020608
v -0.268655 0.259528 0.019802
v -0.220120 0.253203 0.123528
v -0.209641 0.256127 0.123094
v -0.187806 0.260682 0.122313
v -0.157352 0.279832 0.068222
v -0.162564 0.285818 0.040851
v -0.165031 0.287932 0.028770
v -0.212095 0.281898 0.026800
v -0.236841 0.277956 0.028346
v -0.248208 0.275452 0.029063
v -0.251446 0.273370 0.033784
v -0.247794 0.270912 0.045574
v -0.239835 0.264208 0.072398
v -0.167041 0.287302 0.020718
v -0.167925 0.286303 0.017520
v -0.168806 0.284956 0.014500
v -0.216376 0.277378 0.014951
v -0.241313 0.273674 0.017000
v -0.252486 0.271491 0.018205
v -0.255785 0.271400 0.021247
v -0.254860 0.272437 0.023708
v -0.253921 0.273157 0.026413
v -0.236322 0.242896 0.124187
v -0.232733 0.245840 0.124097
v -0.228971 0.248526 0.123956
v -0.256265 0.271650 0.029637
v -0.259343 0.269547 0.029876
v -0.262182 0.267268 0.030052
v -0.259528 0.268655 0.019802
v -0.261869 0.267268 0.020608
v -0.263741 0.265949 0.021386
v -0.174001 0.269028 0.001000
v -0.175678 0.257901 -0.001272
v -0.179063 0.232896 -0.005041
v -0.232896 0.179062 -0.005041
v -0.257901 0.175678 -0.001272
v -0.269028 0.174001 0.001000
v -0.267558 0.220431 0.006554
v -0.264102 0.245620 0.009092
v -0.262222 0.256841 0.010782
v -0.256841 0.262222 0.010782
v -0.245620 0.264102 0.009092
v -0.220432 0.267558 0.006554
v -0.276255 0.172285 0.004581
v -0.278901 0.171437 0.006704
v -0.281243 0.170566 0.009075
v -0.268327 0.257799 0.017004
v -0.266272 0.258898 0.015196
v -0.263859 0.260007 0.013578
v -0.170566 0.281243 0.009075
v -0.171437 0.278901 0.006704
v -0.172285 0.276255 0.004581
v -0.260007 0.263859 0.013578
v -0.258898 0.266272 0.015196
v -0.257799 0.268327 0.017004
v -0.053181 -0.010657 0.561631
v -0.060126 -0.013937 0.552007
v -0.074371 -0.021994 0.530366
v -0.099987 -0.050730 0.489533
v -0.098603 -0.059281 0.489706
v -0.096919 -0.065033 0.490034
v -0.068767 -0.044856 0.531844
v -0.054812 -0.032386 0.553459
v -0.048192 -0.027189 0.562788
v -0.046473 -0.021923 0.565888
v -0.047739 -0.018130 0.565682
v -0.048790 -0.014060 0.565480
v -0.092658 -0.073292 0.490721
v -0.090085 -0.077097 0.490946
v -0.087229 -0.080712 0.491082
v -0.058778 -0.058778 0.532618
v -0.045614 -0.045614 0.554148
v -0.039801 -0.039801 0.563285
v -0.039771 -0.034921 0.566280
v -0.041740 -0.032025 0.566249
v -0.043477 -0.028866 0.566181
v -0.039081 -0.007786 0.572708
v -0.042799 -0.008408 0.570396
v -0.046304 -0.009036 0.567923
v -0.042403 -0.024389 0.568231
v -0.039664 -0.023344 0.570253
v -0.036785 -0.022395 0.572103
v -0.034202 -0.018149 0.574128
v -0.034606 -0.014546 0.574432
v -0.034931 -0.010860 0.574666
v -0.035817 -0.035817 0.568118
v -0.034184 -0.034184 0.569726
v -0.032690 -0.032690 0.571057
v -0.032049 -0.029976 0.572339
v -0.032622 -0.027585 0.572837
v -0.033193 -0.024751 0.573320
v -0.065033 -0.096919 0.490034
v -0.059281 -0.098603 0.489706
v -0.050730 -0.099987 0.489533
v -0.021994 -0.074371 0.530366
v -0.013937 -0.060126 0.552007
v -0.010657 -0.053181 0.561631
v -0.014060 -0.048790 0.565480
v -0.018130 -0.047739 0.565682
v -0.021923 -0.046473 0.565888
v -0.027189 -0.048192 0.562788
v -0.032386 -0.054812 0.553459
v -0.044856 -0.068767 0.531844
v -0.009036 -0.046304 0.567923
v -0.008408 -0.042799 0.570396
v -0.007786 -0.039081 0.572708
v -0.010860 -0.034931 0.574666
v -0.014546 -0.034606 0.574432
v -0.018149 -0.034202 0.574128
v -0.022395 -0.036785 0.572103
v -0.023344 -0.039664 0.570253
v -0.024389 -0.042403 0.568231
v -0.080712 -0.087229 0.491082
v -0.077097 -0.090085 0.490946
v -0.073292 -0.092658 0.490721
v -0.028866 -0.043477 0.566181
v -0.032024 -0.041740 0.566249
v -0.034921 -0.039771 0.566280
v -0.024751 -0.033193 0.573320
v -0.027585 -0.032622 0.572837
v -0.029976 -0.032049 0.572339
v -0.004445 -0.013834 0.582135
v -0.003986 -0.009724 0.582911
v -0.003597 -0.006125 0.583485
v -0.006125 -0.003597 0.583485
v -0.009724 -0.003986 0.582911
v -0.013834 -0.004445 0.582135
v -0.018439 -0.008129 0.580699
v -0.018766 -0.011751 0.580100
v -0.019143 -0.015620 0.579361
v -0.015620 -0.019143 0.579361
v -0.011751 -0.018766 0.580100
v -0.008129 -0.018439 0.580699
v -0.022559 -0.005475 0.579904
v -0.026872 -0.006022 0.578438
v -0.031087 -0.006590 0.576745
v -0.030461 -0.020922 0.575197
v -0.026996 -0.020393 0.576448
v -0.023349 -0.019947 0.577539
v -0.006590 -0.031087 0.576745
v -0.006022 -0.026872 0.578438
v -0.005475 -0.022559 0.579904
v -0.019947 -0.023349 0.577539
v -0.020393 -0.026996 0.576448
v -0.020922 -0.030461 0.575197
v 0.010657 -0.053181 0.561631
v 0.013937 -0.060126 0.552007
v 0.021994 -0.074371 0.530366
v 0.050730 -0.099987 0.489533
v 0.059281 -0.098603 0.489706
v 0.065033 -0.096919 0.490034
v 0.044856 -0.068767 0.531844
v 0.032386 -0.054812 0.553459
v 0.027189 -0.048192 0.562788
v 0.021923 -0.046473 0.565888
v 0.018130 -0.047739 0.565682
v 0.014060 -0.048790 0.565480
v 0.073292 -0.092658 0.490721
v 0.077097 -0.090085 0.490946
v 0.080712 -0.087229 0.491082
v 0.058778 -0.058778 0.532618
v 0.045614 -0.045614 0.554148
v 0.039801 -0.039801 0.563285
v 0.034921 -0.039771 0.566280
v 0.032025 -0.041740 0.566249
v 0.028866 -0.043477 0.566181
v 0.007786 -0.039081 0.572708
v 0.008408 -0.042799 0.570396
v 0.009036 -0.046304 0.567923
v 0.024389 -0.042403 0.568231
v 0.023344 -0.039664 0.570253
v 0.022395 -0.036785 0.572103
v 0.018149 -0.034202 0.574128
v 0.014546 -0.034606 0.574432
v 0.010860 -0.034931 0.574666
v 0.035817 -0.035817 0.568118
v 0.034184 -0.034184 0.569726
v 0.032690 -0.032690 0.571057
v 0.029976 -0.032049 0.572339
v 0.027585 -0.032622 0.572837
v 0.024751 -0.033193 0.573320
v 0.096919 -0.065033 0.490034
v 0.098603 -0.059281 0.489706
v 0.099987 -0.050730 0.489533
v 0.074371 -0.021994 0.530366
v 0.060126 -0.013937 0.552007
v 0.053181 -0.010657 0.561631
v 0.048790 -0.014060 0.565480
v 0.047739 -0.018130 0.565682
v 0.046473 -0.021923 0.565888
v 0.048192 -0.027189 0.562788
v 0.054812 -0.032386 0.553459
v 0.068767 -0.044856 0.531844
v 0.046304 -0.009036 0.567923
v 0.042799 -0.008408 0.570396
v 0.039081 -0.007786 0.572708
v 0.034931 -0.010860 0.574666
v 0.034606 -0.014546 0.574432
v 0.034202 -0.018149 0.574128
v 0.036785 -0.022395 0.572103
v 0.039664 -0.023344 0.570253
v 0.042403 -0.024389 0.568231
v 0.087229 -0.080712 0.491082
v 0.090085 -0.077097 0.490946
v 0.092658 -0.073292 0.490721
v 0.043477 -0.028866 0.566181
v 0.041740 -0.032024 0.566249
v 0.039771 -0.034921 0.566280
v 0.033193 -0.024751 0.573320
v 0.032622 -0.027585 0.572837
v 0.032049 -0.029976 0.572339
v 0.013834 -0.004445 0.582135
v 0.009724 -0.003986 0.582911
v 0.006125 -0.003597 0.583485
v 0.003597 -0.006125 0.583485
v 0.003986 -0.009724 0.582911
v 0.004445 -0.013834 0.582135
v 0.008129 -0.018439 0.580699
v 0.011751 -0.018766 0.580100
v 0.015620 -0.019143 0.579361
v 0.019143 -0.015620 0.579361
v 0.018766 -0.011751 0.580100
v 0.018439 -0.008129 0.580699
v 0.005475 -0.022559 0.579904
v 0.006022 -0.026872 0.578438
v 0.006590 -0.031087 0.576745
v 0.020922 -0.030461 0.575197
v 0.020393 -0.026996 0.576448
v 0.019947 -0.023349 0.577539
v 0.031087 -0.006590 0.576745
v 0.026872 -0.006022 0.578438
v 0.022559 -0.005475 0.579904
v 0.023349 -0.019947 0.577539
v 0.026996 -0.020393 0.576448
v 0.030461 -0.020922 0.575197
v 0.053181 0.010657 0.561631
v 0.060126 0.013937 0.552007
v 0.074371 0.021994 0.530366
v 0.099987 0.050730 0.489533
v 0.098603 0.059281 0.489706
v 0.096919 0.065033 0.490034
v 0.068767 0.044856 0.531844
v 0.054812 0.032386 0.553459
v 0.048192 0.027189 0.562788
v 0.046473 0.021923 0.565888
v 0.047739 0.018130 0.565682
v 0.048790 0.014060 0.565480
v 0.092658 0.073292 0.490721
v 0.090085 0.077097 0.490946
v 0.087229 0.080712 0.491082
v 0.058778 0.058778 0.532618
v 0.045614 0.045614 0.554148
v 0.039801 0.039801 0.563285
v 0.039771 0.034921 0.566280
v 0.041740 0.032025 0.566249
v 0.043477 0.028866 0.566181
v 0.039081 0.007786 0.572708
v 0.042799 0.008408 0.570396
v 0.046304 0.009036 0.567923
v 0.042403 0.024389 0.568231
v 0.039664 0.023344 0.570253
v 0.036785 0.022395 0.572103
v 0.034202 0.018149 0.574128
v 0.034606 0.014546 0.574432
v 0.034931 0.010860 0.574666
v 0.035817 0.035817 0.568118
v 0.034184 0.034184 0.569726
v 0.032690 0.032690 0.571057
v 0.032049 0.029976 0.572339
v 0.032622 0.027585 0.572837
v 0.033193 0.024751 0.573320
v 0.065033 0.096919 0.490034
v 0.059281 0.098603 0.489706
v 0.050730 0.099987 0.489533
v 0.021994 0.074371 0.530366
v 0.013937 0.060126 0.552007
v 0.010657 0.053181 0.561631
v 0.014060 0.048790 0.565480
v 0.018130 0.047739 0.565682
v 0.021923 0.046473 0.565888
v 0.027189 0.048192 0.562788
v 0.032386 0.054812 0.553459
v 0.044856 0.068767 0.531844
v 0.009036 0.046304 0.567923
v 0.008408 0.042799 0.570396
v 0.007786 0.039081 0.572708
v 0.010860 0.034931 0.574666
v 0.014546 0.034606 0.574432
v 0.018149 0.034202 0.574128
v 0.022395 0.036785 0.572103
v 0.023344 0.039664 0.570253
v 0.024389 0.042403 0.568231
v 0.080712 0.087229 0.491082
v 0.077097 0.090085 0.490946
v 0.073292 0.092658 0.490721
v 0.028866 0.043477 0.566181
v 0.032024 0.041740 0.566249
v 0.034921 0.039771 0.566280
v 0.024751 0.033193 0.573320
v 0.027585 0.032622 0.572837
v 0.029976 0.032049 0.572339
v 0.004445 0.013834 0.582135
v 0.003986 0.009724 0.582911
v 0.003597 0.006125 0.583485
v 0.006125 0.003597 0.583485
v 0.009724 0.003986 0.582911
v 0.013834 0.004445 0.582135
v 0.018439 0.008129 0.580699
v 0.018766 0.011751 0.580100
v 0.019143 0.015620 0.579361
v 0.015620 0.019143 0.579361
v 0.011751 0.018766 0.580100
v 0.008129 0.018439 0.580699
v 0.022559 0.005475 0.579904
v 0.026872 0.006022 0.578438
v 0.031087 0.006590 0.576745
v 0.030461 0.020922 0.575197
v 0.026996 0.020393 0.576448
v 0.023349 0.019947 0.577539
v 0.006590 0.031087 0.576745
v 0.006022 0.026872 0.578438
v 0.005475 0.022559 0.579904
v 0.019947 0.023349 0.577539
v 0.020393 0.026996 0.576448
v 0.020922 0.030461 0.575197
v -0.096919 0.065033 0.490034
v -0.098603 0.059281 0.489706
v -0.099987 0.050730 0.489533
v -0.074371 0.021994 0.530366
v -0.060126 0.013937 0.552007
v -0.053181 0.010657 0.561631
v -0.048790 0.014060 0.565480
v -0.047739 0.018130 0.565682
v -0.046473 0.021923 0.565888
v -0.048192 0.027189 0.562788
v -0.054812 0.032386 0.553459
v -0.068767 0.044856 0.531844
v -0.046304 0.009036 0.567923
v -0.042799 0.008408 0.570396
v -0.039081 0.007786 0.572708
v -0.034931 0.010860 0.574666
v -0.034606 0.014546 0.574432
v -0.034202 0.018149 0.574128
v -0.036785 0.022395 0.572103
v -0.039664 0.023344 0.570253
v -0.042403 0.024389 0.568231
v -0.087229 0.080712 0.491082
v -0.090085 0.077097 0.490946
v -0.092658 0.073292 0.490721
v -0.043477 0.028866 0.566181
v -0.041740 0.032024 0.566249
v -0.039771 0.034921 0.566280
v -0.039801 0.039801 0.563285
v -0.045614 0.045614 0.554148
v -0.058778 0.058778 0.532618
v -0.033193 0.024751 0.573320
v -0.032622 0.027585 0.572837
v -0.032049 0.029976 0.572339
v -0.032690 0.032690 0.571057
v -0.034184 0.034184 0.569726
v -0.035817 0.035817 0.568118
v -0.013834 0.004445 0.582135
v -0.009724 0.003986 0.582911
v -0.006125 0.003597 0.583485
v -0.003597 0.006125 0.583485
v -0.003986 0.009724 0.582911
v -0.004445 0.013834 0.582135
v -0.008129 0.018439 0.580699
v -0.011751 0.018766 0.580100
v -0.015620 0.019143 0.579361
v -0.019143 0.015620 0.579361
v -0.018766 0.011751 0.580100
v -0.018439 0.008129 0.580699
v -0.005475 0.022559 0.579904
v -0.006022 0.026872 0.578438
v -0.006590 0.031087 0.576745
v -0.010860 0.034931 0.574666
v -0.014546 0.034606 0.574432
v -0.018149 0.034202 0.574128
v -0.020922 0.030461 0.575197
v -0.020393 0.026996 0.576448
v -0.019947 0.023349 0.577539
v -0.031087 0.006590 0.576745
v -0.026872 0.006022 0.578438
v -0.022559 0.005475 0.579904
v -0.023349 0.019947 0.577539
v -0.026996 0.020393 0.576448
v -0.030461 0.020922 0.575197
v -0.024751 0.033193 0.573320
v -0.027585 0.032622 0.572837
v -0.029976 0.032049 0.572339
v -0.010657 0.053181 0.561631
v -0.013937 0.060126 0.552007
v -0.021994 0.074371 0.530366
v -0.050730 0.099987 0.489533
v -0.059281 0.098603 0.489706
v -0.065033 0.096919 0.490034
v -0.044856 0.068767 0.531844
v -0.032386 0.054812 0.553459
v -0.027189 0.048192 0.562788
v -0.021923 0.046473 0.565888
v -0.018130 0.047739 0.565682
v -0.014060 0.048790 0.565480
v -0.073292 0.092658 0.490721
v -0.077097 0.090085 0.490946
v -0.080712 0.087229 0.491082
v -0.034921 0.039771 0.566280
v -0.032025 0.041740 0.566249
v -0.028866 0.043477 0.566181
v -0.007786 0.039081 0.572708
v -0.008408 0.042799 0.570396
v -0.009036 0.046304 0.567923
v -0.024389 0.042403 0.568231
v -0.023344 0.039664 0.570253
v -0.022395 0.036785 0.572103
v -0.276322 -0.082703 0.119490
v -0.280632 -0.000000 0.118707
v -0.276322 0.082703 0.119490
v -0.295199 0.092573 0.020614
v -0.298778 -0.000000 0.018876
v -0.295199 -0.092573 0.020614
v -0.290465 0.094627 0.007668
v -0.294048 -0.000000 0.005670
v -0.290465 -0.094627 0.007668
v -0.280583 0.096699 -0.001919
v -0.284261 -0.000000 -0.004238
v -0.280583 -0.096699 -0.001919
v -0.194229 0.105707 -0.020410
v -0.199343 -0.000000 -0.025492
v -0.194229 -0.105707 -0.020410
v -0.082703 0.276322 0.119490
v -0.000000 0.280632 0.118707
v 0.082703 0.276322 0.119490
v 0.092573 0.295199 0.020614
v -0.000000 0.298778 0.018876
v -0.092573 0.295199 0.020614
v 0.094627 0.290465 0.007668
v -0.000000 0.294048 0.005670
v -0.094627 0.290465 0.007668
v 0.096699 0.280583 -0.001919
v -0.000000 0.284261 -0.004238
v -0.096699 0.280583 -0.001919
v 0.105707 0.194229 -0.020410
v -0.000000 0.199343 -0.025492
v -0.105707 0.194229 -0.020410
v 0.276322 0.082703 0.119490
v 0.280632 0.000000 0.118707
v 0.276322 -0.082703 0.119490
v 0.295199 -0.092573 0.020614
v 0.298778 0.000000 0.018876
v 0.295199 0.092573 0.020614
v 0.290465 -0.094627 0.007668
v 0.294048 0.000000 0.005670
v 0.290465 0.094627 0.007668
v 0.280583 -0.096699 -0.001919
v 0.284261 0.000000 -0.004238
v 0.280583 0.096699 -0.001919
v 0.194229 -0.105707 -0.020410
v 0.199343 0.000000 -0.025492
v 0.194229 0.105707 -0.020410
v 0.082703 -0.276322 0.119490
v 0.000000 -0.280632 0.118707
v -0.082703 -0.276322 0.119490
v -0.092573 -0.295199 0.020614
v 0.000000 -0.298778 0.018876
v 0.092573 -0.295199 0.020614
v -0.094627 -0.290465 0.007668
v 0.000000 -0.294048 0.005670
v 0.094627 -0.290465 0.007668
v -0.096699 -0.280583 -0.001919
v -0.000000 -0.284261 -0.004238
v 0.096699 -0.280583 -0.001919
v -0.105707 -0.194229 -0.020410
v 0.000000 -0.199343 -0.025492
v 0.105707 -0.194229 -0.020410
v -0.101745 0.020410 0.489737
v -0.101987 -0.000000 0.489827
v -0.101745 -0.020410 0.489737
v -0.050051 -0.004926 0.565216
v -0.050210 0.000000 0.565183
v -0.050051 0.004926 0.565216
v -0.035312 -0.003566 0.574931
v -0.035360 0.000000 0.574964
v -0.035312 0.003566 0.574931
v -0.018034 -0.002315 0.581401
v -0.017983 0.000000 0.581488
v -0.018034 0.002315 0.581401
v -0.003123 -0.001391 0.584111
v -0.003064 -0.000000 0.584188
v -0.003123 0.001391 0.584111
v -0.020410 -0.101745 0.489737
v 0.000000 -0.101987 0.489827
v 0.020410 -0.101745 0.489737
v 0.004926 -0.050051 0.565216
v -0.000000 -0.050210 0.565183
v -0.004926 -0.050051 0.565216
v 0.003566 -0.035312 0.574931
v -0.000000 -0.035360 0.574964
v -0.003566 -0.035312 0.574931
v 0.002315 -0.018034 0.581401
v -0.000000 -0.017983 0.581488
v -0.002315 -0.018034 0.581401
v 0.001391 -0.003123 0.584111
v 0.000000 -0.003064 0.584188
v -0.001391 -0.003123 0.584111
v 0.101745 -0.020410 0.489737
v 0.101987 0.000000 0.489827
v 0.101745 0.020410 0.489737
v 0.050051 0.004926 0.565216
v 0.050210 -0.000000 0.565183
v 0.050051 -0.004926 0.565216
v 0.035312 0.003566 0.574931
v 0.035360 -0.000000 0.574964
v 0.035312 -0.003566 0.574931
v 0.018034 0.002315 0.581401
v 0.017983 -0.000000 0.581488
v 0.018034 -0.002315 0.581401
v 0.003123 0.001391 0.584111
v 0.003064 0.000000 0.584188
v 0.003123 -0.001391 0.584111
v 0.020410 0.101745 0.489737
v -0.000000 0.101987 0.489827
v -0.020410 0.101745 0.489737
v -0.004926 0.050051 0.565216
v 0.000000 0.050210 0.565183
v 0.004926 0.050051 0.565216
v -0.003566 0.035312 0.574931
v 0.000000 0.035360 0.574964
v 0.003566 0.035312 0.574931
v -0.002315 0.018034 0.581401
v 0.000000 0.017983 0.581488
v 0.002315 0.018034 0.581401
v -0.001391 0.003123 0.584111
v -0.000000 0.003064 0.584188
v 0.001391 0.003123 0.584111
v -0.145612 -0.065377 0.421296
v -0.201241 -0.100558 0.322942
v -0.244462 -0.130022 0.210227
v -0.227406 -0.199738 0.209461
v -0.188420 -0.159785 0.319416
v -0.137738 -0.110205 0.419987
v -0.215285 -0.215285 0.209912
v -0.175911 -0.175911 0.319802
v -0.125918 -0.125918 0.420503
v -0.199738 -0.227406 0.209461
v -0.159785 -0.188420 0.319416
v -0.110205 -0.137738 0.419987
v -0.130022 -0.244462 0.210227
v -0.100558 -0.201241 0.322942
v -0.065377 -0.145612 0.421296
v 0.244462 -0.130022 0.210227
v 0.201241 -0.100558 0.322942
v 0.145612 -0.065377 0.421296
v 0.137738 -0.110205 0.419987
v 0.188420 -0.159785 0.319416
v 0.227407 -0.199738 0.209461
v 0.125918 -0.125918 0.420503
v 0.175911 -0.175911 0.319802
v 0.215285 -0.215285 0.209912
v 0.110205 -0.137738 0.419987
v 0.159785 -0.188420 0.319416
v 0.199738 -0.227406 0.209461
v 0.065377 -0.145612 0.421296
v 0.100558 -0.201241 0.322942
v 0.130022 -0.244462 0.210227
v 0.130022 0.244462 0.210227
v 0.100558 0.201241 0.322942
v 0.065377 0.145612 0.421296
v 0.110205 0.137738 0.419987
v 0.159785 0.188420 0.319416
v 0.199738 0.227407 0.209461
v 0.125918 0.125918 0.420503
v 0.175911 0.175911 0.319802
v 0.215285 0.215285 0.209912
v 0.137738 0.110205 0.419987
v 0.188420 0.159785 0.319416
v 0.227406 0.199738 0.209461
v 0.145612 0.065377 0.421296
v 0.201241 0.100558 0.322942
v 0.244462 0.130022 0.210227
v -0.244462 0.130022 0.210227
v -0.201241 0.100558 0.322942
v -0.145612 0.065377 0.421296
v -0.137738 0.110205 0.419987
v -0.188420 0.159785 0.319416
v -0.227407 0.199738 0.209461
v -0.125918 0.125918 0.420503
v -0.175911 0.175911 0.319802
v -0.215285 0.215285 0.209912
v -0.110205 0.137738 0.419987
v -0.159785 0.188420 0.319416
v -0.199738 0.227406 0.209461
v -0.065377 0.145612 0.421296
v -0.100558 0.201241 0.322942
v -0.130022 0.244462 0.210227
v -0.273296 -0.200564 0.070371
v -0.279601 -0.207436 0.043335
v -0.281847 -0.210668 0.031398
v -0.269049 -0.223942 0.071595
v -0.275541 -0.231669 0.044726
v -0.277869 -0.235284 0.032871
v -0.266322 -0.234932 0.072164
v -0.272929 -0.242935 0.045344
v -0.275318 -0.246652 0.033528
v -0.281287 -0.213194 0.023554
v -0.280327 -0.214267 0.020489
v -0.279022 -0.215324 0.017617
v -0.277388 -0.238005 0.025198
v -0.276484 -0.239123 0.022256
v -0.275245 -0.240219 0.019523
v -0.274945 -0.249330 0.026007
v -0.274119 -0.250392 0.023183
v -0.272969 -0.251431 0.020585
v -0.261965 -0.243591 0.072560
v -0.268786 -0.251416 0.045737
v -0.271343 -0.254939 0.033979
v -0.259460 -0.247165 0.072692
v -0.266421 -0.254826 0.045880
v -0.269105 -0.258188 0.034158
v -0.256711 -0.250550 0.072781
v -0.263832 -0.258030 0.045981
v -0.266666 -0.261213 0.034288
v -0.271358 -0.257117 0.026767
v -0.270778 -0.257895 0.024183
v -0.269886 -0.258672 0.021868
v -0.269412 -0.260009 0.027094
v -0.269014 -0.260587 0.024631
v -0.268320 -0.261163 0.022475
v -0.267317 -0.262642 0.027336
v -0.267142 -0.262980 0.024978
v -0.266724 -0.263275 0.022992
v -0.226773 -0.226773 -0.000114
v -0.223272 -0.252002 0.002979
v -0.221462 -0.263243 0.004966
v -0.252002 -0.223272 0.002979
v -0.248539 -0.248539 0.005747
v -0.246702 -0.259802 0.007587
v -0.263243 -0.221462 0.004966
v -0.259802 -0.246702 0.007587
v -0.257950 -0.257950 0.009346
v -0.219475 -0.270481 0.008292
v -0.218468 -0.273098 0.010278
v -0.217429 -0.275400 0.012500
v -0.244601 -0.266984 0.010733
v -0.243527 -0.269541 0.012601
v -0.242422 -0.271772 0.014692
v -0.255792 -0.265051 0.012331
v -0.254694 -0.267536 0.014082
v -0.253581 -0.269682 0.016039
v -0.270481 -0.219475 0.008292
v -0.266984 -0.244601 0.010733
v -0.265051 -0.255792 0.012331
v -0.273098 -0.218468 0.010278
v -0.269541 -0.243527 0.012601
v -0.267536 -0.254694 0.014082
v -0.275400 -0.217429 0.012500
v -0.271772 -0.242422 0.014692
v -0.269682 -0.253581 0.016039
v -0.262742 -0.262742 0.014880
v -0.261611 -0.265091 0.016335
v -0.260520 -0.267060 0.017967
v -0.265091 -0.261611 0.016335
v -0.263912 -0.263912 0.017594
v -0.262807 -0.265800 0.019000
v -0.267060 -0.260520 0.017967
v -0.265800 -0.262807 0.019000
v -0.264635 -0.264635 0.020111
v -0.200564 -0.273296 0.070371
v -0.223942 -0.269049 0.071595
v -0.234932 -0.266322 0.072164
v -0.207436 -0.279601 0.043335
v -0.231669 -0.275541 0.044726
v -0.242935 -0.272929 0.045344
v -0.210668 -0.281847 0.031398
v -0.235284 -0.277869 0.032871
v -0.246652 -0.275318 0.033528
v -0.243591 -0.261965 0.072560
v -0.247165 -0.259461 0.072692
v -0.250550 -0.256711 0.072781
v -0.251416 -0.268786 0.045737
v -0.254826 -0.266421 0.045880
v -0.258030 -0.263832 0.045981
v -0.254939 -0.271343 0.033979
v -0.258188 -0.269105 0.034158
v -0.261213 -0.266666 0.034288
v -0.213194 -0.281287 0.023554
v -0.238005 -0.277388 0.025198
v -0.249330 -0.274945 0.026007
v -0.214267 -0.280327 0.020489
v -0.239123 -0.276484 0.022256
v -0.250392 -0.274119 0.023183
v -0.215324 -0.279022 0.017617
v -0.240219 -0.275245 0.019523
v -0.251431 -0.272969 0.020585
v -0.257117 -0.271358 0.026767
v -0.260009 -0.269412 0.027094
v -0.262642 -0.267317 0.027336
v -0.257895 -0.270778 0.024183
v -0.260587 -0.269014 0.024631
v -0.262980 -0.267142 0.024978
v -0.258672 -0.269886 0.021868
v -0.261163 -0.268320 0.022475
v -0.263275 -0.266724 0.022992
v 0.273296 -0.200564 0.070371
v 0.269049 -0.223942 0.071595
v 0.266322 -0.234932 0.072164
v 0.279601 -0.207436 0.043335
v 0.275541 -0.231669 0.044726
v 0.272929 -0.242935 0.045344
v 0.281847 -0.210668 0.031398
v 0.277869 -0.235284 0.032871
v 0.275318 -0.246652 0.033528
v 0.261965 -0.243591 0.072560
v 0.259461 -0.247165 0.072692
v 0.256711 -0.250550 0.072781
v 0.268786 -0.251416 0.045737
v 0.266421 -0.254826 0.045880
v 0.263832 -0.258030 0.045981
v 0.271343 -0.254939 0.033979
v 0.269105 -0.258188 0.034158
v 0.266666 -0.261213 0.034288
v 0.281287 -0.213194 0.023554
v 0.277388 -0.238005 0.025198
v 0.274945 -0.249330 0.026007
v 0.280327 -0.214267 0.020489
v 0.276484 -0.239123 0.022256
v 0.274119 -0.250392 0.023183
v 0.279022 -0.215324 0.017617
v 0.275245 -0.240219 0.019523
v 0.272969 -0.251431 0.020585
v 0.271358 -0.257117 0.026767
v 0.269412 -0.260009 0.027094
v 0.267317 -0.262642 0.027336
v 0.270778 -0.257895 0.024183
v 0.269014 -0.260587 0.024631
v 0.267142 -0.262980 0.024978
v 0.269886 -0.258672 0.021868
v 0.268320 -0.261163 0.022475
v 0.266724 -0.263274 0.022992
v 0.200564 -0.273296 0.070371
v 0.207436 -0.279601 0.043335
v 0.210668 -0.281847 0.031398
v 0.223942 -0.269049 0.071595
v 0.231669 -0.275541 0.044726
v 0.235284 -0.277869 0.032871
v 0.234932 -0.266322 0.072164
v 0.242935 -0.272929 0.045344
v 0.246652 -0.275318 0.033528
v 0.213194 -0.281287 0.023554
v 0.214267 -0.280327 0.020489
v 0.215324 -0.279022 0.017617
v 0.238005 -0.277388 0.025198
v 0.239123 -0.276484 0.022256
v 0.240219 -0.275245 0.019523
v 0.249330 -0.274945 0.026007
v 0.250392 -0.274119 0.023183
v 0.251431 -0.272969 0.020585
v 0.243591 -0.261965 0.072560
v 0.251416 -0.268786 0.045737
v 0.254939 -0.271343 0.033979
v 0.247165 -0.259460 0.072692
v 0.254826 -0.266421 0.045880
v 0.258188 -0.269105 0.034158
v 0.250550 -0.256711 0.072781
v 0.258030 -0.263832 0.045981
v 0.261213 -0.266666 0.034288
v 0.257117 -0.271358 0.026767
v 0.257895 -0.270778 0.024183
v 0.258672 -0.269886 0.021868
v 0.260009 -0.269412 0.027094
v 0.260587 -0.269014 0.024631
v 0.261163 -0.268320 0.022475
v 0.262642 -0.267317 0.027336
v 0.262980 -0.267142 0.024978
v 0.263275 -0.266724 0.022992
v 0.226773 -0.226773 -0.000114
v 0.252002 -0.223272 0.002979
v 0.263243 -0.221462 0.004966
v 0.223272 -0.252002 0.002979
v 0.248539 -0.248539 0.005747
v 0.259802 -0.246702 0.007587
v 0.221462 -0.263243 0.004966
v 0.246702 -0.259802 0.007587
v 0.257950 -0.257950 0.009346
v 0.270481 -0.219475 0.008292
v 0.273098 -0.218468 0.010278
v 0.275400 -0.217429 0.012500
v 0.266984 -0.244601 0.010733
v 0.269541 -0.243526 0.012601
v 0.271772 -0.242422 0.014692
v 0.265051 -0.255792 0.012331
v 0.267536 -0.254694 0.014082
v 0.269682 -0.253581 0.016039
v 0.219475 -0.270481 0.008292
v 0.244601 -0.266984 0.010733
v 0.255792 -0.265051 0.012331
v 0.218468 -0.273098 0.010278
v 0.243527 -0.269541 0.012601
v 0.254694 -0.267536 0.014082
v 0.217429 -0.275400 0.012500
v 0.242422 -0.271772 0.014692
v 0.253581 -0.269682 0.016039
v 0.262742 -0.262742 0.014880
v 0.265091 -0.261611 0.016335
v 0.267060 -0.260520 0.017967
v 0.261611 -0.265091 0.016335
v 0.263912 -0.263912 0.017594
v 0.265800 -0.262807 0.019000
v 0.260520 -0.267059 0.017967
v 0.262807 -0.265800 0.019000
v 0.264635 -0.264635 0.020111
v 0.200564 0.273296 0.070371
v 0.223942 0.269049 0.071595
v 0.234932 0.266322 0.072164
v 0.207436 0.279601 0.043335
v 0.231669 0.275541 0.044726
v 0.242935 0.272929 0.045344
v 0.210668 0.281847 0.031398
v 0.235284 0.277869 0.032871
v 0.246652 0.275318 0.033528
v 0.243591 0.261965 0.072560
v 0.247165 0.259461 0.072692
v 0.250550 0.256711 0.072781
v 0.251416 0.268786 0.045737
v 0.254826 0.266421 0.045880
v 0.258030 0.263832 0.045981
v 0.254939 0.271343 0.033979
v 0.258188 0.269105 0.034158
v 0.261213 0.266666 0.034288
v 0.213194 0.281287 0.023554
v 0.238005 0.277388 0.025198
v 0.249330 0.274945 0.026007
v 0.214267 0.280327 0.020489
v 0.239123 0.276484 0.022256
v 0.250392 0.274119 0.023183
v 0.215324 0.279022 0.017617
v 0.240219 0.275245 0.019523
v 0.251431 0.272969 0.020585
v 0.257117 0.271358 0.026767
v 0.260009 0.269412 0.027094
v 0.262642 0.267317 0.027336
v 0.257895 0.270778 0.024183
v 0.260587 0.269014 0.024631
v 0.262980 0.267142 0.024978
v 0.258672 0.269886 0.021868
v 0.261163 0.268320 0.022475
v 0.263274 0.266724 0.022992
v 0.273296 0.200564 0.070371
v 0.279601 0.207436 0.043335
v 0.281847 0.210668 0.031398
v 0.269049 0.223942 0.071595
v 0.275541 0.231669 0.044726
v 0.277869 0.235284 0.032871
v 0.266322 0.234932 0.072164
v 0.272929 0.242935 0.045344
v 0.275318 0.246652 0.033528
v 0.281287 0.213194 0.023554
v 0.280327 0.214267 0.020489
v 0.279022 0.215324 0.017617
v 0.277388 0.238005 0.025198
v 0.276484 0.239123 0.022256
v 0.275245 0.240219 0.019523
v 0.274945 0.249330 0.026007
v 0.274119 0.250392 0.023183
v 0.272969 0.251431 0.020585
v 0.261965 0.243591 0.072560
v 0.268786 0.251416 0.045737
v 0.271343 0.254939 0.033979
v 0.259460 0.247165 0.072692
v 0.266421 0.254826 0.045880
v 0.269105 0.258188 0.034158
v 0.256711 0.250550 0.072781
v 0.263832 0.258030 0.045981
v 0.266666 0.261213 0.034288
v 0.271358 0.257117 0.026767
v 0.270778 0.257895 0.024183
v 0.269886 0.258672 0.021868
v 0.269412 0.260009 0.027094
v 0.269014 0.260587 0.024631
v 0.268320 0.261163 0.022475
v 0.267317 0.262642 0.027336
v 0.267142 0.262980 0.024978
v 0.266724 0.263275 0.022992
v 0.226773 0.226773 -0.000114
v 0.223272 0.252002 0.002979
v 0.221462 0.263243 0.004966
v 0.252002 0.223272 0.002979
v 0.248539 0.248539 0.005747
v 0.246702 0.259802 0.007587
v 0.263243 0.221462 0.004966
v 0.259802 0.246702 0.007587
v 0.257950 0.257950 0.009346
v 0.219475 0.270481 0.008292
v 0.218468 0.273098 0.010278
v 0.217429 0.275400 0.012500
v 0.244601 0.266984 0.010733
v 0.243526 0.269541 0.012601
v 0.242422 0.271772 0.014692
v 0.255792 0.265051 0.012331
v 0.254694 0.267536 0.014082
v 0.253581 0.269682 0.016039
v 0.270481 0.219475 0.008292
v 0.266984 0.244601 0.010733
v 0.265051 0.255792 0.012331
v 0.273098 0.218468 0.010278
v 0.269541 0.243527 0.012601
v 0.267536 0.254694 0.014082
v 0.275400 0.217429 0.012500
v 0.271772 0.242422 0.014692
v 0.269682 0.253581 0.016039
v 0.262742 0.262742 0.014880
v 0.261611 0.265091 0.016335
v 0.260520 0.267060 0.017967
v 0.265091 0.261611 0.016335
v 0.263912 0.263912 0.017594
v 0.262807 0.265800 0.019000
v 0.267059 0.260520 0.017967
v 0.265800 0.262807 0.019000
v 0.264635 0.264635 0.020111
v -0.273296 0.200564 0.070371
v -0.269049 0.223942 0.071595
v -0.266322 0.234932 0.072164
v -0.279601 0.207436 0.043335
v -0.275541 0.231669 0.044726
v -0.272929 0.242935 0.045344
v -0.281847 0.210668 0.031398
v -0.277869 0.235284 0.032871
v -0.275318 0.246652 0.033528
v -0.261965 0.243591 0.072560
v -0.259461 0.247165 0.072692
v -0.256711 0.250550 0.072781
v -0.268786 0.251416 0.045737
v -0.266421 0.254826 0.045880
v -0.263832 0.258030 0.045981
v -0.271343 0.254939 0.033979
v -0.269105 0.258188 0.034158
v -0.266666 0.261213 0.034288
v -0.281287 0.213194 0.023554
v -0.277388 0.238005 0.025198
v -0.274945 0.249330 0.026007
v -0.280327 0.214267 0.020489
v -0.276484 0.239123 0.022256
v -0.274119 0.250392 0.023183
v -0.279022 0.215324 0.017617
v -0.275245 0.240219 0.019523
v -0.272969 0.251431 0.020585
v -0.271358 0.257117 0.026767
v -0.269412 0.260009 0.027094
v -0.267317 0.262642 0.027336
v -0.270778 0.257895 0.024183
v -0.269014 0.260587 0.024631
v -0.267142 0.262980 0.024978
v -0.269886 0.258672 0.021868
v -0.268320 0.261163 0.022475
v -0.266724 0.263274 0.022992
v -0.200564 0.273296 0.070371
v -0.207436 0.279601 0.043335
v -0.210668 0.281847 0.031398
v -0.223942 0.269049 0.071595
v -0.231669 0.275541 0.044726
v -0.235284 0.277869 0.032871
v -0.234932 0.266322 0.072164
v -0.242935 0.272929 0.045344
v -0.246652 0.275318 0.033528
v -0.213194 0.281287 0.023554
v -0.214267 0.280327 0.020489
v -0.215324 0.279022 0.017617
v -0.238005 0.277388 0.025198
v -0.239123 0.276484 0.022256
v -0.240219 0.275245 0.019523
v -0.249330 0.274945 0.026007
v -0.250392 0.274119 0.023183
v -0.251431 0.272969 0.020585
v -0.243591 0.261965 0.072560
v -0.251416 0.268786 0.045737
v -0.254939 0.271343 0.033979
v -0.247165 0.259460 0.072692
v -0.254826 0.266421 0.045880
v -0.258188 0.269105 0.034158
v -0.250550 0.256711 0.072781
v -0.258030 0.263832 0.045981
v -0.261213 0.266666 0.034288
v -0.257117 0.271358 0.026767
v -0.257895 0.270778 0.024183
v -0.258672 0.269886 0.021868
v -0.260009 0.269412 0.027094
v -0.260587 0.269014 0.024631
v -0.261163 0.268320 0.022475
v -0.262642 0.267317 0.027336
v -0.262980 0.267142 0.024978
v -0.263275 0.266724 0.022992
v -0.226773 0.226773 -0.000114
v -0.252002 0.223272 0.002979
v -0.263243 0.221462 0.004966
v -0.223272 0.252002 0.002979
v -0.248539 0.248539 0.005747
v -0.259802 0.246702 0.007587
v -0.221462 0.263243 0.004966
v -0.246702 0.259802 0.007587
v -0.257950 0.257950 0.009346
v -0.270481 0.219475 0.008292
v -0.273098 0.218468 0.010278
v -0.275400 0.217429 0.012500
v -0.266984 0.244601 0.010733
v -0.269541 0.243526 0.012601
v -0.271772 0.242422 0.014692
v -0.265051 0.255792 0.012331
v -0.267536 0.254694 0.014082
v -0.269682 0.253581 0.016039
v -0.219475 0.270481 0.008292
v -0.244601 0.266984 0.010733
v -0.255792 0.265051 0.012331
v -0.218468 0.273098 0.010278
v -0.243527 0.269541 0.012601
v -0.254694 0.267536 0.014082
v -0.217429 0.275400 0.012500
v -0.242422 0.271772 0.014692
v -0.253581 0.269682 0.016039
v -0.262742 0.262742 0.014880
v -0.265091 0.261611 0.016335
v -0.267060 0.260520 0.017967
v -0.261611 0.265091 0.016335
v -0.263912 0.263912 0.017594
v -0.265800 0.262807 0.019000
v -0.260520 0.267059 0.017967
v -0.262807 0.265800 0.019000
v -0.264635 0.264635 0.020111
v -0.073439 -0.030057 0.530625
v -0.072176 -0.036141 0.530997
v -0.070610 -0.040868 0.531427
v -0.059234 -0.019624 0.552299
v -0.058025 -0.024428 0.552675
v -0.056539 -0.028598 0.553080
v -0.052329 -0.015364 0.561873
v -0.051182 -0.019622 0.562177
v -0.049787 -0.023530 0.562496
v -0.066664 -0.048615 0.532180
v -0.064301 -0.052214 0.532422
v -0.061675 -0.055614 0.532569
v -0.052873 -0.035992 0.553760
v -0.050709 -0.039426 0.553976
v -0.048297 -0.042647 0.554105
v -0.046428 -0.030673 0.563012
v -0.044469 -0.033965 0.563167
v -0.042274 -0.037022 0.563256
v -0.045625 -0.013240 0.568006
v -0.044718 -0.017189 0.568101
v -0.043629 -0.020900 0.568184
v -0.042256 -0.012426 0.570397
v -0.041528 -0.016267 0.570384
v -0.040652 -0.019912 0.570342
v -0.038689 -0.011628 0.572626
v -0.038161 -0.015380 0.572504
v -0.037519 -0.018987 0.572332
v -0.041068 -0.027664 0.568225
v -0.039573 -0.030690 0.568186
v -0.037848 -0.033422 0.568140
v -0.038582 -0.026537 0.570110
v -0.037363 -0.029444 0.569943
v -0.035935 -0.032012 0.569792
v -0.035974 -0.025546 0.571815
v -0.035071 -0.028370 0.571498
v -0.034032 -0.030789 0.571202
v -0.030057 -0.073439 0.530625
v -0.019624 -0.059234 0.552299
v -0.015364 -0.052329 0.561873
v -0.036141 -0.072176 0.530997
v -0.024428 -0.058025 0.552675
v -0.019622 -0.051182 0.562177
v -0.040868 -0.070610 0.531427
v -0.028598 -0.056539 0.553080
v -0.023530 -0.049787 0.562496
v -0.013240 -0.045625 0.568006
v -0.012426 -0.042256 0.570397
v -0.011628 -0.038689 0.572626
v -0.017189 -0.044718 0.568101
v -0.016267 -0.041528 0.570384
v -0.015380 -0.038161 0.572504
v -0.020900 -0.043629 0.568184
v -0.019912 -0.040652 0.570342
v -0.018987 -0.037519 0.572332
v -0.048615 -0.066664 0.532180
v -0.035992 -0.052873 0.553761
v -0.030673 -0.046428 0.563012
v -0.052214 -0.064301 0.532422
v -0.039426 -0.050709 0.553976
v -0.033965 -0.044469 0.563167
v -0.055614 -0.061675 0.532569
v -0.042647 -0.048297 0.554105
v -0.037022 -0.042274 0.563256
v -0.027664 -0.041068 0.568225
v -0.026537 -0.038582 0.570110
v -0.025546 -0.035974 0.571815
v -0.030690 -0.039573 0.568186
v -0.029444 -0.037363 0.569943
v -0.028370 -0.035071 0.571498
v -0.033422 -0.037848 0.568140
v -0.032012 -0.035935 0.569792
v -0.030789 -0.034032 0.571202
v -0.006485 -0.006485 0.583069
v -0.010090 -0.006960 0.582472
v -0.014159 -0.007518 0.581685
v -0.006960 -0.010090 0.582472
v -0.010572 -0.010572 0.581856
v -0.014586 -0.011136 0.581064
v -0.007518 -0.014159 0.581685
v -0.011136 -0.014586 0.581064
v -0.015083 -0.015083 0.580284
v -0.022714 -0.008768 0.579507
v -0.026911 -0.009433 0.578106
v -0.030995 -0.010129 0.576493
v -0.022911 -0.012392 0.578967
v -0.026953 -0.013062 0.577653
v -0.030862 -0.013776 0.576146
v -0.023130 -0.016175 0.578303
v -0.026986 -0.016764 0.577095
v -0.030686 -0.017414 0.575711
v -0.008768 -0.022714 0.579507
v -0.012392 -0.022911 0.578967
v -0.016175 -0.023130 0.578303
v -0.009433 -0.026911 0.578106
v -0.013062 -0.026953 0.577653
v -0.016764 -0.026986 0.577095
v -0.010129 -0.030995 0.576493
v -0.013776 -0.030862 0.576146
v -0.017414 -0.030686 0.575711
v -0.023563 -0.023563 0.576687
v -0.026984 -0.023823 0.575723
v -0.030197 -0.024194 0.574613
v -0.023823 -0.026984 0.575723
v -0.027012 -0.027012 0.574903
v -0.029943 -0.027166 0.573957
v -0.024194 -0.030197 0.574613
v -0.027166 -0.029943 0.573957
v -0.029789 -0.029789 0.573220
v 0.030057 -0.073439 0.530625
v 0.036141 -0.072176 0.530997
v 0.040868 -0.070610 0.531427
v 0.019624 -0.059234 0.552299
v 0.024428 -0.058025 0.552675
v 0.028598 -0.056539 0.553080
v 0.015364 -0.052329 0.561873
v 0.019622 -0.051182 0.562177
v 0.023530 -0.049787 0.562496
v 0.048615 -0.066664 0.532180
v 0.052214 -0.064301 0.532422
v 0.055614 -0.061675 0.532569
v 0.035992 -0.052873 0.553760
v 0.039426 -0.050709 0.553976
v 0.042647 -0.048297 0.554105
v 0.030673 -0.046428 0.563012
v 0.033965 -0.044469 0.563167
v 0.037022 -0.042274 0.563256
v 0.013240 -0.045625 0.568006
v 0.017189 -0.044718 0.568101
v 0.020900 -0.043629 0.568184
v 0.012426 -0.042256 0.570397
v 0.016267 -0.041528 0.570384
v 0.019912 -0.040652 0.570342
v 0.011628 -0.038689 0.572626
v 0.015380 -0.038161 0.572504
v 0.018987 -0.037519 0.572332
v 0.027664 -0.041068 0.568225
v 0.030690 -0.039573 0.568186
v 0.033422 -0.037848 0.568140
v 0.026537 -0.038582 0.570110
v 0.029444 -0.037363 0.569943
v 0.032012 -0.035935 0.569792
v 0.025546 -0.035974 0.571815
v 0.028370 -0.035071 0.571498
v 0.030789 -0.034032 0.571202
v 0.073439 -0.030057 0.530625
v 0.059234 -0.019624 0.552299
v 0.052329 -0.015364 0.561873
v 0.072176 -0.036141 0.530997
v 0.058025 -0.024428 0.552675
v 0.051182 -0.019622 0.562177
v 0.070610 -0.040868 0.531427
v 0.056539 -0.028598 0.553080
v 0.049787 -0.023530 0.562496
v 0.045625 -0.013240 0.568006
v 0.042256 -0.012426 0.570397
v 0.038689 -0.011628 0.572626
v 0.044718 -0.017189 0.568101
v 0.041528 -0.016267 0.570384
v 0.038161 -0.015380 0.572504
v 0.043629 -0.020900 0.568184
v 0.040652 -0.019912 0.570342
v 0.037519 -0.018987 0.572332
v 0.066664 -0.048615 0.532180
v 0.052873 -0.035992 0.553761
v 0.046428 -0.030673 0.563012
v 0.064301 -0.052214 0.532422
v 0.050709 -0.039426 0.553976
v 0.044469 -0.033965 0.563167
v 0.061675 -0.055614 0.532569
v 0.048297 -0.042647 0.554105
v 0.042274 -0.037022 0.563256
v 0.041068 -0.027664 0.568225
v 0.038582 -0.026537 0.570110
v 0.035974 -0.025546 0.571815
v 0.039573 -0.030690 0.568186
v 0.037363 -0.029444 0.569943
v 0.035071 -0.028370 0.571498
v 0.037848 -0.033422 0.568140
v 0.035935 -0.032012 0.569792
v 0.034032 -0.030789 0.571202
v 0.006485 -0.006485 0.583069
v 0.006960 -0.010090 0.582472
v 0.007518 -0.014159 0.581685
v 0.010090 -0.006960 0.582472
v 0.010572 -0.010572 0.581856
v 0.011136 -0.014586 0.581064
v 0.014159 -0.007518 0.581685
v 0.014586 -0.011136 0.581064
v 0.015083 -0.015083 0.580284
v 0.008768 -0.022714 0.579507
v 0.009433 -0.026911 0.578106
v 0.010129 -0.030995 0.576493
v 0.012392 -0.022911 0.578967
v 0.013062 -0.026953 0.577653
v 0.013776 -0.030862 0.576146
v 0.016175 -0.023130 0.578303
v 0.016764 -0.026986 0.577095
v 0.017414 -0.030686 0.575711
v 0.022714 -0.008768 0.579507
v 0.022911 -0.012392 0.578967
v 0.023130 -0.016175 0.578303
v 0.026911 -0.009433 0.578106
v 0.026953 -0.013062 0.577653
v 0.026986 -0.016764 0.577095
v 0.030995 -0.010129 0.576493
v 0.030862 -0.013776 0.576146
v 0.030686 -0.017414 0.575711
v 0.023563 -0.023563 0.576687
v 0.023823 -0.026984 0.575723
v 0.024194 -0.030197 0.574613
v 0.026984 -0.023823 0.575723
v 0.027012 -0.027012 0.574903
v 0.027166 -0.029943 0.573957
v 0.030197 -0.024194 0.574613
v 0.029943 -0.027166 0.573957
v 0.029789 -0.029789 0.573220
v 0.073439 0.030057 0.530625
v 0.072176 0.036141 0.530997
v 0.070610 0.040868 0.531427
v 0.059234 0.019624 0.552299
v 0.058025 0.024428 0.552675
v 0.056539 0.028598 0.553080
v 0.052329 0.015364 0.561873
v 0.051182 0.019622 0.562177
v 0.049787 0.023530 0.562496
v 0.066664 0.048615 0.532180
v 0.064301 0.052214 0.532422
v 0.061675 0.055614 0.532569
v 0.052873 0.035992 0.553760
v 0.050709 0.039426 0.553976
v 0.048297 0.042647 0.554105
v 0.046428 0.030673 0.563012
v 0.044469 0.033965 0.563167
v 0.042274 0.037022 0.563256
v 0.045625 0.013240 0.568006
v 0.044718 0.017189 0.568101
v 0.043629 0.020900 0.568184
v 0.042256 0.012426 0.570397
v 0.041528 0.016267 0.570384
v 0.040652 0.019912 0.570342
v 0.038689 0.011628 0.572626
v 0.038161 0.015380 0.572504
v 0.037519 0.018987 0.572332
v 0.041068 0.027664 0.568225
v 0.039573 0.030690 0.568186
v 0.037848 0.033422 0.568140
v 0.038582 0.026537 0.570110
v 0.037363 0.029444 0.569943
v 0.035935 0.032012 0.569792
v 0.035974 0.025546 0.571815
v 0.035071 0.028370 0.571498
v 0.034032 0.030789 0.571202
v 0.030057 0.073439 0.530625
v 0.019624 0.059234 0.552299
v 0.015364 0.052329 0.561873
v 0.036141 0.072176 0.530997
v 0.024428 0.058025 0.552675
v 0.019622 0.051182 0.562177
v 0.040868 0.070610 0.531427
v 0.028598 0.056539 0.553080
v 0.023530 0.049787 0.562496
v 0.013240 0.045625 0.568006
v 0.012426 0.042256 0.570397
v 0.011628 0.038689 0.572626
v 0.017189 0.044718 0.568101
v 0.016267 0.041528 0.570384
v 0.015380 0.038161 0.572504
v 0.020900 0.043629 0.568184
v 0.019912 0.040652 0.570342
v 0.018987 0.037519 0.572332
v 0.048615 0.066664 0.532180
v 0.035992 0.052873 0.553761
v 0.030673 0.046428 0.563012
v 0.052214 0.064301 0.532422
v 0.039426 0.050709 0.553976
v 0.033965 0.044469 0.563167
v 0.055614 0.061675 0.532569
v 0.042647 0.048297 0.554105
v 0.037022 0.042274 0.563256
v 0.027664 0.041068 0.568225
v 0.026537 0.038582 0.570110
v 0.025546 0.035974 0.571815
v 0.030690 0.039573 0.568186
v 0.029444 0.037363 0.569943
v 0.028370 0.035071 0.571498
v 0.033422 0.037848 0.568140
v 0.032012 0.035935 0.569792
v 0.030789 0.034032 0.571202
v 0.006485 0.006485 0.583069
v 0.010090 0.006960 0.582472
v 0.014159 0.007518 0.581685
v 0.006960 0.010090 0.582472
v 0.010572 0.010572 0.581856
v 0.014586 0.011136 0.581064
v 0.007518 0.014159 0.581685
v 0.011136 0.014586 0.581064
v 0.015083 0.015083 0.580284
v 0.022714 0.008768 0.579507
v 0.026911 0.009433 0.578106
v 0.030995 0.010129 0.576493
v 0.022911 0.012392 0.578967
v 0.026953 0.013062 0.577653
v 0.030862 0.013776 0.576146
v 0.023130 0.016175 0.578303
v 0.026986 0.016764 0.577095
v 0.030686 0.017414 0.575711
v 0.008768 0.022714 0.579507
v 0.012392 0.022911 0.578967
v 0.016175 0.023130 0.578303
v 0.009433 0.026911 0.578106
v 0.013062 0.026953 0.577653
v 0.016764 0.026986 0.577095
v 0.010129 0.030995 0.576493
v 0.013776 0.030862 0.576146
v 0.017414 0.030686 0.575711
v 0.023563 0.023563 0.576687
v 0.026984 0.023823 0.575723
v 0.030197 0.024194 0.574613
v 0.023823 0.026984 0.575723
v 0.027012 0.027012 0.574903
v 0.029943 0.027166 0.573957
v 0.024194 0.030197 0.574613
v 0.027166 0.029943 0.573957
v 0.029789 0.029789 0.573220
v -0.073439 0.030057 0.530625
v -0.059234 0.019624 0.552299
v -0.052329 0.015364 0.561873
v -0.072176 0.036141 0.530997
v -0.058025 0.024428 0.552675
v -0.051182 0.019622 0.562177
v -0.070610 0.040868 0.531427
v -0.056539 0.028598 0.553080
v -0.049787 0.023530 0.562496
v -0.045625 0.013240 0.568006
v -0.042256 0.012426 0.570397
v -0.038689 0.011628 0.572626
v -0.044718 0.017189 0.568101
v -0.041528 0.016267 0.570384
v -0.038161 0.015380 0.572504
v -0.043629 0.020900 0.568184
v -0.040652 0.019912 0.570342
v -0.037519 0.018987 0.572332
v -0.066664 0.048615 0.532180
v -0.052873 0.035992 0.553761
v -0.046428 0.030673 0.563012
v -0.064301 0.052214 0.532422
v -0.050709 0.039426 0.553976
v -0.044469 0.033965 0.563167
v -0.061675 0.055614 0.532569
v -0.048297 0.042647 0.554105
v -0.042274 0.037022 0.563256
v -0.041068 0.027664 0.568225
v -0.038582 0.026537 0.570110
v -0.035974 0.025546 0.571815
v -0.039573 0.030690 0.568186
v -0.037363 0.029444 0.569943
v -0.035071 0.028370 0.571498
v -0.037848 0.033422 0.568140
v -0.035935 0.032012 0.569792
v -0.034032 0.030789 0.571202
v -0.006485 0.006485 0.583069
v -0.006960 0.010090 0.582472
v -0.007518 0.014159 0.581685
v -0.010090 0.006960 0.582472
v -0.010572 0.010572 0.581856
v -0.011136 0.014586 0.581064
v -0.014159 0.007518 0.581685
v -0.014586 0.011136 0.581064
v -0.015083 0.015083 0.580284
v -0.008768 0.022714 0.579507
v -0.009433 0.026911 0.578106
v -0.010129 0.030995 0.576493
v -0.012392 0.022911 0.578967
v -0.013062 0.026953 0.577653
v -0.013776 0.030862 0.576146
v -0.016175 0.023130 0.578303
v -0.016764 0.026986 0.577095
v -0.017414 0.030686 0.575711
v -0.022714 0.008768 0.579507
v -0.022911 0.012392 0.578967
v -0.023130 0.016175 0.578303
v -0.026911 0.009433 0.578106
v -0.026953 0.013062 0.577653
v -0.026986 0.016764 0.577095
v -0.030995 0.010129 0.576493
v -0.030862 0.013776 0.576146
v -0.030686 0.017414 0.575711
v -0.023563 0.023563 0.576687
v -0.023823 0.026984 0.575723
v -0.024194 0.030197 0.574613
v -0.026984 0.023823 0.575723
v -0.027012 0.027012 0.574903
v -0.027166 0.029943 0.573957
v -0.030197 0.024194 0.574613
v -0.029943 0.027166 0.573957
v -0.029789 0.029789 0.573220
v -0.030057 0.073439 0.530625
v -0.036141 0.072176 0.530997
v -0.040868 0.070610 0.531427
v -0.019624 0.059234 0.552299
v -0.024428 0.058025 0.552675
v -0.028598 0.056539 0.553080
v -0.015364 0.052329 0.561873
v -0.019622 0.051182 0.562177
v -0.023530 0.049787 0.562496
v -0.048615 0.066664 0.532180
v -0.052214 0.064301 0.532422
v -0.055614 0.061675 0.532569
v -0.035992 0.052873 0.553760
v -0.039426 0.050709 0.553976
v -0.042647 0.048297 0.554105
v -0.030673 0.046428 0.563012
v -0.033965 0.044469 0.563167
v -0.037022 0.042274 0.563256
v -0.013240 0.045625 0.568006
v -0.017189 0.044718 0.568101
v -0.020900 0.043629 0.568184
v -0.012426 0.042256 0.570397
v -0.016267 0.041528 0.570384
v -0.019912 0.040652 0.570342
v -0.011628 0.038689 0.572626
v -0.015380 0.038161 0.572504
v -0.018987 0.037519 0.572332
v -0.027664 0.041068 0.568225
v -0.030690 0.039573 0.568186
v -0.033422 0.037848 0.568140
v -0.026537 0.038582 0.570110
v -0.029444 0.037363 0.569943
v -0.032012 0.035935 0.569792
v -0.025546 0.035974 0.571815
v -0.028370 0.035071 0.571498
v -0.030789 0.034032 0.571202
v -0.287755 -0.087895 0.065483
v -0.291696 -0.000000 0.064100
v -0.287755 0.087895 0.065483
v -0.293298 -0.090643 0.037676
v -0.296995 -0.000000 0.036077
v -0.293298 0.090643 0.037676
v -0.295232 -0.091956 0.025414
v -0.298831 -0.000000 0.023727
v -0.295232 0.091956 0.025414
v -0.294539 -0.093079 0.017141
v -0.298112 -0.000000 0.015348
v -0.294539 0.093079 0.017141
v -0.293524 -0.093590 0.013810
v -0.297096 -0.000000 0.011954
v -0.293524 0.093590 0.013810
v -0.292163 -0.094106 0.010644
v -0.295739 -0.000000 0.008720
v -0.292163 0.094106 0.010644
v -0.288440 -0.095153 0.004906
v -0.292037 -0.000000 0.002830
v -0.288440 0.095153 0.004906
v -0.286106 -0.095678 0.002375
v -0.289721 -0.000000 0.000220
v -0.286106 0.095678 0.002375
v -0.283480 -0.096195 0.000094
v -0.287123 -0.000000 -0.002143
v -0.283480 0.096195 0.000094
v -0.276376 -0.097280 -0.003824
v -0.280118 -0.000000 -0.006248
v -0.276376 0.097280 -0.003824
v -0.265513 -0.098431 -0.006536
v -0.269440 -0.000000 -0.009218
v -0.265513 0.098431 -0.006536
v -0.241084 -0.100878 -0.011398
v -0.245445 -0.000000 -0.014749
v -0.241084 0.100878 -0.011398
v -0.087895 0.287755 0.065483
v -0.000000 0.291696 0.064100
v 0.087895 0.287755 0.065483
v -0.090643 0.293298 0.037676
v -0.000000 0.296995 0.036077
v 0.090643 0.293298 0.037676
v -0.091956 0.295232 0.025414
v -0.000000 0.298831 0.023727
v 0.091956 0.295232 0.025414
v -0.093079 0.294539 0.017141
v -0.000000 0.298112 0.015348
v 0.093079 0.294539 0.017141
v -0.093590 0.293524 0.013810
v -0.000000 0.297096 0.011954
v 0.093590 0.293524 0.013810
v -0.094106 0.292163 0.010644
v -0.000000 0.295739 0.008720
v 0.094106 0.292163 0.010644
v -0.095153 0.288440 0.004906
v -0.000000 0.292037 0.002830
v 0.095153 0.288440 0.004906
v -0.095678 0.286106 0.002375
v -0.000000 0.289721 0.000220
v 0.095678 0.286106 0.002375
v -0.096195 0.283480 0.000094
v -0.000000 0.287123 -0.002143
v 0.096195 0.283480 0.000094
v -0.097280 0.276376 -0.003824
v -0.000000 0.280118 -0.006248
v 0.097280 0.276376 -0.003824
v -0.098431 0.265513 -0.006536
v -0.000000 0.269440 -0.009218
v 0.098431 0.265513 -0.006536
v -0.100878 0.241084 -0.011398
v -0.000000 0.245445 -0.014749
v 0.100878 0.241084 -0.011398
v 0.287755 0.087895 0.065483
v 0.291696 0.000000 0.064100
v 0.287755 -0.087895 0.065483
v 0.293298 0.090643 0.037676
v 0.296995 0.000000 0.036077
v 0.293298 -0.090643 0.037676
v 0.295232 0.091956 0.025414
v 0.298831 0.000000 0.023727
v 0.295232 -0.091956 0.025414
v 0.294539 0.093079 0.017141
v 0.298112 0.000000 0.015348
v 0.294539 -0.093079 0.017141
v 0.293524 0.093590 0.013810
v 0.297096 0.000000 0.011954
v 0.293524 -0.093590 0.013810
v 0.292163 0.094106 0.010644
v 0.295739 0.000000 0.008720
v 0.292163 -0.094106 0.010644
v 0.288440 0.095153 0.004906
v 0.292037 0.000000 0.002830
v 0.288440 -0.095153 0.004906
v 0.286106 0.095678 0.002375
v 0.289721 0.000000 0.000220
v 0.286106 -0.095678 0.002375
v 0.283480 0.096195 0.000094
v 0.287123 0.000000 -0.002143
v 0.283480 -0.096195 0.000094
v 0.276376 0.097280 -0.003824
v 0.280118 0.000000 -0.006248
v 0.276376 -0.097280 -0.003824
v 0.265513 0.098431 -0.006536
v 0.269440 0.000000 -0.009218
v 0.265513 -0.098431 -0.006536
v 0.241084 0.100878 -0.011398
v 0.245445 0.000000 -0.014749
v 0.241084 -0.100878 -0.011398
v 0.087895 -0.287755 0.065483
v 0.000000 -0.291696 0.064100
v -0.087895 -0.287755 0.065483
v 0.090643 -0.293298 0.037676
v 0.000000 -0.296995 0.036077
v -0.090643 -0.293298 0.037676
v 0.091956 -0.295232 0.025414
v 0.000000 -0.298831 0.023727
v -0.091956 -0.295232 0.025414
v 0.093079 -0.294539 0.017141
v 0.000000 -0.298112 0.015348
v -0.093079 -0.294539 0.017141
v 0.093590 -0.293524 0.013810
v 0.000000 -0.297096 0.011954
v -0.093590 -0.293524 0.013810
v 0.094106 -0.292163 0.010644
v 0.000000 -0.295739 0.008720
v -0.094106 -0.292163 0.010644
v 0.095153 -0.288440 0.004906
v -0.000000 -0.292037 0.002830
v -0.095153 -0.288440 0.004906
v 0.095678 -0.286106 0.002375
v 0.000000 -0.289721 0.000220
v -0.095678 -0.286106 0.002375
v 0.096195 -0.283480 0.000094
v -0.000000 -0.287123 -0.002143
v -0.096195 -0.283480 0.000094
v 0.097280 -0.276376 -0.003824
v -0.000000 -0.280118 -0.006248
v -0.097280 -0.276376 -0.003824
v 0.098431 -0.265513 -0.006536
v 0.000000 -0.269440 -0.009218
v -0.098431 -0.265513 -0.006536
v 0.100878 -0.241084 -0.011398
v -0.000000 -0.245445 -0.014749
v -0.100878 -0.241084 -0.011398
v -0.074941 0.011649 0.530241
v -0.075132 -0.000000 0.530206
v -0.074941 -0.011649 0.530241
v -0.060667 0.007252 0.551835
v -0.060847 0.000000 0.551780
v -0.060667 -0.007252 0.551835
v -0.053697 0.005465 0.561484
v -0.053870 0.000000 0.561436
v -0.053697 -0.005465 0.561484
v -0.046716 0.004586 0.567872
v -0.046854 0.000000 0.567856
v -0.046716 -0.004586 0.567872
v -0.043129 0.004243 0.570394
v -0.043239 0.000000 0.570394
v -0.043129 -0.004243 0.570394
v -0.039318 0.003902 0.572756
v -0.039397 0.000000 0.572772
v -0.039318 -0.003902 0.572756
v -0.031142 0.003238 0.576896
v -0.031161 0.000000 0.576947
v -0.031142 -0.003238 0.576896
v -0.026847 0.002920 0.578638
v -0.026838 0.000000 0.578704
v -0.026847 -0.002920 0.578638
v -0.022464 0.002612 0.580143
v -0.022433 0.000000 0.580223
v -0.022464 -0.002612 0.580143
v -0.013636 0.002032 0.582404
v -0.013569 0.000000 0.582494
v -0.013636 -0.002032 0.582404
v -0.009502 0.001775 0.583173
v -0.009427 -0.000000 0.583260
v -0.009502 -0.001775 0.583173
v -0.005906 0.001556 0.583732
v -0.005833 -0.000000 0.583814
v -0.005906 -0.001556 0.583732
v -0.011649 -0.074941 0.530241
v -0.000000 -0.075132 0.530206
v 0.011649 -0.074941 0.530241
v -0.007252 -0.060667 0.551835
v -0.000000 -0.060847 0.551780
v 0.007252 -0.060667 0.551835
v -0.005465 -0.053697 0.561484
v -0.000000 -0.053870 0.561436
v 0.005465 -0.053697 0.561484
v -0.004586 -0.046716 0.567872
v -0.000000 -0.046854 0.567856
v 0.004586 -0.046716 0.567872
v -0.004243 -0.043129 0.570394
v -0.000000 -0.043239 0.570394
v 0.004243 -0.043129 0.570394
v -0.003902 -0.039318 0.572756
v -0.000000 -0.039397 0.572772
v 0.003902 -0.039318 0.572756
v -0.003238 -0.031142 0.576896
v -0.000000 -0.031161 0.576947
v 0.003238 -0.031142 0.576896
v -0.002920 -0.026847 0.578638
v -0.000000 -0.026838 0.578704
v 0.002920 -0.026847 0.578638
v -0.002612 -0.022464 0.580143
v -0.000000 -0.022433 0.580223
v 0.002612 -0.022464 0.580143
v -0.002032 -0.013636 0.582404
v -0.000000 -0.013569 0.582494
v 0.002032 -0.013636 0.582404
v -0.001775 -0.009502 0.583173
v 0.000000 -0.009427 0.583260
v 0.001775 -0.009502 0.583173
v -0.001556 -0.005906 0.583732
v 0.000000 -0.005833 0.583814
v 0.001556 -0.005906 0.583732
v 0.074941 -0.011649 0.530241
v 0.075132 0.000000 0.530206
v 0.074941 0.011649 0.530241
v 0.060667 -0.007252 0.551835
v 0.060847 -0.000000 0.551780
v 0.060667 0.007252 0.551835
v 0.053697 -0.005465 0.561484
v 0.053870 -0.000000 0.561436
v 0.053697 0.005465 0.561484
v 0.046716 -0.004586 0.567872
v 0.046854 -0.000000 0.567856
v 0.046716 0.004586 0.567872
v 0.043129 -0.004243 0.570394
v 0.043239 -0.000000 0.570394
v 0.043129 0.004243 0.570394
v 0.039318 -0.003902 0.572756
v 0.039397 -0.000000 0.572772
v 0.039318 0.003902 0.572756
v 0.031142 -0.003238 0.576896
v 0.031161 -0.000000 0.576947
v 0.031142 0.003238 0.576896
v 0.026847 -0.002920 0.578638
v 0.026838 -0.000000 0.578704
v 0.026847 0.002920 0.578638
v 0.022464 -0.002612 0.580143
v 0.022433 -0.000000 0.580223
v 0.022464 0.002612 0.580143
v 0.013636 -0.002032 0.582404
v 0.013569 -0.000000 0.582494
v 0.013636 0.002032 0.582404
v 0.009502 -0.001775 0.583173
v 0.009427 0.000000 0.583260
v 0.009502 0.001775 0.583173
v 0.005906 -0.001556 0.583732
v 0.005833 0.000000 0.583814
v 0.005906 0.001556 0.583732
v 0.011649 0.074941 0.530241
v -0.000000 0.075132 0.530206
v -0.011649 0.074941 0.530241
v 0.007252 0.060667 0.551835
v 0.000000 0.060847 0.551780
v -0.007252 0.060667 0.551835
v 0.005465 0.053697 0.561484
v 0.000000 0.053870 0.561436
v -0.005465 0.053697 0.561484
v 0.004586 0.046716 0.567872
v 0.000000 0.046854 0.567856
v -0.004586 0.046716 0.567872
v 0.004243 0.043129 0.570394
v 0.000000 0.043239 0.570394
v -0.004243 0.043129 0.570394
v 0.003902 0.039318 0.572756
v 0.000000 0.039397 0.572772
v -0.003902 0.039318 0.572756
v 0.003238 0.031142 0.576896
v 0.000000 0.031161 0.576947
v -0.003238 0.031142 0.576896
v 0.002920 0.026847 0.578638
v 0.000000 0.026838 0.578704
v -0.002920 0.026847 0.578638
v 0.002612 0.022464 0.580143
v 0.000000 0.022433 0.580223
v -0.002612 0.022464 0.580143
v 0.002032 0.013636 0.582404
v 0.000000 0.013569 0.582494
v -0.002032 0.013636 0.582404
v 0.001775 0.009502 0.583173
v -0.000000 0.009427 0.583260
v -0.001775 0.009502 0.583173
v 0.001556 0.005906 0.583732
v -0.000000 0.005833 0.583814
v -0.001556 0.005906 0.583732
v -0.143822 -0.085728 0.420252
v -0.196913 -0.129503 0.320722
v -0.237549 -0.165510 0.209471
v -0.141932 -0.098190 0.419765
v -0.193549 -0.146041 0.319587
v -0.232943 -0.185029 0.209200
v -0.139937 -0.105494 0.419756
v -0.190881 -0.154812 0.319290
v -0.229872 -0.194757 0.209258
v -0.135233 -0.114389 0.420211
v -0.185725 -0.164049 0.319581
v -0.224785 -0.203850 0.209652
v -0.132414 -0.118427 0.420373
v -0.182726 -0.168180 0.319702
v -0.221876 -0.207832 0.209793
v -0.129303 -0.122281 0.420471
v -0.179446 -0.172145 0.319777
v -0.218701 -0.211653 0.209882
v -0.122281 -0.129303 0.420471
v -0.172145 -0.179446 0.319777
v -0.211653 -0.218701 0.209882
v -0.118426 -0.132414 0.420373
v -0.168180 -0.182726 0.319702
v -0.207832 -0.221876 0.209793
v -0.114389 -0.135233 0.420211
v -0.164049 -0.185725 0.319581
v -0.203850 -0.224785 0.209652
v -0.105494 -0.139937 0.419756
v -0.154812 -0.190881 0.319290
v -0.194757 -0.229872 0.209258
v -0.098190 -0.141932 0.419765
v -0.146041 -0.193549 0.319587
v -0.185029 -0.232943 0.209200
v -0.085728 -0.143822 0.420253
v -0.129503 -0.196913 0.320722
v -0.165510 -0.237549 0.209471
v 0.237549 -0.165510 0.209471
v 0.196913 -0.129503 0.320722
v 0.143822 -0.085728 0.420253
v 0.232943 -0.185029 0.209200
v 0.193549 -0.146041 0.319587
v 0.141932 -0.098190 0.419765
v 0.229872 -0.194757 0.209258
v 0.190881 -0.154812 0.319290
v 0.139937 -0.105494 0.419756
v 0.224785 -0.203850 0.209651
v 0.185725 -0.164049 0.319581
v 0.135233 -0.114389 0.420211
v 0.221876 -0.207832 0.209793
v 0.182726 -0.168180 0.319702
v 0.132414 -0.118426 0.420373
v 0.218701 -0.211653 0.209882
v 0.179446 -0.172145 0.319777
v 0.129303 -0.122281 0.420471
v 0.211653 -0.218701 0.209882
v 0.172145 -0.179446 0.319777
v 0.122281 -0.129303 0.420471
v 0.207832 -0.221876 0.209793
v 0.168180 -0.182726 0.319702
v 0.118427 -0.132414 0.420373
v 0.203850 -0.224785 0.209651
v 0.164049 -0.185725 0.319581
v 0.114389 -0.135233 0.420211
v 0.194757 -0.229872 0.209258
v 0.154812 -0.190881 0.319290
v 0.105494 -0.139937 0.419756
v 0.185029 -0.232943 0.209200
v 0.146041 -0.193549 0.319587
v 0.098190 -0.141932 0.419765
v 0.165510 -0.237549 0.209471
v 0.129503 -0.196913 0.320722
v 0.085728 -0.143822 0.420253
v 0.165510 0.237549 0.209471
v 0.129503 0.196913 0.320722
v 0.085728 0.143822 0.420253
v 0.185029 0.232943 0.209200
v 0.146041 0.193549 0.319587
v 0.098190 0.141932 0.419765
v 0.194757 0.229872 0.209258
v 0.154812 0.190881 0.319290
v 0.105494 0.139937 0.419756
v 0.203850 0.224785 0.209651
v 0.164049 0.185725 0.319581
v 0.114389 0.135233 0.420211
v 0.207832 0.221876 0.209793
v 0.168180 0.182726 0.319702
v 0.118426 0.132414 0.420373
v 0.211653 0.218701 0.209882
v 0.172145 0.179446 0.319777
v 0.122281 0.129303 0.420471
v 0.218701 0.211653 0.209882
v 0.179446 0.172145 0.319777
v 0.129303 0.122281 0.420471
v 0.221876 0.207832 0.209793
v 0.182726 0.168180 0.319702
v 0.132414 0.118427 0.420373
v 0.224785 0.203850 0.209651
v 0.185725 0.164049 0.319581
v 0.135233 0.114389 0.420211
v 0.229872 0.194757 0.209258
v 0.190881 0.154812 0.319290
v 0.139937 0.105494 0.419756
v 0.232943 0.185029 0.209200
v 0.193549 0.146041 0.319587
v 0.141932 0.098190 0.419765
v 0.237549 0.165510 0.209471
v 0.196913 0.129503 0.320722
v 0.143822 0.085728 0.420253
v -0.237549 0.165510 0.209471
v -0.196913 0.129503 0.320722
v -0.143822 0.085728 0.420253
v -0.232943 0.185029 0.209200
v -0.193549 0.146041 0.319587
v -0.141932 0.098190 0.419765
v -0.229872 0.194757 0.209258
v -0.190881 0.154812 0.319290
v -0.139937 0.105494 0.419756
v -0.224785 0.203850 0.209651
v -0.185725 0.164049 0.319581
v -0.135233 0.114389 0.420211
v -0.221876 0.207832 0.209793
v -0.182726 0.168180 0.319702
v -0.132414 0.118426 0.420373
v -0.218701 0.211653 0.209882
v -0.179446 0.172145 0.319777
v -0.129303 0.122281 0.420471
v -0.211653 0.218701 0.209882
v -0.172145 0.179446 0.319777
v -0.122281 0.129303 0.420471
v -0.207832 0.221876 0.209793
v -0.168180 0.182726 0.319702
v -0.118427 0.132414 0.420373
v -0.203850 0.224785 0.209651
v -0.164049 0.185725 0.319581
v -0.114389 0.135233 0.420211
v -0.194757 0.229872 0.209258
v -0.154812 0.190881 0.319290
v -0.105494 0.139937 0.419756
v -0.185029 0.232943 0.209200
v -0.146041 0.193549 0.319587
v -0.098190 0.141932 0.419765
v -0.165510 0.237549 0.209471
v -0.129503 0.196913 0.320722
v -0.085728 0.143822 0.420253
v -0.252710 0.072863 0.211339
v -0.256780 -0.000000 0.211921
v -0.252710 -0.072863 0.211339
v -0.205752 0.055591 0.325698
v -0.207786 -0.000000 0.327012
v -0.205752 -0.055591 0.325698
v -0.147058 0.035530 0.422540
v -0.147626 -0.000000 0.423100
v -0.147058 -0.035530 0.422540
v -0.113548 0.113548 -0.034742
v 0.000000 0.118660 -0.044032
v 0.113548 0.113548 -0.034742
v -0.118660 -0.000000 -0.044032
v 0.000000 -0.000000 -0.057281
v 0.118660 -0.000000 -0.044032
v -0.113548 -0.113548 -0.034742
v 0.000000 -0.118660 -0.044032
v 0.113548 -0.113548 -0.034742
v -0.072863 -0.252710 0.211339
v 0.000000 -0.256780 0.211921
v 0.072863 -0.252710 0.211339
v -0.055591 -0.205752 0.325698
v 0.000000 -0.207786 0.327012
v 0.055591 -0.205752 0.325698
v -0.035530 -0.147058 0.422540
v 0.000000 -0.147626 0.423100
v 0.035530 -0.147058 0.422540
v 0.252710 -0.072863 0.211339
v 0.256780 0.000000 0.211921
v 0.252710 0.072863 0.211339
v 0.205752 -0.055591 0.325698
v 0.207786 0.000000 0.327012
v 0.205752 0.055591 0.325698
v 0.147058 -0.035530 0.422540
v 0.147626 0.000000 0.423100
v 0.147058 0.035530 0.422540
v 0.072863 0.252710 0.211339
v -0.000000 0.256780 0.211921
v -0.072863 0.252710 0.211339
v 0.055591 0.205752 0.325698
v -0.000000 0.207786 0.327012
v -0.055591 0.205752 0.325698
v 0.035530 0.147058 0.422540
v -0.000000 0.147626 0.423100
v -0.035530 0.147058 0.422540
v -0.001290 -0.001290 0.584333
v 0.000000 -0.001257 0.584407
v 0.001290 -0.001290 0.584333
v -0.001257 -0.000000 0.584407
v 0.000000 0.000000 0.584480
v 0.001257 0.000000 0.584407
v -0.001290 0.001290 0.584333
v -0.000000 0.001257 0.584407
v 0.001290 0.001290 0.584333
vn -0.9555 -0.1400 0.2597
vn -0.1450 -0.1450 -0.9788
vn -0.1400 -0.9555 0.2597
vn -0.9910 -0.1173 -0.0637
vn -0.8383 -0.1258 -0.5306
vn -0.8333 -0.4304 0.3471
vn -0.8996 -0.4255 0.0984
vn -0.8153 -0.4296 -0.3881
vn -0.6954 -0.6954 -0.1814
vn -0.1138 -0.4773 -0.8714
vn -0.1258 -0.8383 -0.5305
vn -0.4773 -0.1138 -0.8714
vn -0.4631 -0.4631 -0.7557
vn -0.4296 -0.8153 -0.3882
vn -0.4304 -0.8333 0.3471
vn -0.6578 -0.6578 0.3668
vn -0.1173 -0.9910 -0.0637
vn -0.4255 -0.8996 0.0984
vn -0.6940 -0.6940 0.1915
vn 0.9555 -0.1400 0.2597
vn 0.1400 -0.9555 0.2597
vn 0.1450 -0.1450 -0.9788
vn 0.8333 -0.4304 0.3471
vn 0.6578 -0.6578 0.3668
vn 0.9910 -0.1173 -0.0637
vn 0.8996 -0.4255 0.0984
vn 0.6940 -0.6940 0.1915
vn 0.6954 -0.6954 -0.1814
vn 0.1173 -0.9910 -0.0638
vn 0.1258 -0.8383 -0.5305
vn 0.4304 -0.8333 0.3471
vn 0.4255 -0.8996 0.0984
vn 0.4297 -0.8153 -0.3881
vn 0.4773 -0.1138 -0.8714
vn 0.8383 -0.1258 -0.5306
vn 0.1138 -0.4773 -0.8714
vn 0.4631 -0.4631 -0.7558
vn 0.8153 -0.4296 -0.3882
vn 0.1400 0.9555 0.2597
vn 0.9555 0.1400 0.2597
vn 0.1450 0.1450 -0.9788
vn 0.4304 0.8333 0.3471
vn 0.6578 0.6578 0.3668
vn 0.1173 0.9910 -0.0637
vn 0.4255 0.8996 0.0984
vn 0.6940 0.6940 0.1915
vn 0.6954 0.6954 -0.1814
vn 0.9910 0.1173 -0.0638
vn 0.8383 0.1258 -0.5305
vn 0.8333 0.4304 0.3471
vn 0.8996 0.4255 0.0984
vn 0.8153 0.4297 -0.3881
vn 0.1138 0.4773 -0.8714
vn 0.1258 0.8383 -0.5306
vn 0.4773 0.1138 -0.8714
vn 0.4631 0.4631 -0.7557
vn 0.4296 0.8153 -0.3882
vn -0.9555 0.1400 0.2597
vn -0.1400 0.9555 0.2597
vn -0.1450 0.1450 -0.9788
vn -0.8333 0.4304 0.3471
vn -0.6578 0.6578 0.3668
vn -0.9910 0.1173 -0.0637
vn -0.8996 0.4255 0.0984
vn -0.6940 0.6940 0.1915
vn -0.6954 0.6954 -0.1814
vn -0.1173 0.9910 -0.0638
vn -0.1258 0.8383 -0.5305
vn -0.4304 0.8333 0.3471
vn -0.4255 0.8996 0.0984
vn -0.4297 0.8153 -0.3881
vn -0.4773 0.1138 -0.8714
vn -0.8383 0.1258 -0.5305
vn -0.1138 0.4773 -0.8714
vn -0.4631 0.4631 -0.7558
vn -0.8153 0.4296 -0.3882
vn -0.8234 -0.0636 0.5639
vn -0.0636 -0.8234 0.5639
vn -0.1175 -0.1175 0.9861
vn -0.7105 -0.3194 0.6270
vn -0.5387 -0.5387 0.6478
vn -0.6607 -0.0686 0.7475
vn -0.6014 -0.2273 0.7660
vn -0.4559 -0.4559 0.7644
vn -0.3376 -0.3376 0.8786
vn -0.0686 -0.6607 0.7475
vn -0.0563 -0.4435 0.8945
vn -0.3194 -0.7105 0.6270
vn -0.2273 -0.6014 0.7660
vn -0.1725 -0.4010 0.8997
vn -0.2356 -0.0976 0.9669
vn -0.4435 -0.0563 0.8945
vn -0.0976 -0.2356 0.9669
vn -0.2042 -0.2042 0.9574
vn -0.4010 -0.1725 0.8997
vn 0.0636 -0.8234 0.5639
vn 0.8234 -0.0636 0.5639
vn 0.1175 -0.1175 0.9861
vn 0.3194 -0.7105 0.6270
vn 0.5387 -0.5387 0.6478
vn 0.0686 -0.6607 0.7475
vn 0.2273 -0.6014 0.7660
vn 0.4559 -0.4559 0.7644
vn 0.3376 -0.3376 0.8786
vn 0.6607 -0.0686 0.7475
vn 0.4435 -0.0563 0.8945
vn 0.7105 -0.3194 0.6270
vn 0.6014 -0.2273 0.7659
vn 0.4010 -0.1725 0.8997
vn 0.0976 -0.2356 0.9669
vn 0.0563 -0.4435 0.8945
vn 0.2356 -0.0976 0.9669
vn 0.2042 -0.2042 0.9574
vn 0.1725 -0.4010 0.8997
vn 0.8234 0.0636 0.5639
vn 0.0636 0.8234 0.5639
vn 0.1175 0.1175 0.9861
vn 0.7105 0.3194 0.6270
vn 0.5387 0.5387 0.6478
vn 0.6607 0.0686 0.7475
vn 0.6014 0.2273 0.7660
vn 0.4559 0.4559 0.7644
vn 0.3376 0.3376 0.8786
vn 0.0686 0.6607 0.7475
vn 0.0563 0.4435 0.8945
vn 0.3194 0.7105 0.6270
vn 0.2273 0.6014 0.7660
vn 0.1725 0.4010 0.8997
vn 0.2356 0.0976 0.9669
vn 0.4435 0.0563 0.8945
vn 0.0976 0.2356 0.9669
vn 0.2042 0.2042 0.9574
vn 0.4010 0.1725 0.8997
vn -0.8234 0.0636 0.5639
vn -0.1175 0.1175 0.9861
vn -0.0636 0.8234 0.5639
vn -0.6607 0.0686 0.7475
vn -0.4435 0.0563 0.8945
vn -0.7105 0.3194 0.6270
vn -0.6014 0.2273 0.7659
vn -0.4010 0.1725 0.8997
vn -0.3376 0.3376 0.8786
vn -0.0976 0.2356 0.9669
vn -0.0563 0.4435 0.8945
vn -0.2356 0.0976 0.9669
vn -0.2042 0.2042 0.9574
vn -0.1725 0.4010 0.8997
vn -0.3194 0.7105 0.6270
vn -0.5387 0.5387 0.6478
vn -0.0686 0.6607 0.7475
vn -0.2273 0.6014 0.7660
vn -0.4559 0.4559 0.7644
vn -0.8918 -0.3138 0.3258
vn -0.9287 -0.2166 0.3010
vn -0.9439 -0.1729 0.2813
vn -0.9641 -0.1199 0.2369
vn -0.9714 -0.1088 0.2110
vn -0.9879 -0.1099 0.1097
vn -0.9884 -0.1462 -0.0404
vn -0.9823 -0.1868 -0.0127
vn -0.9563 -0.2899 0.0372
vn -0.8773 -0.4144 0.2421
vn -0.8542 -0.4103 0.3195
vn -0.8441 -0.4177 0.3362
vn -0.9701 -0.1221 -0.2098
vn -0.9397 -0.1243 -0.3187
vn -0.8957 -0.1256 -0.4266
vn -0.8361 -0.1549 -0.5263
vn -0.8365 -0.1925 -0.5130
vn -0.8350 -0.2913 -0.4668
vn -0.8622 -0.4277 -0.2714
vn -0.8908 -0.4283 -0.1514
vn -0.9023 -0.4295 -0.0368
vn -0.7028 -0.6102 0.3658
vn -0.7450 -0.5598 0.3627
vn -0.7846 -0.5066 0.3574
vn -0.8443 -0.5170 0.1409
vn -0.7982 -0.5786 0.1674
vn -0.7475 -0.6379 0.1852
vn -0.6751 -0.6751 0.2973
vn -0.6623 -0.6623 0.3504
vn -0.6598 -0.6598 0.3595
vn -0.7864 -0.5278 -0.3210
vn -0.7585 -0.5926 -0.2711
vn -0.7264 -0.6508 -0.2211
vn -0.7039 -0.7039 -0.0953
vn -0.7071 -0.7071 -0.0013
vn -0.7044 -0.7044 0.0878
vn -0.3062 -0.1036 -0.9463
vn -0.1915 -0.1001 -0.9764
vn -0.1600 -0.1133 -0.9806
vn -0.1133 -0.1600 -0.9806
vn -0.1001 -0.1915 -0.9764
vn -0.1036 -0.3062 -0.9463
vn -0.1395 -0.4596 -0.8771
vn -0.1789 -0.4521 -0.8738
vn -0.2950 -0.4586 -0.8382
vn -0.4586 -0.2950 -0.8382
vn -0.4521 -0.1789 -0.8738
vn -0.4596 -0.1395 -0.8771
vn -0.1198 -0.6030 -0.7887
vn -0.1229 -0.6895 -0.7138
vn -0.1249 -0.7688 -0.6272
vn -0.1549 -0.8361 -0.5263
vn -0.1925 -0.8365 -0.5130
vn -0.2913 -0.8350 -0.4668
vn -0.4357 -0.7513 -0.4957
vn -0.4451 -0.6731 -0.5905
vn -0.4556 -0.5870 -0.6693
vn -0.7688 -0.1249 -0.6272
vn -0.6895 -0.1229 -0.7138
vn -0.6030 -0.1198 -0.7887
vn -0.5870 -0.4556 -0.6692
vn -0.6731 -0.4451 -0.5905
vn -0.7513 -0.4357 -0.4957
vn -0.5278 -0.7864 -0.3210
vn -0.5926 -0.7585 -0.2711
vn -0.6508 -0.7264 -0.2211
vn -0.1099 -0.9879 0.1097
vn -0.1088 -0.9714 0.2110
vn -0.1199 -0.9641 0.2369
vn -0.1729 -0.9439 0.2813
vn -0.2166 -0.9287 0.3010
vn -0.3138 -0.8918 0.3258
vn -0.4177 -0.8441 0.3362
vn -0.4103 -0.8542 0.3195
vn -0.4144 -0.8773 0.2421
vn -0.2899 -0.9563 0.0372
vn -0.1868 -0.9823 -0.0127
vn -0.1462 -0.9884 -0.0404
vn -0.5066 -0.7846 0.3574
vn -0.5598 -0.7450 0.3627
vn -0.6102 -0.7028 0.3658
vn -0.6379 -0.7475 0.1852
vn -0.5786 -0.7982 0.1674
vn -0.5170 -0.8443 0.1409
vn -0.1256 -0.8957 -0.4266
vn -0.1243 -0.9397 -0.3187
vn -0.1221 -0.9701 -0.2098
vn -0.4295 -0.9023 -0.0368
vn -0.4283 -0.8908 -0.1514
vn -0.4277 -0.8622 -0.2714
vn 0.9879 -0.1099 0.1097
vn 0.9714 -0.1088 0.2110
vn 0.9641 -0.1199 0.2369
vn 0.9439 -0.1729 0.2813
vn 0.9287 -0.2166 0.3010
vn 0.8918 -0.3138 0.3258
vn 0.8441 -0.4177 0.3362
vn 0.8542 -0.4103 0.3195
vn 0.8773 -0.4144 0.2421
vn 0.9563 -0.2899 0.0372
vn 0.9823 -0.1868 -0.0127
vn 0.9884 -0.1462 -0.0404
vn 0.7846 -0.5066 0.3574
vn 0.7450 -0.5598 0.3627
vn 0.7028 -0.6102 0.3658
vn 0.6598 -0.6598 0.3595
vn 0.6623 -0.6623 0.3504
vn 0.6751 -0.6751 0.2973
vn 0.7475 -0.6379 0.1852
vn 0.7982 -0.5786 0.1674
vn 0.8443 -0.5170 0.1409
vn 0.8957 -0.1256 -0.4266
vn 0.9397 -0.1243 -0.3187
vn 0.9701 -0.1221 -0.2098
vn 0.9023 -0.4295 -0.0368
vn 0.8908 -0.4283 -0.1514
vn 0.8622 -0.4277 -0.2714
vn 0.8350 -0.2913 -0.4668
vn 0.8365 -0.1925 -0.5130
vn 0.8361 -0.1549 -0.5263
vn 0.7044 -0.7044 0.0878
vn 0.7071 -0.7071 -0.0013
vn 0.7039 -0.7039 -0.0953
vn 0.7264 -0.6508 -0.2211
vn 0.7585 -0.5927 -0.2711
vn 0.7864 -0.5278 -0.3210
vn 0.3138 -0.8918 0.3258
vn 0.2166 -0.9287 0.3010
vn 0.1729 -0.9439 0.2813
vn 0.1199 -0.9641 0.2369
vn 0.1088 -0.9714 0.2110
vn 0.1099 -0.9879 0.1097
vn 0.1462 -0.9884 -0.0404
vn 0.1868 -0.9823 -0.0127
vn 0.2899 -0.9563 0.0372
vn 0.4144 -0.8773 0.2421
vn 0.4103 -0.8542 0.3195
vn 0.4177 -0.8441 0.3362
vn 0.1221 -0.9701 -0.2098
vn 0.1243 -0.9397 -0.3187
vn 0.1256 -0.8957 -0.4266
vn 0.1549 -0.8361 -0.5263
vn 0.1925 -0.8365 -0.5130
vn 0.2913 -0.8350 -0.4668
vn 0.4277 -0.8622 -0.2714
vn 0.4283 -0.8908 -0.1514
vn 0.4295 -0.9023 -0.0368
vn 0.6102 -0.7028 0.3658
vn 0.5598 -0.7450 0.3627
vn 0.5066 -0.7846 0.3574
vn 0.5170 -0.8443 0.1409
vn 0.5786 -0.7982 0.1674
vn 0.6379 -0.7475 0.1852
vn 0.5278 -0.7864 -0.3210
vn 0.5926 -0.7585 -0.2711
vn 0.6508 -0.7264 -0.2211
vn 0.1036 -0.3062 -0.9463
vn 0.1001 -0.1915 -0.9764
vn 0.1133 -0.1600 -0.9806
vn 0.1600 -0.1133 -0.9806
vn 0.1915 -0.1001 -0.9764
vn 0.3062 -0.1036 -0.9463
vn 0.4596 -0.1395 -0.8771
vn 0.4521 -0.1789 -0.8738
vn 0.4586 -0.2950 -0.8382
vn 0.2950 -0.4586 -0.8382
vn 0.1789 -0.4521 -0.8738
vn 0.1395 -0.4596 -0.8771
vn 0.6030 -0.1198 -0.7887
vn 0.6895 -0.1229 -0.7138
vn 0.7688 -0.1249 -0.6272
vn 0.7513 -0.4357 -0.4957
vn 0.6731 -0.4451 -0.5905
vn 0.5870 -0.4556 -0.6693
vn 0.1249 -0.7688 -0.6272
vn 0.1229 -0.6895 -0.7138
vn 0.1198 -0.6030 -0.7887
vn 0.4556 -0.5870 -0.6692
vn 0.4451 -0.6731 -0.5905
vn 0.4357 -0.7513 -0.4957
vn 0.1099 0.9879 0.1097
vn 0.1088 0.9714 0.2110
vn 0.1199 0.9641 0.2369
vn 0.1729 0.9439 0.2813
vn 0.2166 0.9287 0.3010
vn 0.3138 0.8918 0.3258
vn 0.4177 0.8441 0.3362
vn 0.4103 0.8542 0.3195
vn 0.4144 0.8773 0.2421
vn 0.2899 0.9563 0.0372
vn 0.1868 0.9823 -0.0127
vn 0.1462 0.9884 -0.0404
vn 0.5066 0.7846 0.3574
vn 0.5598 0.7450 0.3627
vn 0.6102 0.7028 0.3658
vn 0.6598 0.6598 0.3595
vn 0.6623 0.6623 0.3504
vn 0.6751 0.6751 0.2973
vn 0.6379 0.7475 0.1852
vn 0.5786 0.7982 0.1674
vn 0.5170 0.8443 0.1409
vn 0.1256 0.8957 -0.4266
vn 0.1243 0.9397 -0.3187
vn 0.1221 0.9701 -0.2098
vn 0.4295 0.9023 -0.0368
vn 0.4283 0.8908 -0.1514
vn 0.4277 0.8622 -0.2714
vn 0.2913 0.8350 -0.4668
vn 0.1925 0.8365 -0.5130
vn 0.1549 0.8361 -0.5263
vn 0.7044 0.7044 0.0878
vn 0.7071 0.7071 -0.0013
vn 0.7039 0.7039 -0.0953
vn 0.6508 0.7264 -0.2211
vn 0.5927 0.7585 -0.2711
vn 0.5278 0.7864 -0.3210
vn 0.8918 0.3138 0.3258
vn 0.9287 0.2166 0.3010
vn 0.9439 0.1729 0.2813
vn 0.9641 0.1199 0.2369
vn 0.9714 0.1088 0.2110
vn 0.9879 0.1099 0.1097
vn 0.9884 0.1462 -0.0404
vn 0.9823 0.1869 -0.0127
vn 0.9563 0.2899 0.0372
vn 0.8773 0.4144 0.2421
vn 0.8542 0.4103 0.3195
vn 0.8441 0.4177 0.3362
vn 0.9701 0.1221 -0.2098
vn 0.9397 0.1243 -0.3187
vn 0.8957 0.1256 -0.4266
vn 0.8361 0.1549 -0.5263
vn 0.8365 0.1925 -0.5130
vn 0.8350 0.2913 -0.4668
vn 0.8622 0.4277 -0.2714
vn 0.8908 0.4283 -0.1514
vn 0.9023 0.4295 -0.0368
vn 0.7028 0.6102 0.3658
vn 0.7450 0.5598 0.3627
vn 0.7846 0.5066 0.3574
vn 0.8443 0.5170 0.1409
vn 0.7982 0.5786 0.1674
vn 0.7475 0.6379 0.1852
vn 0.7864 0.5278 -0.3210
vn 0.7585 0.5926 -0.2711
vn 0.7264 0.6508 -0.2211
vn 0.3062 0.1036 -0.9463
vn 0.1915 0.1001 -0.9764
vn 0.1600 0.1133 -0.9806
vn 0.1133 0.1600 -0.9806
vn 0.1001 0.1915 -0.9764
vn 0.1036 0.3062 -0.9463
vn 0.1395 0.4596 -0.8771
vn 0.1789 0.4521 -0.8738
vn 0.2950 0.4586 -0.8382
vn 0.4586 0.2950 -0.8382
vn 0.4521 0.1789 -0.8738
vn 0.4596 0.1395 -0.8771
vn 0.1198 0.6030 -0.7887
vn 0.1229 0.6895 -0.7138
vn 0.1249 0.7688 -0.6272
vn 0.4357 0.7513 -0.4957
vn 0.4451 0.6731 -0.5905
vn 0.4556 0.5870 -0.6692
vn 0.7688 0.1249 -0.6272
vn 0.6895 0.1229 -0.7138
vn 0.6030 0.1198 -0.7887
vn 0.5870 0.4556 -0.6693
vn 0.6731 0.4451 -0.5905
vn 0.7513 0.4357 -0.4957
vn -0.9879 0.1099 0.1097
vn -0.9714 0.1088 0.2110
vn -0.9641 0.1199 0.2369
vn -0.9439 0.1729 0.2813
vn -0.9287 0.2166 0.3010
vn -0.8918 0.3138 0.3258
vn -0.8441 0.4177 0.3362
vn -0.8542 0.4103 0.3195
vn -0.8773 0.4144 0.2421
vn -0.9563 0.2899 0.0372
vn -0.9823 0.1868 -0.0127
vn -0.9884 0.1462 -0.0404
vn -0.7846 0.5066 0.3574
vn -0.7450 0.5598 0.3627
vn -0.7028 0.6102 0.3658
vn -0.6598 0.6598 0.3595
vn -0.6623 0.6623 0.3504
vn -0.6751 0.6751 0.2973
vn -0.7475 0.6379 0.1852
vn -0.7982 0.5786 0.1674
vn -0.8443 0.5170 0.1409
vn -0.8957 0.1256 -0.4266
vn -0.9397 0.1243 -0.3187
vn -0.9701 0.1221 -0.2098
vn -0.9023 0.4295 -0.0368
vn -0.8908 0.4283 -0.1514
vn -0.8622 0.4277 -0.2714
vn -0.8350 0.2913 -0.4668
vn -0.8365 0.1925 -0.5130
vn -0.8361 0.1549 -0.5263
vn -0.7044 0.7044 0.0878
vn -0.7071 0.7071 -0.0013
vn -0.7039 0.7039 -0.0953
vn -0.7264 0.6508 -0.2211
vn -0.7585 0.5927 -0.2711
vn -0.7864 0.5278 -0.3210
vn -0.3138 0.8918 0.3258
vn -0.2166 0.9287 0.3010
vn -0.1729 0.9439 0.2813
vn -0.1199 0.9641 0.2369
vn -0.1088 0.9714 0.2110
vn -0.1099 0.9879 0.1097
vn -0.1462 0.9884 -0.0404
vn -0.1868 0.9823 -0.0127
vn -0.2899 0.9563 0.0372
vn -0.4144 0.8773 0.2421
vn -0.4103 0.8542 0.3195
vn -0.4177 0.8441 0.3362
vn -0.1221 0.9701 -0.2098
vn -0.1243 0.9397 -0.3187
vn -0.1256 0.8957 -0.4266
vn -0.1549 0.8361 -0.5263
vn -0.1925 0.8365 -0.5130
vn -0.2913 0.8350 -0.4668
vn -0.4277 0.8622 -0.2714
vn -0.4283 0.8908 -0.1514
vn -0.4295 0.9023 -0.0368
vn -0.6102 0.7028 0.3658
vn -0.5598 0.7450 0.3627
vn -0.5066 0.7846 0.3574
vn -0.5170 0.8443 0.1409
vn -0.5786 0.7982 0.1674
vn -0.6379 0.7475 0.1852
vn -0.5278 0.7864 -0.3210
vn -0.5926 0.7585 -0.2711
vn -0.6508 0.7264 -0.2211
vn -0.1036 0.3062 -0.9463
vn -0.1001 0.1915 -0.9764
vn -0.1133 0.1600 -0.9806
vn -0.1600 0.1133 -0.9806
vn -0.1915 0.1001 -0.9764
vn -0.3062 0.1036 -0.9463
vn -0.4596 0.1395 -0.8771
vn -0.4521 0.1789 -0.8738
vn -0.4586 0.2950 -0.8382
vn -0.2950 0.4586 -0.8382
vn -0.1789 0.4521 -0.8738
vn -0.1395 0.4596 -0.8771
vn -0.6030 0.1198 -0.7887
vn -0.6895 0.1229 -0.7138
vn -0.7688 0.1249 -0.6272
vn -0.7513 0.4357 -0.4957
vn -0.6731 0.4451 -0.5905
vn -0.5870 0.4556 -0.6693
vn -0.1249 0.7688 -0.6272
vn -0.1229 0.6895 -0.7138
vn -0.1198 0.6030 -0.7887
vn -0.4556 0.5870 -0.6692
vn -0.4451 0.6731 -0.5905
vn -0.4357 0.7513 -0.4957
vn -0.7521 -0.0753 0.6547
vn -0.8092 -0.0713 0.5831
vn -0.8236 -0.0602 0.5639
vn -0.8125 -0.1054 0.5734
vn -0.7905 -0.1649 0.5899
vn -0.7534 -0.2437 0.6107
vn -0.7128 -0.3037 0.6322
vn -0.7074 -0.2917 0.6438
vn -0.6686 -0.2641 0.6952
vn -0.6180 -0.1864 0.7638
vn -0.6339 -0.1463 0.7594
vn -0.6487 -0.1068 0.7535
vn -0.6717 -0.3790 0.6365
vn -0.6320 -0.4331 0.6427
vn -0.5877 -0.4865 0.6465
vn -0.5350 -0.5350 0.6539
vn -0.5302 -0.5302 0.6617
vn -0.5038 -0.5038 0.7016
vn -0.5124 -0.3907 0.7647
vn -0.5536 -0.3279 0.7655
vn -0.5816 -0.2731 0.7662
vn -0.4956 -0.0553 0.8668
vn -0.5449 -0.0580 0.8365
vn -0.5921 -0.0620 0.8035
vn -0.5501 -0.2036 0.8099
vn -0.5107 -0.1895 0.8386
vn -0.4606 -0.1780 0.8696
vn -0.4136 -0.1393 0.8997
vn -0.4248 -0.1099 0.8986
vn -0.4349 -0.0829 0.8967
vn -0.4171 -0.4171 0.8075
vn -0.3913 -0.3913 0.8330
vn -0.3637 -0.3637 0.8576
vn -0.3542 -0.2948 0.8875
vn -0.3712 -0.2506 0.8941
vn -0.3869 -0.2097 0.8980
vn -0.2437 -0.7534 0.6107
vn -0.1649 -0.7905 0.5899
vn -0.1054 -0.8125 0.5734
vn -0.0602 -0.8236 0.5639
vn -0.0713 -0.8092 0.5831
vn -0.0753 -0.7521 0.6547
vn -0.1068 -0.6487 0.7535
vn -0.1463 -0.6339 0.7594
vn -0.1864 -0.6180 0.7638
vn -0.2641 -0.6686 0.6952
vn -0.2917 -0.7074 0.6438
vn -0.3037 -0.7128 0.6322
vn -0.0620 -0.5921 0.8035
vn -0.0580 -0.5449 0.8365
vn -0.0553 -0.4956 0.8668
vn -0.0829 -0.4349 0.8967
vn -0.1099 -0.4248 0.8986
vn -0.1393 -0.4136 0.8997
vn -0.1780 -0.4606 0.8696
vn -0.1895 -0.5107 0.8386
vn -0.2036 -0.5501 0.8099
vn -0.4865 -0.5877 0.6465
vn -0.4331 -0.6320 0.6427
vn -0.3790 -0.6717 0.6365
vn -0.2731 -0.5816 0.7662
vn -0.3279 -0.5536 0.7656
vn -0.3907 -0.5124 0.7647
vn -0.2097 -0.3869 0.8980
vn -0.2506 -0.3712 0.8941
vn -0.2948 -0.3542 0.8875
vn -0.1067 -0.1922 0.9755
vn -0.1119 -0.1593 0.9809
vn -0.1148 -0.1357 0.9841
vn -0.1357 -0.1148 0.9841
vn -0.1593 -0.1120 0.9809
vn -0.1922 -0.1067 0.9755
vn -0.2278 -0.1255 0.9656
vn -0.2205 -0.1496 0.9638
vn -0.2130 -0.1748 0.9613
vn -0.1748 -0.2130 0.9613
vn -0.1496 -0.2205 0.9638
vn -0.1255 -0.2278 0.9656
vn -0.2857 -0.0854 0.9545
vn -0.3376 -0.0727 0.9385
vn -0.3902 -0.0623 0.9186
vn -0.3398 -0.1748 0.9241
vn -0.2857 -0.1831 0.9407
vn -0.2406 -0.1938 0.9511
vn -0.0623 -0.3902 0.9186
vn -0.0727 -0.3376 0.9385
vn -0.0854 -0.2857 0.9545
vn -0.1938 -0.2406 0.9511
vn -0.1831 -0.2857 0.9407
vn -0.1748 -0.3398 0.9241
vn 0.0753 -0.7521 0.6547
vn 0.0713 -0.8092 0.5831
vn 0.0602 -0.8236 0.5639
vn 0.1054 -0.8125 0.5734
vn 0.1649 -0.7905 0.5899
vn 0.2437 -0.7534 0.6107
vn 0.3037 -0.7128 0.6322
vn 0.2917 -0.7074 0.6438
vn 0.2641 -0.6686 0.6952
vn 0.1864 -0.6180 0.7638
vn 0.1463 -0.6339 0.7594
vn 0.1068 -0.6487 0.7535
vn 0.3790 -0.6717 0.6365
vn 0.4331 -0.6320 0.6427
vn 0.4865 -0.5877 0.6465
vn 0.5350 -0.5350 0.6539
vn 0.5302 -0.5302 0.6617
vn 0.5038 -0.5038 0.7016
vn 0.3907 -0.5124 0.7647
vn 0.3279 -0.5536 0.7656
vn 0.2731 -0.5816 0.7662
vn 0.0553 -0.4956 0.8668
vn 0.0580 -0.5449 0.8365
vn 0.0620 -0.5921 0.8035
vn 0.2036 -0.5501 0.8099
vn 0.1895 -0.5107 0.8386
vn 0.1780 -0.4606 0.8696
vn 0.1393 -0.4136 0.8997
vn 0.1099 -0.4248 0.8986
vn 0.0829 -0.4349 0.8967
vn 0.4171 -0.4171 0.8075
vn 0.3913 -0.3913 0.8330
vn 0.3637 -0.3637 0.8576
vn 0.2948 -0.3542 0.8875
vn 0.2506 -0.3712 0.8941
vn 0.2097 -0.3869 0.8980
vn 0.7534 -0.2437 0.6107
vn 0.7905 -0.1649 0.5899
vn 0.8125 -0.1054 0.5734
vn 0.8236 -0.0602 0.5639
vn 0.8092 -0.0713 0.5831
vn 0.7521 -0.0753 0.6547
vn 0.6487 -0.1068 0.7535
vn 0.6339 -0.1463 0.7594
vn 0.6180 -0.1864 0.7638
vn 0.6686 -0.2641 0.6952
vn 0.7074 -0.2917 0.6438
vn 0.7128 -0.3037 0.6322
vn 0.5921 -0.0620 0.8035
vn 0.5449 -0.0580 0.8365
vn 0.4956 -0.0553 0.8668
vn 0.4349 -0.0829 0.8967
vn 0.4248 -0.1099 0.8986
vn 0.4136 -0.1393 0.8997
vn 0.4606 -0.1780 0.8696
vn 0.5107 -0.1895 0.8386
vn 0.5501 -0.2036 0.8099
vn 0.5877 -0.4865 0.6465
vn 0.6320 -0.4331 0.6427
vn 0.6717 -0.3790 0.6365
vn 0.5816 -0.2731 0.7662
vn 0.5536 -0.3279 0.7656
vn 0.5124 -0.3907 0.7647
vn 0.3869 -0.2097 0.8980
vn 0.3712 -0.2506 0.8941
vn 0.3542 -0.2948 0.8875
vn 0.1922 -0.1067 0.9755
vn 0.1593 -0.1119 0.9809
vn 0.1357 -0.1148 0.9841
vn 0.1148 -0.1357 0.9841
vn 0.1120 -0.1593 0.9809
vn 0.1067 -0.1922 0.9755
vn 0.1255 -0.2278 0.9656
vn 0.1496 -0.2205 0.9638
vn 0.1748 -0.2130 0.9613
vn 0.2130 -0.1748 0.9613
vn 0.2205 -0.1496 0.9638
vn 0.2278 -0.1255 0.9656
vn 0.0854 -0.2857 0.9545
vn 0.0727 -0.3376 0.9385
vn 0.0623 -0.3902 0.9186
vn 0.1748 -0.3398 0.9241
vn 0.1831 -0.2857 0.9407
vn 0.1938 -0.2406 0.9511
vn 0.3902 -0.0623 0.9186
vn 0.3376 -0.0727 0.9385
vn 0.2857 -0.0854 0.9545
vn 0.2406 -0.1938 0.9511
vn 0.2857 -0.1831 0.9407
vn 0.3398 -0.1748 0.9241
vn 0.7521 0.0753 0.6547
vn 0.8092 0.0713 0.5831
vn 0.8236 0.0602 0.5639
vn 0.8125 0.1054 0.5734
vn 0.7905 0.1649 0.5899
vn 0.7534 0.2437 0.6107
vn 0.7128 0.3037 0.6322
vn 0.7074 0.2917 0.6438
vn 0.6686 0.2641 0.6952
vn 0.6180 0.1864 0.7638
vn 0.6339 0.1463 0.7594
vn 0.6487 0.1068 0.7535
vn 0.6717 0.3790 0.6365
vn 0.6320 0.4331 0.6427
vn 0.5877 0.4865 0.6465
vn 0.5350 0.5350 0.6539
vn 0.5302 0.5302 0.6617
vn 0.5038 0.5038 0.7016
vn 0.5124 0.3907 0.7647
vn 0.5536 0.3279 0.7656
vn 0.5816 0.2731 0.7662
vn 0.4956 0.0553 0.8668
vn 0.5449 0.0580 0.8365
vn 0.5921 0.0620 0.8035
vn 0.5501 0.2036 0.8099
vn 0.5107 0.1895 0.8386
vn 0.4606 0.1780 0.8696
vn 0.4136 0.1393 0.8997
vn 0.4248 0.1099 0.8986
vn 0.4349 0.0829 0.8967
vn 0.4171 0.4171 0.8075
vn 0.3913 0.3913 0.8330
vn 0.3637 0.3637 0.8576
vn 0.3542 0.2948 0.8875
vn 0.3712 0.2506 0.8941
vn 0.3869 0.2097 0.8980
vn 0.2437 0.7534 0.6107
vn 0.1649 0.7905 0.5899
vn 0.1054 0.8125 0.5734
vn 0.0602 0.8236 0.5639
vn 0.0713 0.8092 0.5831
vn 0.0753 0.7521 0.6547
vn 0.1068 0.6487 0.7535
vn 0.1463 0.6339 0.7594
vn 0.1864 0.6180 0.7638
vn 0.2641 0.6686 0.6952
vn 0.2917 0.7074 0.6438
vn 0.3037 0.7128 0.6322
vn 0.0620 0.5921 0.8035
vn 0.0580 0.5449 0.8365
vn 0.0553 0.4956 0.8668
vn 0.0829 0.4349 0.8967
vn 0.1099 0.4248 0.8986
vn 0.1393 0.4136 0.8997
vn 0.1780 0.4606 0.8696
vn 0.1895 0.5107 0.8386
vn 0.2036 0.5501 0.8099
vn 0.4865 0.5877 0.6465
vn 0.4331 0.6320 0.6427
vn 0.3790 0.6717 0.6365
vn 0.2731 0.5816 0.7662
vn 0.3279 0.5536 0.7655
vn 0.3907 0.5124 0.7647
vn 0.2097 0.3869 0.8980
vn 0.2506 0.3712 0.8941
vn 0.2948 0.3542 0.8875
vn 0.1067 0.1922 0.9755
vn 0.1119 0.1593 0.9809
vn 0.1148 0.1357 0.9841
vn 0.1357 0.1148 0.9841
vn 0.1593 0.1120 0.9809
vn 0.1922 0.1067 0.9755
vn 0.2278 0.1255 0.9656
vn 0.2205 0.1496 0.9638
vn 0.2130 0.1748 0.9613
vn 0.1748 0.2130 0.9613
vn 0.1496 0.2205 0.9638
vn 0.1255 0.2278 0.9656
vn 0.2857 0.0854 0.9545
vn 0.3376 0.0727 0.9385
vn 0.3902 0.0623 0.9186
vn 0.3398 0.1748 0.9241
vn 0.2857 0.1831 0.9407
vn 0.2406 0.1938 0.9511
vn 0.0623 0.3902 0.9186
vn 0.0727 0.3376 0.9385
vn 0.0854 0.2857 0.9545
vn 0.1938 0.2406 0.9511
vn 0.1831 0.2857 0.9407
vn 0.1748 0.3398 0.9241
vn -0.7534 0.2437 0.6107
vn -0.7905 0.1649 0.5899
vn -0.8125 0.1054 0.5734
vn -0.8236 0.0602 0.5639
vn -0.8092 0.0713 0.5831
vn -0.7521 0.0753 0.6547
vn -0.6487 0.1068 0.7535
vn -0.6339 0.1463 0.7594
vn -0.6180 0.1864 0.7638
vn -0.6686 0.2641 0.6952
vn -0.7074 0.2917 0.6438
vn -0.7128 0.3037 0.6322
vn -0.5921 0.0620 0.8035
vn -0.5449 0.0580 0.8365
vn -0.4956 0.0553 0.8668
vn -0.4349 0.0829 0.8967
vn -0.4248 0.1099 0.8986
vn -0.4136 0.1393 0.8997
vn -0.4606 0.1780 0.8696
vn -0.5107 0.1895 0.8386
vn -0.5501 0.2036 0.8099
vn -0.5877 0.4865 0.6465
vn -0.6320 0.4331 0.6427
vn -0.6717 0.3790 0.6365
vn -0.5816 0.2731 0.7662
vn -0.5536 0.3279 0.7656
vn -0.5124 0.3907 0.7647
vn -0.5038 0.5038 0.7016
vn -0.5302 0.5302 0.6617
vn -0.5350 0.5350 0.6539
vn -0.3869 0.2097 0.8980
vn -0.3712 0.2506 0.8941
vn -0.3542 0.2948 0.8875
vn -0.3637 0.3637 0.8576
vn -0.3913 0.3913 0.8330
vn -0.4171 0.4171 0.8075
vn -0.1922 0.1067 0.9755
vn -0.1593 0.1119 0.9809
vn -0.1357 0.1148 0.9841
vn -0.1148 0.1357 0.9841
vn -0.1120 0.1593 0.9809
vn -0.1067 0.1922 0.9755
vn -0.1255 0.2278 0.9656
vn -0.1496 0.2205 0.9638
vn -0.1748 0.2130 0.9613
vn -0.2130 0.1748 0.9613
vn -0.2205 0.1496 0.9638
vn -0.2278 0.1255 0.9656
vn -0.0854 0.2857 0.9545
vn -0.0727 0.3376 0.9385
vn -0.0623 0.3902 0.9186
vn -0.0829 0.4349 0.8967
vn -0.1099 0.4248 0.8986
vn -0.1393 0.4136 0.8997
vn -0.1748 0.3398 0.9241
vn -0.1831 0.2857 0.9407
vn -0.1938 0.2406 0.9511
vn -0.3902 0.0623 0.9186
vn -0.3376 0.0727 0.9385
vn -0.2857 0.0854 0.9545
vn -0.2406 0.1938 0.9511
vn -0.2857 0.1831 0.9407
vn -0.3398 0.1748 0.9241
vn -0.2097 0.3869 0.8980
vn -0.2506 0.3712 0.8941
vn -0.2948 0.3542 0.8875
vn -0.0753 0.7521 0.6547
vn -0.0713 0.8092 0.5831
vn -0.0602 0.8236 0.5639
vn -0.1054 0.8125 0.5734
vn -0.1649 0.7905 0.5899
vn -0.2437 0.7534 0.6107
vn -0.3037 0.7128 0.6322
vn -0.2917 0.7074 0.6438
vn -0.2641 0.6686 0.6952
vn -0.1864 0.6180 0.7638
vn -0.1463 0.6339 0.7594
vn -0.1068 0.6487 0.7535
vn -0.3790 0.6717 0.6365
vn -0.4331 0.6320 0.6427
vn -0.4865 0.5877 0.6465
vn -0.3907 0.5124 0.7647
vn -0.3279 0.5536 0.7656
vn -0.2731 0.5816 0.7662
vn -0.0553 0.4956 0.8668
vn -0.0580 0.5449 0.8365
vn -0.0620 0.5921 0.8035
vn -0.2036 0.5501 0.8099
vn -0.1895 0.5107 0.8386
vn -0.1780 0.4606 0.8696
vn -0.9676 -0.0849 0.2377
vn -0.9737 -0.0000 0.2277
vn -0.9676 0.0849 0.2377
vn -0.9938 0.0707 -0.0859
vn -0.9954 -0.0000 -0.0961
vn -0.9938 -0.0707 -0.0859
vn -0.8423 0.0761 -0.5336
vn -0.8446 -0.0000 -0.5354
vn -0.8423 -0.0761 -0.5336
vn -0.4982 0.0698 -0.8642
vn -0.5080 -0.0000 -0.8613
vn -0.4982 -0.0698 -0.8642
vn -0.1864 0.0981 -0.9776
vn -0.2068 -0.0000 -0.9784
vn -0.1864 -0.0981 -0.9776
vn -0.0849 0.9676 0.2377
vn -0.0000 0.9737 0.2277
vn 0.0849 0.9676 0.2377
vn 0.0707 0.9938 -0.0859
vn -0.0000 0.9954 -0.0961
vn -0.0707 0.9938 -0.0859
vn 0.0761 0.8423 -0.5336
vn -0.0000 0.8446 -0.5353
vn -0.0761 0.8423 -0.5336
vn 0.0698 0.4982 -0.8642
vn -0.0000 0.5080 -0.8613
vn -0.0698 0.4982 -0.8642
vn 0.0981 0.1864 -0.9776
vn -0.0000 0.2068 -0.9784
vn -0.0981 0.1864 -0.9776
vn 0.9676 0.0849 0.2377
vn 0.9737 -0.0000 0.2277
vn 0.9676 -0.0849 0.2377
vn 0.9938 -0.0707 -0.0859
vn 0.9954 -0.0000 -0.0961
vn 0.9938 0.0707 -0.0859
vn 0.8423 -0.0761 -0.5336
vn 0.8446 -0.0000 -0.5354
vn 0.8423 0.0761 -0.5336
vn 0.4982 -0.0698 -0.8642
vn 0.5080 -0.0000 -0.8613
vn 0.4982 0.0698 -0.8642
vn 0.1864 -0.0981 -0.9776
vn 0.2068 -0.0000 -0.9784
vn 0.1864 0.0981 -0.9776
vn 0.0849 -0.9676 0.2377
vn -0.0000 -0.9737 0.2277
vn -0.0849 -0.9676 0.2377
vn -0.0707 -0.9938 -0.0859
vn -0.0000 -0.9954 -0.0961
vn 0.0707 -0.9938 -0.0859
vn -0.0761 -0.8423 -0.5336
vn -0.0000 -0.8446 -0.5354
vn 0.0761 -0.8423 -0.5336
vn -0.0698 -0.4982 -0.8642
vn -0.0000 -0.5080 -0.8613
vn 0.0698 -0.4982 -0.8642
vn -0.0981 -0.1864 -0.9776
vn -0.0000 -0.2068 -0.9784
vn 0.0981 -0.1864 -0.9776
vn -0.8282 0.0305 0.5596
vn -0.8295 -0.0000 0.5585
vn -0.8282 -0.0305 0.5596
vn -0.6682 -0.0331 0.7432
vn -0.6707 -0.0000 0.7417
vn -0.6682 0.0331 0.7432
vn -0.4496 -0.0287 0.8928
vn -0.4518 -0.0000 0.8921
vn -0.4496 0.0287 0.8928
vn -0.2430 -0.0565 0.9684
vn -0.2465 -0.0000 0.9692
vn -0.2430 0.0565 0.9684
vn -0.1224 -0.0794 0.9893
vn -0.1257 -0.0000 0.9921
vn -0.1224 0.0794 0.9893
vn -0.0305 -0.8282 0.5596
vn -0.0000 -0.8295 0.5585
vn 0.0305 -0.8282 0.5596
vn 0.0331 -0.6682 0.7432
vn -0.0000 -0.6707 0.7417
vn -0.0331 -0.6682 0.7432
vn 0.0287 -0.4496 0.8928
vn -0.0000 -0.4518 0.8921
vn -0.0287 -0.4496 0.8928
vn 0.0565 -0.2430 0.9684
vn -0.0000 -0.2465 0.9692
vn -0.0565 -0.2430 0.9684
vn 0.0794 -0.1224 0.9893
vn -0.0000 -0.1257 0.9921
vn -0.0794 -0.1224 0.9893
vn 0.8282 -0.0305 0.5596
vn 0.8295 -0.0000 0.5585
vn 0.8282 0.0305 0.5596
vn 0.6682 0.0331 0.7432
vn 0.6707 -0.0000 0.7417
vn 0.6682 -0.0331 0.7432
vn 0.4496 0.0287 0.8928
vn 0.4518 -0.0000 0.8921
vn 0.4496 -0.0287 0.8928
vn 0.2430 0.0565 0.9684
vn 0.2465 -0.0000 0.9692
vn 0.2430 -0.0565 0.9684
vn 0.1224 0.0794 0.9893
vn 0.1257 -0.0000 0.9921
vn 0.1224 -0.0794 0.9893
vn 0.0305 0.8282 0.5596
vn -0.0000 0.8295 0.5585
vn -0.0305 0.8282 0.5596
vn -0.0331 0.6682 0.7432
vn -0.0000 0.6707 0.7417
vn 0.0331 0.6682 0.7432
vn -0.0287 0.4496 0.8928
vn -0.0000 0.4518 0.8921
vn 0.0287 0.4496 0.8928
vn -0.0565 0.2430 0.9684
vn -0.0000 0.2465 0.9692
vn 0.0565 0.2430 0.9684
vn -0.0794 0.1224 0.9893
vn -0.0000 0.1257 0.9921
vn 0.0794 0.1224 0.9893
vn -0.8339 -0.0942 0.5437
vn -0.8796 -0.1353 0.4561
vn -0.9305 -0.1525 0.3331
vn -0.8095 -0.4336 0.3958
vn -0.7666 -0.4058 0.4976
vn -0.7242 -0.3558 0.5907
vn -0.6439 -0.6439 0.4132
vn -0.6065 -0.6065 0.5142
vn -0.5611 -0.5611 0.6086
vn -0.4336 -0.8095 0.3958
vn -0.4058 -0.7666 0.4976
vn -0.3558 -0.7242 0.5907
vn -0.1525 -0.9305 0.3331
vn -0.1353 -0.8796 0.4561
vn -0.0942 -0.8339 0.5437
vn 0.9305 -0.1525 0.3331
vn 0.8796 -0.1353 0.4561
vn 0.8339 -0.0942 0.5437
vn 0.7242 -0.3558 0.5907
vn 0.7666 -0.4058 0.4976
vn 0.8095 -0.4336 0.3958
vn 0.5611 -0.5611 0.6086
vn 0.6065 -0.6065 0.5142
vn 0.6439 -0.6439 0.4132
vn 0.3558 -0.7242 0.5907
vn 0.4058 -0.7666 0.4976
vn 0.4336 -0.8095 0.3958
vn 0.0942 -0.8339 0.5437
vn 0.1353 -0.8796 0.4561
vn 0.1525 -0.9305 0.3331
vn 0.1525 0.9305 0.3331
vn 0.1353 0.8796 0.4561
vn 0.0942 0.8339 0.5437
vn 0.3558 0.7242 0.5907
vn 0.4058 0.7666 0.4976
vn 0.4336 0.8095 0.3958
vn 0.5611 0.5611 0.6086
vn 0.6065 0.6065 0.5142
vn 0.6439 0.6439 0.4132
vn 0.7242 0.3558 0.5907
vn 0.7666 0.4058 0.4976
vn 0.8095 0.4336 0.3958
vn 0.8339 0.0942 0.5437
vn 0.8796 0.1353 0.4561
vn 0.9305 0.1525 0.3331
vn -0.9305 0.1525 0.3331
vn -0.8796 0.1353 0.4561
vn -0.8339 0.0942 0.5437
vn -0.7242 0.3558 0.5907
vn -0.7666 0.4058 0.4976
vn -0.8095 0.4336 0.3958
vn -0.5611 0.5611 0.6086
vn -0.6065 0.6065 0.5142
vn -0.6439 0.6439 0.4132
vn -0.3558 0.7242 0.5907
vn -0.4058 0.7666 0.4976
vn -0.4336 0.8095 0.3958
vn -0.0942 0.8339 0.5437
vn -0.1353 0.8796 0.4561
vn -0.1525 0.9305 0.3331
vn -0.9536 -0.1486 0.2618
vn -0.9622 -0.1358 0.2360
vn -0.9813 -0.1374 0.1348
vn -0.9399 -0.1904 0.2835
vn -0.9497 -0.1767 0.2585
vn -0.9710 -0.1780 0.1599
vn -0.9045 -0.2916 0.3113
vn -0.9155 -0.2795 0.2894
vn -0.9390 -0.2808 0.1988
vn -0.9700 -0.1516 -0.1902
vn -0.9403 -0.1539 -0.3036
vn -0.8956 -0.1550 -0.4170
vn -0.9678 -0.1916 -0.1632
vn -0.9404 -0.1928 -0.2802
vn -0.8966 -0.1931 -0.3986
vn -0.9498 -0.2936 -0.1085
vn -0.9289 -0.2928 -0.2269
vn -0.8907 -0.2917 -0.3487
vn -0.7927 -0.5002 0.3484
vn -0.8006 -0.4965 0.3353
vn -0.8211 -0.5035 0.2689
vn -0.7514 -0.5565 0.3546
vn -0.7578 -0.5547 0.3436
vn -0.7758 -0.5633 0.2841
vn -0.7071 -0.6097 0.3583
vn -0.7115 -0.6101 0.3487
vn -0.7268 -0.6208 0.2939
vn -0.8524 -0.5226 0.0167
vn -0.8476 -0.5226 -0.0915
vn -0.8266 -0.5232 -0.2075
vn -0.8088 -0.5858 0.0526
vn -0.8086 -0.5864 -0.0489
vn -0.7937 -0.5868 -0.1606
vn -0.7586 -0.6468 0.0783
vn -0.7612 -0.6484 -0.0150
vn -0.7538 -0.6465 -0.1175
vn -0.1325 -0.1325 -0.9823
vn -0.1212 -0.1679 -0.9783
vn -0.1268 -0.2850 -0.9501
vn -0.1679 -0.1212 -0.9783
vn -0.1585 -0.1585 -0.9746
vn -0.1658 -0.2766 -0.9466
vn -0.2850 -0.1268 -0.9501
vn -0.2766 -0.1658 -0.9466
vn -0.2847 -0.2847 -0.9154
vn -0.1470 -0.5895 -0.7943
vn -0.1508 -0.6800 -0.7175
vn -0.1535 -0.7633 -0.6275
vn -0.1857 -0.5836 -0.7905
vn -0.1889 -0.6763 -0.7120
vn -0.1911 -0.7621 -0.6186
vn -0.2961 -0.5882 -0.7526
vn -0.2941 -0.6795 -0.6722
vn -0.2922 -0.7636 -0.5758
vn -0.5895 -0.1470 -0.7943
vn -0.5836 -0.1857 -0.7905
vn -0.5882 -0.2961 -0.7525
vn -0.6800 -0.1508 -0.7176
vn -0.6763 -0.1889 -0.7120
vn -0.6795 -0.2941 -0.6722
vn -0.7633 -0.1535 -0.6275
vn -0.7621 -0.1911 -0.6186
vn -0.7636 -0.2922 -0.5758
vn -0.5726 -0.5726 -0.5867
vn -0.5554 -0.6538 -0.5139
vn -0.5390 -0.7275 -0.4245
vn -0.6538 -0.5554 -0.5139
vn -0.6317 -0.6317 -0.4494
vn -0.6089 -0.7023 -0.3689
vn -0.7275 -0.5390 -0.4245
vn -0.7023 -0.6089 -0.3689
vn -0.6732 -0.6732 -0.3061
vn -0.1486 -0.9536 0.2618
vn -0.1904 -0.9399 0.2835
vn -0.2916 -0.9045 0.3113
vn -0.1358 -0.9622 0.2360
vn -0.1767 -0.9497 0.2585
vn -0.2795 -0.9155 0.2894
vn -0.1374 -0.9813 0.1348
vn -0.1780 -0.9710 0.1599
vn -0.2808 -0.9390 0.1988
vn -0.5002 -0.7927 0.3484
vn -0.5565 -0.7514 0.3546
vn -0.6097 -0.7071 0.3583
vn -0.4965 -0.8006 0.3353
vn -0.5547 -0.7578 0.3436
vn -0.6101 -0.7115 0.3487
vn -0.5035 -0.8211 0.2689
vn -0.5633 -0.7758 0.2841
vn -0.6208 -0.7268 0.2939
vn -0.1516 -0.9700 -0.1902
vn -0.1916 -0.9678 -0.1632
vn -0.2936 -0.9498 -0.1085
vn -0.1539 -0.9403 -0.3036
vn -0.1928 -0.9404 -0.2802
vn -0.2928 -0.9289 -0.2269
vn -0.1550 -0.8956 -0.4170
vn -0.1931 -0.8966 -0.3986
vn -0.2917 -0.8907 -0.3487
vn -0.5226 -0.8524 0.0167
vn -0.5858 -0.8088 0.0526
vn -0.6468 -0.7586 0.0783
vn -0.5226 -0.8476 -0.0915
vn -0.5864 -0.8086 -0.0488
vn -0.6484 -0.7612 -0.0150
vn -0.5232 -0.8266 -0.2075
vn -0.5868 -0.7937 -0.1606
vn -0.6465 -0.7538 -0.1175
vn 0.9536 -0.1486 0.2618
vn 0.9399 -0.1904 0.2835
vn 0.9045 -0.2916 0.3113
vn 0.9622 -0.1358 0.2360
vn 0.9497 -0.1767 0.2585
vn 0.9155 -0.2795 0.2894
vn 0.9813 -0.1374 0.1348
vn 0.9710 -0.1780 0.1599
vn 0.9390 -0.2808 0.1988
vn 0.7927 -0.5002 0.3484
vn 0.7514 -0.5565 0.3546
vn 0.7071 -0.6097 0.3583
vn 0.8006 -0.4965 0.3353
vn 0.7578 -0.5547 0.3436
vn 0.7115 -0.6101 0.3487
vn 0.8211 -0.5035 0.2689
vn 0.7758 -0.5633 0.2841
vn 0.7268 -0.6208 0.2939
vn 0.9700 -0.1516 -0.1902
vn 0.9678 -0.1915 -0.1632
vn 0.9498 -0.2936 -0.1085
vn 0.9403 -0.1539 -0.3036
vn 0.9404 -0.1928 -0.2802
vn 0.9289 -0.2928 -0.2269
vn 0.8956 -0.1550 -0.4170
vn 0.8966 -0.1931 -0.3986
vn 0.8907 -0.2917 -0.3487
vn 0.8524 -0.5226 0.0167
vn 0.8088 -0.5858 0.0526
vn 0.7586 -0.6468 0.0783
vn 0.8476 -0.5226 -0.0915
vn 0.8086 -0.5864 -0.0488
vn 0.7612 -0.6484 -0.0150
vn 0.8266 -0.5232 -0.2075
vn 0.7937 -0.5868 -0.1606
vn 0.7538 -0.6465 -0.1175
vn 0.1486 -0.9536 0.2618
vn 0.1358 -0.9622 0.2360
vn 0.1374 -0.9813 0.1348
vn 0.1904 -0.9399 0.2835
vn 0.1767 -0.9497 0.2585
vn 0.1780 -0.9710 0.1599
vn 0.2916 -0.9045 0.3113
vn 0.2795 -0.9155 0.2894
vn 0.2808 -0.9390 0.1988
vn 0.1516 -0.9700 -0.1902
vn 0.1539 -0.9403 -0.3036
vn 0.1550 -0.8956 -0.4170
vn 0.1916 -0.9678 -0.1632
vn 0.1928 -0.9404 -0.2802
vn 0.1931 -0.8966 -0.3986
vn 0.2936 -0.9498 -0.1085
vn 0.2928 -0.9289 -0.2269
vn 0.2917 -0.8907 -0.3487
vn 0.5002 -0.7927 0.3484
vn 0.4965 -0.8006 0.3353
vn 0.5035 -0.8211 0.2689
vn 0.5565 -0.7514 0.3546
vn 0.5547 -0.7578 0.3436
vn 0.5633 -0.7758 0.2841
vn 0.6097 -0.7071 0.3583
vn 0.6101 -0.7115 0.3487
vn 0.6208 -0.7268 0.2939
vn 0.5226 -0.8524 0.0167
vn 0.5226 -0.8476 -0.0915
vn 0.5232 -0.8266 -0.2075
vn 0.5858 -0.8088 0.0526
vn 0.5864 -0.8086 -0.0489
vn 0.5868 -0.7937 -0.1606
vn 0.6468 -0.7586 0.0783
vn 0.6484 -0.7612 -0.0150
vn 0.6465 -0.7538 -0.1175
vn 0.1325 -0.1325 -0.9823
vn 0.1679 -0.1212 -0.9783
vn 0.2850 -0.1268 -0.9501
vn 0.1212 -0.1679 -0.9783
vn 0.1585 -0.1585 -0.9746
vn 0.2766 -0.1658 -0.9466
vn 0.1268 -0.2850 -0.9501
vn 0.1658 -0.2766 -0.9466
vn 0.2847 -0.2847 -0.9154
vn 0.5895 -0.1470 -0.7943
vn 0.6800 -0.1508 -0.7175
vn 0.7633 -0.1535 -0.6275
vn 0.5836 -0.1857 -0.7905
vn 0.6763 -0.1889 -0.7120
vn 0.7621 -0.1911 -0.6186
vn 0.5882 -0.2961 -0.7526
vn 0.6795 -0.2941 -0.6722
vn 0.7636 -0.2922 -0.5758
vn 0.1470 -0.5895 -0.7943
vn 0.1857 -0.5836 -0.7905
vn 0.2961 -0.5882 -0.7525
vn 0.1508 -0.6800 -0.7176
vn 0.1889 -0.6763 -0.7120
vn 0.2941 -0.6795 -0.6722
vn 0.1535 -0.7633 -0.6275
vn 0.1911 -0.7621 -0.6186
vn 0.2922 -0.7636 -0.5758
vn 0.5726 -0.5726 -0.5867
vn 0.6538 -0.5554 -0.5139
vn 0.7275 -0.5390 -0.4245
vn 0.5554 -0.6538 -0.5139
vn 0.6317 -0.6317 -0.4494
vn 0.7023 -0.6089 -0.3689
vn 0.5390 -0.7275 -0.4245
vn 0.6089 -0.7023 -0.3689
vn 0.6732 -0.6732 -0.3061
vn 0.1486 0.9536 0.2618
vn 0.1904 0.9399 0.2835
vn 0.2916 0.9045 0.3113
vn 0.1358 0.9622 0.2360
vn 0.1767 0.9497 0.2585
vn 0.2795 0.9155 0.2894
vn 0.1374 0.9813 0.1348
vn 0.1780 0.9710 0.1599
vn 0.2808 0.9390 0.1988
vn 0.5002 0.7927 0.3484
vn 0.5565 0.7514 0.3546
vn 0.6097 0.7071 0.3583
vn 0.4965 0.8006 0.3353
vn 0.5547 0.7578 0.3436
vn 0.6101 0.7115 0.3487
vn 0.5035 0.8211 0.2689
vn 0.5633 0.7758 0.2841
vn 0.6208 0.7268 0.2939
vn 0.1516 0.9700 -0.1902
vn 0.1916 0.9678 -0.1632
vn 0.2936 0.9498 -0.1085
vn 0.1539 0.9403 -0.3036
vn 0.1928 0.9404 -0.2802
vn 0.2928 0.9289 -0.2269
vn 0.1550 0.8956 -0.4170
vn 0.1931 0.8966 -0.3986
vn 0.2917 0.8907 -0.3487
vn 0.5226 0.8524 0.0167
vn 0.5858 0.8088 0.0526
vn 0.6468 0.7586 0.0783
vn 0.5226 0.8476 -0.0915
vn 0.5864 0.8086 -0.0488
vn 0.6484 0.7612 -0.0150
vn 0.5232 0.8266 -0.2075
vn 0.5868 0.7937 -0.1606
vn 0.6465 0.7538 -0.1175
vn 0.9536 0.1486 0.2618
vn 0.9622 0.1358 0.2360
vn 0.9813 0.1374 0.1348
vn 0.9399 0.1904 0.2835
vn 0.9497 0.1767 0.2585
vn 0.9710 0.1780 0.1599
vn 0.9045 0.2916 0.3113
vn 0.9155 0.2795 0.2894
vn 0.9390 0.2808 0.1988
vn 0.9700 0.1516 -0.1902
vn 0.9403 0.1539 -0.3036
vn 0.8956 0.1550 -0.4170
vn 0.9678 0.1916 -0.1632
vn 0.9404 0.1928 -0.2802
vn 0.8966 0.1931 -0.3986
vn 0.9498 0.2936 -0.1085
vn 0.9289 0.2928 -0.2269
vn 0.8907 0.2917 -0.3487
vn 0.7927 0.5002 0.3484
vn 0.8006 0.4965 0.3353
vn 0.8211 0.5035 0.2689
vn 0.7514 0.5565 0.3546
vn 0.7578 0.5547 0.3436
vn 0.7758 0.5633 0.2841
vn 0.7071 0.6097 0.3583
vn 0.7115 0.6101 0.3487
vn 0.7268 0.6208 0.2939
vn 0.8524 0.5226 0.0167
vn 0.8476 0.5226 -0.0915
vn 0.8266 0.5232 -0.2075
vn 0.8088 0.5858 0.0526
vn 0.8086 0.5864 -0.0489
vn 0.7937 0.5868 -0.1606
vn 0.7586 0.6468 0.0783
vn 0.7612 0.6484 -0.0150
vn 0.7538 0.6465 -0.1175
vn 0.1325 0.1325 -0.9823
vn 0.1212 0.1679 -0.9783
vn 0.1268 0.2850 -0.9501
vn 0.1679 0.1212 -0.9783
vn 0.1585 0.1585 -0.9746
vn 0.1658 0.2766 -0.9466
vn 0.2850 0.1268 -0.9501
vn 0.2766 0.1658 -0.9466
vn 0.2847 0.2847 -0.9154
vn 0.1470 0.5895 -0.7943
vn 0.1508 0.6800 -0.7175
vn 0.1535 0.7633 -0.6275
vn 0.1857 0.5836 -0.7905
vn 0.1889 0.6763 -0.7120
vn 0.1911 0.7621 -0.6186
vn 0.2961 0.5882 -0.7526
vn 0.2941 0.6795 -0.6722
vn 0.2922 0.7636 -0.5758
vn 0.5895 0.1470 -0.7943
vn 0.5836 0.1857 -0.7905
vn 0.5882 0.2961 -0.7525
vn 0.6800 0.1508 -0.7176
vn 0.6763 0.1889 -0.7120
vn 0.6795 0.2941 -0.6722
vn 0.7633 0.1535 -0.6275
vn 0.7621 0.1911 -0.6186
vn 0.7636 0.2922 -0.5758
vn 0.5726 0.5726 -0.5867
vn 0.5554 0.6538 -0.5139
vn 0.5390 0.7275 -0.4245
vn 0.6538 0.5554 -0.5139
vn 0.6317 0.6317 -0.4494
vn 0.6089 0.7023 -0.3689
vn 0.7275 0.5390 -0.4245
vn 0.7023 0.6089 -0.3689
vn 0.6732 0.6732 -0.3061
vn -0.9536 0.1486 0.2618
vn -0.9399 0.1904 0.2835
vn -0.9045 0.2916 0.3113
vn -0.9622 0.1358 0.2360
vn -0.9497 0.1767 0.2585
vn -0.9155 0.2795 0.2894
vn -0.9813 0.1374 0.1348
vn -0.9710 0.1780 0.1599
vn -0.9390 0.2808 0.1988
vn -0.7927 0.5002 0.3484
vn -0.7514 0.5565 0.3546
vn -0.7071 0.6097 0.3583
vn -0.8006 0.4965 0.3353
vn -0.7578 0.5547 0.3436
vn -0.7115 0.6101 0.3487
vn -0.8211 0.5035 0.2689
vn -0.7758 0.5633 0.2841
vn -0.7268 0.6208 0.2939
vn -0.9700 0.1516 -0.1902
vn -0.9678 0.1915 -0.1632
vn -0.9498 0.2936 -0.1085
vn -0.9403 0.1539 -0.3036
vn -0.9404 0.1928 -0.2802
vn -0.9289 0.2928 -0.2269
vn -0.8956 0.1550 -0.4170
vn -0.8966 0.1931 -0.3986
vn -0.8907 0.2917 -0.3487
vn -0.8524 0.5226 0.0167
vn -0.8088 0.5858 0.0526
vn -0.7586 0.6468 0.0783
vn -0.8476 0.5226 -0.0915
vn -0.8086 0.5864 -0.0488
vn -0.7612 0.6484 -0.0150
vn -0.8266 0.5232 -0.2075
vn -0.7937 0.5868 -0.1606
vn -0.7538 0.6465 -0.1175
vn -0.1486 0.9536 0.2618
vn -0.1358 0.9622 0.2360
vn -0.1374 0.9813 0.1348
vn -0.1904 0.9399 0.2835
vn -0.1767 0.9497 0.2585
vn -0.1780 0.9710 0.1599
vn -0.2916 0.9045 0.3113
vn -0.2795 0.9155 0.2894
vn -0.2808 0.9390 0.1988
vn -0.1516 0.9700 -0.1902
vn -0.1539 0.9403 -0.3036
vn -0.1550 0.8956 -0.4170
vn -0.1916 0.9678 -0.1632
vn -0.1928 0.9404 -0.2802
vn -0.1931 0.8966 -0.3986
vn -0.2936 0.9498 -0.1085
vn -0.2928 0.9289 -0.2269
vn -0.2917 0.8907 -0.3487
vn -0.5002 0.7927 0.3484
vn -0.4965 0.8006 0.3353
vn -0.5035 0.8211 0.2689
vn -0.5565 0.7514 0.3546
vn -0.5547 0.7578 0.3436
vn -0.5633 0.7758 0.2841
vn -0.6097 0.7071 0.3583
vn -0.6101 0.7115 0.3487
vn -0.6208 0.7268 0.2939
vn -0.5226 0.8524 0.0167
vn -0.5226 0.8476 -0.0915
vn -0.5232 0.8266 -0.2075
vn -0.5858 0.8088 0.0526
vn -0.5864 0.8086 -0.0489
vn -0.5868 0.7937 -0.1606
vn -0.6468 0.7586 0.0783
vn -0.6484 0.7612 -0.0150
vn -0.6465 0.7538 -0.1175
vn -0.1325 0.1325 -0.9823
vn -0.1679 0.1212 -0.9783
vn -0.2850 0.1268 -0.9501
vn -0.1212 0.1679 -0.9783
vn -0.1585 0.1585 -0.9746
vn -0.2766 0.1658 -0.9466
vn -0.1268 0.2850 -0.9501
vn -0.1658 0.2766 -0.9466
vn -0.2847 0.2847 -0.9154
vn -0.5895 0.1470 -0.7943
vn -0.6800 0.1508 -0.7175
vn -0.7633 0.1535 -0.6275
vn -0.5836 0.1857 -0.7905
vn -0.6763 0.1889 -0.7120
vn -0.7621 0.1911 -0.6186
vn -0.5882 0.2961 -0.7526
vn -0.6795 0.2941 -0.6722
vn -0.7636 0.2922 -0.5758
vn -0.1470 0.5895 -0.7943
vn -0.1857 0.5836 -0.7905
vn -0.2961 0.5882 -0.7525
vn -0.1508 0.6800 -0.7176
vn -0.1889 0.6763 -0.7120
vn -0.2941 0.6795 -0.6722
vn -0.1535 0.7633 -0.6275
vn -0.1911 0.7621 -0.6186
vn -0.2922 0.7636 -0.5758
vn -0.5726 0.5726 -0.5867
vn -0.6538 0.5554 -0.5139
vn -0.7275 0.5390 -0.4245
vn -0.5554 0.6538 -0.5139
vn -0.6317 0.6317 -0.4494
vn -0.7023 0.6089 -0.3689
vn -0.5390 0.7275 -0.4245
vn -0.6089 0.7023 -0.3689
vn -0.6732 0.6732 -0.3061
vn -0.8091 -0.1052 0.5782
vn -0.7845 -0.1655 0.5976
vn -0.7501 -0.2368 0.6175
vn -0.7920 -0.1190 0.5988
vn -0.7675 -0.1753 0.6166
vn -0.7380 -0.2351 0.6325
vn -0.7358 -0.1201 0.6665
vn -0.7149 -0.1679 0.6788
vn -0.6919 -0.2164 0.6888
vn -0.6765 -0.3616 0.6416
vn -0.6362 -0.4185 0.6481
vn -0.5891 -0.4768 0.6524
vn -0.6753 -0.3462 0.6513
vn -0.6366 -0.4043 0.6567
vn -0.5884 -0.4666 0.6604
vn -0.6428 -0.3145 0.6985
vn -0.6091 -0.3724 0.7003
vn -0.5632 -0.4370 0.7013
vn -0.5840 -0.0956 0.8061
vn -0.5741 -0.1304 0.8084
vn -0.5629 -0.1662 0.8096
vn -0.5386 -0.0885 0.8379
vn -0.5310 -0.1202 0.8388
vn -0.5220 -0.1536 0.8390
vn -0.4890 -0.0832 0.8683
vn -0.4812 -0.1121 0.8694
vn -0.4720 -0.1433 0.8699
vn -0.5331 -0.2459 0.8095
vn -0.5078 -0.2968 0.8087
vn -0.4699 -0.3557 0.8079
vn -0.4952 -0.2301 0.8377
vn -0.4729 -0.2778 0.8362
vn -0.4396 -0.3333 0.8341
vn -0.4461 -0.2168 0.8683
vn -0.4275 -0.2606 0.8656
vn -0.4034 -0.3103 0.8608
vn -0.1052 -0.8091 0.5782
vn -0.1190 -0.7920 0.5988
vn -0.1201 -0.7358 0.6665
vn -0.1655 -0.7845 0.5976
vn -0.1753 -0.7675 0.6166
vn -0.1679 -0.7149 0.6788
vn -0.2368 -0.7501 0.6175
vn -0.2351 -0.7380 0.6325
vn -0.2165 -0.6919 0.6888
vn -0.0956 -0.5839 0.8061
vn -0.0885 -0.5386 0.8379
vn -0.0832 -0.4890 0.8683
vn -0.1304 -0.5741 0.8084
vn -0.1202 -0.5310 0.8388
vn -0.1121 -0.4812 0.8694
vn -0.1662 -0.5629 0.8096
vn -0.1536 -0.5220 0.8390
vn -0.1433 -0.4720 0.8699
vn -0.3616 -0.6765 0.6416
vn -0.3462 -0.6753 0.6513
vn -0.3145 -0.6428 0.6985
vn -0.4185 -0.6362 0.6481
vn -0.4043 -0.6366 0.6567
vn -0.3724 -0.6091 0.7003
vn -0.4768 -0.5891 0.6524
vn -0.4666 -0.5884 0.6604
vn -0.4370 -0.5632 0.7013
vn -0.2459 -0.5331 0.8095
vn -0.2301 -0.4952 0.8377
vn -0.2168 -0.4461 0.8683
vn -0.2968 -0.5078 0.8087
vn -0.2778 -0.4729 0.8362
vn -0.2606 -0.4275 0.8656
vn -0.3557 -0.4699 0.8079
vn -0.3333 -0.4396 0.8341
vn -0.3103 -0.4034 0.8608
vn -0.1350 -0.1350 0.9816
vn -0.1579 -0.1349 0.9782
vn -0.1882 -0.1325 0.9732
vn -0.1350 -0.1579 0.9782
vn -0.1575 -0.1575 0.9749
vn -0.1852 -0.1556 0.9703
vn -0.1325 -0.1882 0.9732
vn -0.1556 -0.1852 0.9703
vn -0.1814 -0.1814 0.9665
vn -0.2748 -0.1139 0.9547
vn -0.3256 -0.1006 0.9401
vn -0.3793 -0.0891 0.9210
vn -0.2635 -0.1391 0.9546
vn -0.3125 -0.1264 0.9415
vn -0.3668 -0.1153 0.9231
vn -0.2521 -0.1648 0.9536
vn -0.2989 -0.1530 0.9419
vn -0.3534 -0.1432 0.9244
vn -0.1140 -0.2748 0.9547
vn -0.1391 -0.2635 0.9546
vn -0.1648 -0.2521 0.9536
vn -0.1006 -0.3257 0.9401
vn -0.1264 -0.3125 0.9415
vn -0.1530 -0.2989 0.9419
vn -0.0891 -0.3793 0.9210
vn -0.1153 -0.3668 0.9231
vn -0.1432 -0.3534 0.9244
vn -0.2292 -0.2292 0.9460
vn -0.2729 -0.2186 0.9369
vn -0.3262 -0.2109 0.9215
vn -0.2186 -0.2729 0.9369
vn -0.2611 -0.2611 0.9293
vn -0.3125 -0.2520 0.9159
vn -0.2109 -0.3262 0.9215
vn -0.2520 -0.3125 0.9159
vn -0.2991 -0.2991 0.9061
vn 0.1052 -0.8091 0.5782
vn 0.1655 -0.7845 0.5976
vn 0.2368 -0.7501 0.6175
vn 0.1190 -0.7920 0.5988
vn 0.1753 -0.7675 0.6166
vn 0.2351 -0.7380 0.6325
vn 0.1201 -0.7358 0.6665
vn 0.1679 -0.7149 0.6788
vn 0.2164 -0.6919 0.6888
vn 0.3616 -0.6765 0.6416
vn 0.4185 -0.6362 0.6481
vn 0.4768 -0.5891 0.6524
vn 0.3462 -0.6753 0.6513
vn 0.4043 -0.6366 0.6567
vn 0.4666 -0.5884 0.6604
vn 0.3145 -0.6428 0.6985
vn 0.3724 -0.6091 0.7003
vn 0.4370 -0.5632 0.7013
vn 0.0956 -0.5840 0.8061
vn 0.1304 -0.5741 0.8084
vn 0.1662 -0.5629 0.8096
vn 0.0885 -0.5386 0.8379
vn 0.1202 -0.5310 0.8388
vn 0.1536 -0.5220 0.8390
vn 0.0832 -0.4890 0.8683
vn 0.1121 -0.4812 0.8694
vn 0.1433 -0.4720 0.8699
vn 0.2459 -0.5331 0.8095
vn 0.2968 -0.5078 0.8087
vn 0.3557 -0.4699 0.8079
vn 0.2301 -0.4952 0.8377
vn 0.2778 -0.4729 0.8362
vn 0.3333 -0.4396 0.8341
vn 0.2168 -0.4461 0.8683
vn 0.2606 -0.4275 0.8656
vn 0.3103 -0.4034 0.8608
vn 0.8091 -0.1052 0.5782
vn 0.7920 -0.1190 0.5988
vn 0.7358 -0.1201 0.6665
vn 0.7845 -0.1655 0.5976
vn 0.7675 -0.1753 0.6166
vn 0.7149 -0.1679 0.6788
vn 0.7501 -0.2368 0.6175
vn 0.7380 -0.2351 0.6325
vn 0.6919 -0.2165 0.6888
vn 0.5839 -0.0956 0.8061
vn 0.5386 -0.0885 0.8379
vn 0.4890 -0.0832 0.8683
vn 0.5741 -0.1304 0.8084
vn 0.5310 -0.1202 0.8388
vn 0.4812 -0.1121 0.8694
vn 0.5629 -0.1662 0.8096
vn 0.5220 -0.1536 0.8390
vn 0.4720 -0.1433 0.8699
vn 0.6765 -0.3616 0.6416
vn 0.6753 -0.3462 0.6513
vn 0.6428 -0.3145 0.6985
vn 0.6362 -0.4185 0.6481
vn 0.6366 -0.4043 0.6567
vn 0.6091 -0.3724 0.7003
vn 0.5891 -0.4768 0.6524
vn 0.5884 -0.4666 0.6604
vn 0.5632 -0.4370 0.7013
vn 0.5331 -0.2459 0.8095
vn 0.4952 -0.2301 0.8377
vn 0.4461 -0.2168 0.8683
vn 0.5078 -0.2968 0.8087
vn 0.4729 -0.2778 0.8362
vn 0.4275 -0.2606 0.8656
vn 0.4699 -0.3557 0.8079
vn 0.4396 -0.3333 0.8341
vn 0.4034 -0.3103 0.8608
vn 0.1350 -0.1350 0.9816
vn 0.1350 -0.1579 0.9782
vn 0.1325 -0.1882 0.9732
vn 0.1579 -0.1350 0.9782
vn 0.1575 -0.1575 0.9749
vn 0.1556 -0.1852 0.9703
vn 0.1882 -0.1325 0.9732
vn 0.1852 -0.1556 0.9703
vn 0.1814 -0.1814 0.9665
vn 0.1139 -0.2748 0.9547
vn 0.1006 -0.3256 0.9401
vn 0.0891 -0.3793 0.9210
vn 0.1391 -0.2635 0.9546
vn 0.1264 -0.3125 0.9415
vn 0.1153 -0.3668 0.9231
vn 0.1648 -0.2521 0.9536
vn 0.1530 -0.2989 0.9419
vn 0.1432 -0.3534 0.9244
vn 0.2748 -0.1140 0.9547
vn 0.2635 -0.1391 0.9546
vn 0.2521 -0.1648 0.9536
vn 0.3256 -0.1006 0.9401
vn 0.3125 -0.1264 0.9415
vn 0.2989 -0.1530 0.9419
vn 0.3793 -0.0891 0.9210
vn 0.3668 -0.1153 0.9231
vn 0.3534 -0.1432 0.9244
vn 0.2292 -0.2292 0.9460
vn 0.2186 -0.2729 0.9369
vn 0.2109 -0.3262 0.9215
vn 0.2729 -0.2186 0.9369
vn 0.2611 -0.2611 0.9293
vn 0.2520 -0.3125 0.9159
vn 0.3262 -0.2109 0.9215
vn 0.3125 -0.2520 0.9159
vn 0.2991 -0.2991 0.9061
vn 0.8091 0.1052 0.5782
vn 0.7845 0.1655 0.5976
vn 0.7501 0.2368 0.6175
vn 0.7920 0.1190 0.5988
vn 0.7675 0.1753 0.6166
vn 0.7380 0.2351 0.6325
vn 0.7358 0.1201 0.6665
vn 0.7149 0.1679 0.6788
vn 0.6919 0.2164 0.6888
vn 0.6765 0.3616 0.6416
vn 0.6362 0.4185 0.6481
vn 0.5891 0.4768 0.6524
vn 0.6753 0.3462 0.6513
vn 0.6366 0.4043 0.6567
vn 0.5884 0.4666 0.6604
vn 0.6428 0.3145 0.6985
vn 0.6091 0.3724 0.7003
vn 0.5632 0.4370 0.7013
vn 0.5840 0.0956 0.8061
vn 0.5741 0.1304 0.8084
vn 0.5629 0.1662 0.8096
vn 0.5386 0.0885 0.8379
vn 0.5310 0.1202 0.8388
vn 0.5220 0.1536 0.8390
vn 0.4890 0.0832 0.8683
vn 0.4812 0.1121 0.8694
vn 0.4720 0.1433 0.8699
vn 0.5331 0.2459 0.8095
vn 0.5078 0.2968 0.8087
vn 0.4699 0.3557 0.8079
vn 0.4952 0.2301 0.8377
vn 0.4729 0.2778 0.8362
vn 0.4396 0.3333 0.8341
vn 0.4461 0.2168 0.8683
vn 0.4275 0.2606 0.8656
vn 0.4034 0.3103 0.8608
vn 0.1052 0.8091 0.5782
vn 0.1190 0.7920 0.5988
vn 0.1201 0.7358 0.6665
vn 0.1655 0.7845 0.5976
vn 0.1753 0.7675 0.6166
vn 0.1679 0.7149 0.6788
vn 0.2368 0.7501 0.6175
vn 0.2351 0.7380 0.6325
vn 0.2165 0.6919 0.6888
vn 0.0956 0.5839 0.8061
vn 0.0885 0.5386 0.8379
vn 0.0832 0.4890 0.8683
vn 0.1304 0.5741 0.8084
vn 0.1202 0.5310 0.8388
vn 0.1121 0.4812 0.8694
vn 0.1662 0.5629 0.8096
vn 0.1536 0.5220 0.8390
vn 0.1433 0.4720 0.8699
vn 0.3616 0.6765 0.6416
vn 0.3462 0.6753 0.6513
vn 0.3145 0.6428 0.6985
vn 0.4185 0.6362 0.6481
vn 0.4043 0.6366 0.6567
vn 0.3724 0.6091 0.7003
vn 0.4768 0.5891 0.6524
vn 0.4666 0.5884 0.6604
vn 0.4370 0.5632 0.7013
vn 0.2459 0.5331 0.8095
vn 0.2301 0.4952 0.8377
vn 0.2168 0.4461 0.8683
vn 0.2968 0.5078 0.8087
vn 0.2778 0.4729 0.8362
vn 0.2606 0.4275 0.8656
vn 0.3556 0.4699 0.8079
vn 0.3333 0.4396 0.8341
vn 0.3103 0.4034 0.8608
vn 0.1350 0.1350 0.9816
vn 0.1579 0.1349 0.9782
vn 0.1882 0.1325 0.9732
vn 0.1350 0.1579 0.9782
vn 0.1575 0.1575 0.9749
vn 0.1852 0.1556 0.9703
vn 0.1325 0.1882 0.9732
vn 0.1556 0.1852 0.9703
vn 0.1814 0.1814 0.9665
vn 0.2748 0.1139 0.9547
vn 0.3256 0.1006 0.9401
vn 0.3793 0.0891 0.9210
vn 0.2635 0.1391 0.9546
vn 0.3125 0.1264 0.9415
vn 0.3668 0.1153 0.9231
vn 0.2521 0.1648 0.9536
vn 0.2989 0.1530 0.9419
vn 0.3534 0.1432 0.9244
vn 0.1140 0.2748 0.9547
vn 0.1391 0.2635 0.9546
vn 0.1648 0.2521 0.9536
vn 0.1006 0.3257 0.9401
vn 0.1264 0.3125 0.9415
vn 0.1530 0.2989 0.9419
vn 0.0891 0.3793 0.9210
vn 0.1153 0.3668 0.9231
vn 0.1432 0.3534 0.9244
vn 0.2292 0.2292 0.9460
vn 0.2729 0.2186 0.9369
vn 0.3262 0.2109 0.9215
vn 0.2186 0.2729 0.9369
vn 0.2611 0.2611 0.9293
vn 0.3125 0.2520 0.9159
vn 0.2109 0.3262 0.9215
vn 0.2520 0.3125 0.9159
vn 0.2991 0.2991 0.9061
vn -0.8091 0.1052 0.5782
vn -0.7920 0.1190 0.5988
vn -0.7358 0.1201 0.6665
vn -0.7845 0.1655 0.5976
vn -0.7675 0.1753 0.6166
vn -0.7149 0.1679 0.6788
vn -0.7501 0.2368 0.6175
vn -0.7380 0.2351 0.6325
vn -0.6919 0.2165 0.6888
vn -0.5839 0.0956 0.8061
vn -0.5386 0.0885 0.8379
vn -0.4890 0.0832 0.8683
vn -0.5741 0.1304 0.8084
vn -0.5310 0.1202 0.8388
vn -0.4812 0.1121 0.8694
vn -0.5629 0.1662 0.8096
vn -0.5220 0.1536 0.8390
vn -0.4720 0.1433 0.8699
vn -0.6765 0.3616 0.6416
vn -0.6753 0.3462 0.6513
vn -0.6428 0.3145 0.6985
vn -0.6362 0.4185 0.6481
vn -0.6366 0.4043 0.6567
vn -0.6091 0.3724 0.7003
vn -0.5891 0.4768 0.6524
vn -0.5884 0.4666 0.6604
vn -0.5632 0.4370 0.7013
vn -0.5331 0.2459 0.8095
vn -0.4952 0.2301 0.8377
vn -0.4461 0.2168 0.8683
vn -0.5078 0.2968 0.8087
vn -0.4729 0.2778 0.8362
vn -0.4275 0.2606 0.8656
vn -0.4699 0.3557 0.8079
vn -0.4396 0.3333 0.8341
vn -0.4034 0.3103 0.8608
vn -0.1350 0.1350 0.9816
vn -0.1350 0.1579 0.9782
vn -0.1325 0.1882 0.9732
vn -0.1579 0.1350 0.9782
vn -0.1575 0.1575 0.9749
vn -0.1556 0.1852 0.9703
vn -0.1882 0.1325 0.9732
vn -0.1852 0.1556 0.9703
vn -0.1814 0.1814 0.9665
vn -0.1139 0.2748 0.9547
vn -0.1006 0.3256 0.9401
vn -0.0891 0.3793 0.9210
vn -0.1391 0.2635 0.9546
vn -0.1264 0.3125 0.9415
vn -0.1153 0.3668 0.9231
vn -0.1648 0.2521 0.9536
vn -0.1530 0.2989 0.9419
vn -0.1432 0.3534 0.9244
vn -0.2748 0.1140 0.9547
vn -0.2635 0.1391 0.9546
vn -0.2521 0.1648 0.9536
vn -0.3256 0.1006 0.9401
vn -0.3125 0.1264 0.9415
vn -0.2989 0.1530 0.9419
vn -0.3793 0.0891 0.9210
vn -0.3668 0.1153 0.9231
vn -0.3534 0.1432 0.9244
vn -0.2292 0.2292 0.9460
vn -0.2186 0.2729 0.9369
vn -0.2109 0.3262 0.9215
vn -0.2729 0.2186 0.9369
vn -0.2611 0.2611 0.9293
vn -0.2520 0.3125 0.9159
vn -0.3262 0.2109 0.9215
vn -0.3125 0.2520 0.9159
vn -0.2991 0.2991 0.9061
vn -0.1052 0.8091 0.5782
vn -0.1655 0.7845 0.5976
vn -0.2368 0.7501 0.6175
vn -0.1190 0.7920 0.5988
vn -0.1753 0.7675 0.6166
vn -0.2351 0.7380 0.6325
vn -0.1201 0.7358 0.6665
vn -0.1679 0.7149 0.6788
vn -0.2164 0.6919 0.6888
vn -0.3616 0.6765 0.6416
vn -0.4185 0.6362 0.6481
vn -0.4768 0.5891 0.6524
vn -0.3462 0.6753 0.6513
vn -0.4043 0.6366 0.6567
vn -0.4666 0.5884 0.6604
vn -0.3145 0.6428 0.6985
vn -0.3724 0.6091 0.7003
vn -0.4370 0.5632 0.7013
vn -0.0956 0.5840 0.8061
vn -0.1304 0.5741 0.8084
vn -0.1662 0.5629 0.8096
vn -0.0885 0.5386 0.8379
vn -0.1202 0.5310 0.8388
vn -0.1536 0.5220 0.8390
vn -0.0832 0.4890 0.8683
vn -0.1121 0.4812 0.8694
vn -0.1433 0.4720 0.8699
vn -0.2459 0.5331 0.8095
vn -0.2968 0.5078 0.8087
vn -0.3556 0.4699 0.8079
vn -0.2301 0.4952 0.8377
vn -0.2778 0.4729 0.8362
vn -0.3333 0.4396 0.8341
vn -0.2168 0.4461 0.8683
vn -0.2606 0.4275 0.8656
vn -0.3103 0.4034 0.8608
vn -0.9748 -0.0730 0.2107
vn -0.9801 -0.0000 0.1986
vn -0.9748 0.0730 0.2107
vn -0.9806 -0.0660 0.1848
vn -0.9850 -0.0000 0.1726
vn -0.9806 0.0660 0.1848
vn -0.9942 -0.0663 0.0843
vn -0.9974 -0.0000 0.0726
vn -0.9942 0.0663 0.0843
vn -0.9710 -0.0736 -0.2274
vn -0.9719 -0.0000 -0.2354
vn -0.9710 0.0736 -0.2274
vn -0.9404 -0.0750 -0.3317
vn -0.9412 -0.0000 -0.3377
vn -0.9404 0.0750 -0.3317
vn -0.8975 -0.0758 -0.4345
vn -0.8988 -0.0000 -0.4384
vn -0.8975 0.0758 -0.4345
vn -0.7762 -0.0757 -0.6260
vn -0.7799 -0.0000 -0.6259
vn -0.7762 0.0757 -0.6260
vn -0.7010 -0.0747 -0.7092
vn -0.7066 -0.0000 -0.7077
vn -0.7010 0.0747 -0.7092
vn -0.6188 -0.0732 -0.7821
vn -0.6262 -0.0000 -0.7797
vn -0.6188 0.0732 -0.7821
vn -0.3323 -0.0642 -0.9410
vn -0.3446 -0.0000 -0.9387
vn -0.3323 0.0642 -0.9410
vn -0.2208 -0.0628 -0.9733
vn -0.2348 -0.0000 -0.9720
vn -0.2208 0.0628 -0.9733
vn -0.1944 -0.0729 -0.9782
vn -0.2110 -0.0000 -0.9775
vn -0.1944 0.0729 -0.9782
vn -0.0730 0.9748 0.2107
vn -0.0000 0.9801 0.1986
vn 0.0730 0.9748 0.2107
vn -0.0660 0.9806 0.1848
vn -0.0000 0.9850 0.1726
vn 0.0660 0.9806 0.1848
vn -0.0663 0.9942 0.0843
vn -0.0000 0.9974 0.0726
vn 0.0663 0.9942 0.0843
vn -0.0736 0.9710 -0.2274
vn -0.0000 0.9719 -0.2354
vn 0.0736 0.9710 -0.2274
vn -0.0750 0.9404 -0.3317
vn -0.0000 0.9412 -0.3377
vn 0.0750 0.9404 -0.3317
vn -0.0758 0.8975 -0.4345
vn -0.0000 0.8988 -0.4383
vn 0.0758 0.8975 -0.4345
vn -0.0757 0.7762 -0.6260
vn -0.0000 0.7799 -0.6259
vn 0.0757 0.7762 -0.6260
vn -0.0747 0.7010 -0.7092
vn -0.0000 0.7066 -0.7077
vn 0.0747 0.7010 -0.7092
vn -0.0732 0.6188 -0.7821
vn -0.0000 0.6262 -0.7797
vn 0.0732 0.6188 -0.7821
vn -0.0642 0.3323 -0.9410
vn -0.0000 0.3446 -0.9387
vn 0.0642 0.3323 -0.9410
vn -0.0628 0.2208 -0.9733
vn -0.0000 0.2348 -0.9720
vn 0.0628 0.2208 -0.9733
vn -0.0729 0.1944 -0.9782
vn -0.0000 0.2110 -0.9775
vn 0.0729 0.1944 -0.9782
vn 0.9748 0.0730 0.2107
vn 0.9801 -0.0000 0.1986
vn 0.9748 -0.0730 0.2107
vn 0.9806 0.0660 0.1848
vn 0.9850 -0.0000 0.1726
vn 0.9806 -0.0660 0.1848
vn 0.9942 0.0663 0.0843
vn 0.9974 -0.0000 0.0726
vn 0.9942 -0.0663 0.0843
vn 0.9710 0.0736 -0.2274
vn 0.9719 -0.0000 -0.2354
vn 0.9710 -0.0736 -0.2274
vn 0.9404 0.0750 -0.3317
vn 0.9412 -0.0000 -0.3377
vn 0.9404 -0.0750 -0.3317
vn 0.8975 0.0758 -0.4345
vn 0.8988 -0.0000 -0.4383
vn 0.8975 -0.0758 -0.4345
vn 0.7762 0.0757 -0.6260
vn 0.7799 -0.0000 -0.6259
vn 0.7762 -0.0757 -0.6260
vn 0.7010 0.0747 -0.7092
vn 0.7066 -0.0000 -0.7077
vn 0.7010 -0.0747 -0.7092
vn 0.6188 0.0732 -0.7821
vn 0.6262 -0.0000 -0.7797
vn 0.6188 -0.0732 -0.7821
vn 0.3323 0.0642 -0.9410
vn 0.3446 -0.0000 -0.9387
vn 0.3323 -0.0642 -0.9410
vn 0.2208 0.0628 -0.9733
vn 0.2348 -0.0000 -0.9720
vn 0.2208 -0.0628 -0.9733
vn 0.1944 0.0729 -0.9782
vn 0.2110 -0.0000 -0.9775
vn 0.1944 -0.0729 -0.9782
vn 0.0730 -0.9748 0.2107
vn -0.0000 -0.9801 0.1986
vn -0.0730 -0.9748 0.2107
vn 0.0660 -0.9806 0.1848
vn -0.0000 -0.9850 0.1726
vn -0.0660 -0.9806 0.1848
vn 0.0663 -0.9942 0.0843
vn -0.0000 -0.9974 0.0726
vn -0.0663 -0.9942 0.0843
vn 0.0736 -0.9710 -0.2274
vn -0.0000 -0.9719 -0.2354
vn -0.0736 -0.9710 -0.2274
vn 0.0750 -0.9404 -0.3317
vn -0.0000 -0.9412 -0.3377
vn -0.0750 -0.9404 -0.3317
vn 0.0758 -0.8975 -0.4345
vn -0.0000 -0.8988 -0.4383
vn -0.0758 -0.8975 -0.4345
vn 0.0757 -0.7762 -0.6260
vn -0.0000 -0.7799 -0.6259
vn -0.0757 -0.7762 -0.6260
vn 0.0747 -0.7010 -0.7092
vn -0.0000 -0.7066 -0.7077
vn -0.0747 -0.7010 -0.7092
vn 0.0732 -0.6188 -0.7821
vn -0.0000 -0.6262 -0.7797
vn -0.0732 -0.6188 -0.7821
vn 0.0642 -0.3323 -0.9410
vn -0.0000 -0.3446 -0.9387
vn -0.0642 -0.3323 -0.9410
vn 0.0628 -0.2208 -0.9733
vn -0.0000 -0.2348 -0.9720
vn -0.0628 -0.2208 -0.9733
vn 0.0729 -0.1944 -0.9782
vn -0.0000 -0.2110 -0.9775
vn -0.0729 -0.1944 -0.9782
vn -0.8309 0.0272 0.5558
vn -0.8330 -0.0000 0.5532
vn -0.8309 -0.0272 0.5558
vn -0.8189 0.0328 0.5730
vn -0.8219 -0.0000 0.5696
vn -0.8189 -0.0328 0.5730
vn -0.7619 0.0357 0.6467
vn -0.7651 -0.0000 0.6439
vn -0.7619 -0.0357 0.6467
vn -0.5973 0.0302 0.8014
vn -0.5992 -0.0000 0.8006
vn -0.5973 -0.0302 0.8014
vn -0.5492 0.0286 0.8352
vn -0.5508 -0.0000 0.8347
vn -0.5492 -0.0286 0.8352
vn -0.5002 0.0277 0.8655
vn -0.5018 -0.0000 0.8650
vn -0.5002 -0.0277 0.8655
vn -0.3981 0.0326 0.9168
vn -0.4011 -0.0000 0.9161
vn -0.3981 -0.0326 0.9168
vn -0.3466 0.0391 0.9372
vn -0.3501 -0.0000 0.9367
vn -0.3466 -0.0391 0.9372
vn -0.2946 0.0476 0.9544
vn -0.2983 -0.0000 0.9545
vn -0.2946 -0.0476 0.9544
vn -0.1977 0.0643 0.9781
vn -0.2007 -0.0000 0.9796
vn -0.1977 -0.0644 0.9781
vn -0.1634 0.0704 0.9841
vn -0.1660 -0.0000 0.9861
vn -0.1633 -0.0704 0.9841
vn -0.1393 0.0751 0.9874
vn -0.1420 -0.0000 0.9899
vn -0.1393 -0.0751 0.9874
vn -0.0272 -0.8309 0.5558
vn -0.0000 -0.8330 0.5532
vn 0.0272 -0.8309 0.5558
vn -0.0328 -0.8189 0.5730
vn -0.0000 -0.8219 0.5696
vn 0.0328 -0.8189 0.5730
vn -0.0357 -0.7619 0.6467
vn -0.0000 -0.7651 0.6439
vn 0.0357 -0.7619 0.6467
vn -0.0302 -0.5973 0.8014
vn -0.0000 -0.5992 0.8006
vn 0.0302 -0.5973 0.8014
vn -0.0286 -0.5492 0.8352
vn -0.0000 -0.5508 0.8347
vn 0.0286 -0.5492 0.8352
vn -0.0277 -0.5002 0.8655
vn -0.0000 -0.5018 0.8650
vn 0.0277 -0.5002 0.8655
vn -0.0326 -0.3981 0.9168
vn -0.0000 -0.4011 0.9161
vn 0.0326 -0.3981 0.9168
vn -0.0391 -0.3466 0.9372
vn -0.0000 -0.3501 0.9367
vn 0.0391 -0.3466 0.9372
vn -0.0476 -0.2946 0.9544
vn -0.0000 -0.2983 0.9545
vn 0.0476 -0.2946 0.9544
vn -0.0644 -0.1977 0.9781
vn -0.0000 -0.2008 0.9796
vn 0.0644 -0.1978 0.9781
vn -0.0704 -0.1634 0.9841
vn -0.0000 -0.1660 0.9861
vn 0.0704 -0.1634 0.9841
vn -0.0750 -0.1393 0.9874
vn -0.0000 -0.1420 0.9899
vn 0.0751 -0.1393 0.9874
vn 0.8309 -0.0272 0.5558
vn 0.8330 -0.0000 0.5532
vn 0.8309 0.0272 0.5558
vn 0.8189 -0.0328 0.5730
vn 0.8219 -0.0000 0.5696
vn 0.8189 0.0328 0.5730
vn 0.7619 -0.0357 0.6467
vn 0.7651 -0.0000 0.6439
vn 0.7619 0.0357 0.6467
vn 0.5973 -0.0302 0.8014
vn 0.5992 -0.0000 0.8006
vn 0.5973 0.0302 0.8014
vn 0.5492 -0.0286 0.8352
vn 0.5508 -0.0000 0.8347
vn 0.5492 0.0286 0.8352
vn 0.5002 -0.0277 0.8655
vn 0.5018 -0.0000 0.8650
vn 0.5002 0.0277 0.8655
vn 0.3981 -0.0326 0.9168
vn 0.4011 -0.0000 0.9161
vn 0.3981 0.0326 0.9168
vn 0.3466 -0.0391 0.9372
vn 0.3501 -0.0000 0.9367
vn 0.3466 0.0391 0.9372
vn 0.2946 -0.0476 0.9544
vn 0.2983 -0.0000 0.9545
vn 0.2946 0.0476 0.9544
vn 0.1977 -0.0643 0.9781
vn 0.2007 -0.0000 0.9796
vn 0.1977 0.0644 0.9781
vn 0.1634 -0.0704 0.9841
vn 0.1660 -0.0000 0.9861
vn 0.1633 0.0704 0.9841
vn 0.1393 -0.0751 0.9874
vn 0.1420 -0.0000 0.9899
vn 0.1393 0.0751 0.9874
vn 0.0272 0.8309 0.5558
vn -0.0000 0.8330 0.5532
vn -0.0272 0.8309 0.5558
vn 0.0328 0.8189 0.5730
vn -0.0000 0.8219 0.5696
vn -0.0328 0.8189 0.5730
vn 0.0357 0.7619 0.6467
vn -0.0000 0.7651 0.6439
vn -0.0357 0.7619 0.6467
vn 0.0302 0.5973 0.8014
vn -0.0000 0.5992 0.8006
vn -0.0302 0.5973 0.8014
vn 0.0286 0.5492 0.8352
vn -0.0000 0.5508 0.8347
vn -0.0286 0.5492 0.8352
vn 0.0277 0.5002 0.8655
vn -0.0000 0.5018 0.8650
vn -0.0277 0.5002 0.8655
vn 0.0326 0.3981 0.9168
vn -0.0000 0.4011 0.9161
vn -0.0326 0.3981 0.9168
vn 0.0391 0.3466 0.9372
vn -0.0000 0.3501 0.9367
vn -0.0391 0.3466 0.9372
vn 0.0476 0.2946 0.9544
vn -0.0000 0.2983 0.9545
vn -0.0476 0.2946 0.9544
vn 0.0644 0.1977 0.9781
vn -0.0000 0.2008 0.9796
vn -0.0644 0.1978 0.9781
vn 0.0704 0.1634 0.9841
vn -0.0000 0.1660 0.9861
vn -0.0704 0.1634 0.9841
vn 0.0750 0.1393 0.9874
vn -0.0000 0.1420 0.9899
vn -0.0751 0.1393 0.9874
vn -0.8265 -0.1365 0.5461
vn -0.8717 -0.1782 0.4565
vn -0.9194 -0.1914 0.3437
vn -0.8084 -0.1926 0.5562
vn -0.8554 -0.2301 0.4640
vn -0.9030 -0.2389 0.3572
vn -0.7713 -0.2744 0.5743
vn -0.8181 -0.3158 0.4807
vn -0.8651 -0.3305 0.3774
vn -0.6842 -0.4153 0.5995
vn -0.7247 -0.4674 0.5063
vn -0.7645 -0.5016 0.4049
vn -0.6463 -0.4657 0.6045
vn -0.6877 -0.5160 0.5107
vn -0.7267 -0.5516 0.4095
vn -0.6053 -0.5142 0.6076
vn -0.6484 -0.5622 0.5133
vn -0.6866 -0.5989 0.4122
vn -0.5142 -0.6053 0.6076
vn -0.5622 -0.6484 0.5133
vn -0.5989 -0.6866 0.4122
vn -0.4657 -0.6463 0.6045
vn -0.5160 -0.6877 0.5107
vn -0.5516 -0.7267 0.4095
vn -0.4153 -0.6842 0.5995
vn -0.4674 -0.7247 0.5063
vn -0.5016 -0.7645 0.4049
vn -0.2744 -0.7713 0.5743
vn -0.3158 -0.8181 0.4807
vn -0.3305 -0.8651 0.3774
vn -0.1926 -0.8084 0.5562
vn -0.2301 -0.8554 0.4640
vn -0.2389 -0.9030 0.3572
vn -0.1365 -0.8265 0.5461
vn -0.1782 -0.8717 0.4565
vn -0.1914 -0.9194 0.3437
vn 0.9194 -0.1914 0.3437
vn 0.8717 -0.1782 0.4565
vn 0.8265 -0.1365 0.5461
vn 0.9030 -0.2389 0.3572
vn 0.8554 -0.2301 0.4640
vn 0.8084 -0.1926 0.5562
vn 0.8651 -0.3305 0.3774
vn 0.8181 -0.3158 0.4807
vn 0.7713 -0.2744 0.5743
vn 0.7645 -0.5016 0.4049
vn 0.7247 -0.4674 0.5063
vn 0.6842 -0.4153 0.5995
vn 0.7267 -0.5516 0.4095
vn 0.6877 -0.5160 0.5107
vn 0.6463 -0.4657 0.6045
vn 0.6866 -0.5989 0.4122
vn 0.6484 -0.5622 0.5133
vn 0.6053 -0.5142 0.6076
vn 0.5989 -0.6866 0.4122
vn 0.5622 -0.6484 0.5133
vn 0.5142 -0.6053 0.6076
vn 0.5516 -0.7267 0.4095
vn 0.5160 -0.6877 0.5107
vn 0.4657 -0.6463 0.6045
vn 0.5016 -0.7645 0.4049
vn 0.4674 -0.7247 0.5063
vn 0.4153 -0.6842 0.5995
vn 0.3305 -0.8651 0.3774
vn 0.3158 -0.8181 0.4807
vn 0.2744 -0.7713 0.5743
vn 0.2389 -0.9030 0.3572
vn 0.2301 -0.8554 0.4640
vn 0.1926 -0.8084 0.5562
vn 0.1914 -0.9194 0.3437
vn 0.1782 -0.8717 0.4565
vn 0.1365 -0.8265 0.5461
vn 0.1914 0.9194 0.3437
vn 0.1782 0.8717 0.4565
vn 0.1365 0.8265 0.5461
vn 0.2389 0.9030 0.3572
vn 0.2301 0.8554 0.4640
vn 0.1926 0.8084 0.5562
vn 0.3305 0.8651 0.3774
vn 0.3158 0.8181 0.4807
vn 0.2744 0.7713 0.5743
vn 0.5016 0.7645 0.4049
vn 0.4674 0.7247 0.5063
vn 0.4153 0.6842 0.5995
vn 0.5516 0.7267 0.4095
vn 0.5160 0.6877 0.5107
vn 0.4657 0.6463 0.6045
vn 0.5989 0.6866 0.4122
vn 0.5622 0.6484 0.5133
vn 0.5142 0.6053 0.6076
vn 0.6866 0.5989 0.4122
vn 0.6484 0.5622 0.5133
vn 0.6053 0.5142 0.6076
vn 0.7267 0.5516 0.4095
vn 0.6877 0.5160 0.5107
vn 0.6463 0.4657 0.6045
vn 0.7645 0.5016 0.4049
vn 0.7247 0.4674 0.5063
vn 0.6842 0.4153 0.5995
vn 0.8651 0.3305 0.3774
vn 0.8181 0.3158 0.4807
vn 0.7713 0.2744 0.5743
vn 0.9030 0.2389 0.3572
vn 0.8554 0.2301 0.4640
vn 0.8084 0.1926 0.5562
vn 0.9194 0.1914 0.3437
vn 0.8717 0.1782 0.4565
vn 0.8265 0.1365 0.5461
vn -0.9194 0.1914 0.3437
vn -0.8717 0.1782 0.4565
vn -0.8265 0.1365 0.5461
vn -0.9030 0.2389 0.3572
vn -0.8554 0.2301 0.4640
vn -0.8084 0.1926 0.5562
vn -0.8651 0.3305 0.3774
vn -0.8181 0.3158 0.4807
vn -0.7713 0.2744 0.5743
vn -0.7645 0.5016 0.4049
vn -0.7247 0.4674 0.5063
vn -0.6842 0.4153 0.5995
vn -0.7267 0.5516 0.4095
vn -0.6877 0.5160 0.5107
vn -0.6463 0.4657 0.6045
vn -0.6866 0.5989 0.4122
vn -0.6484 0.5622 0.5133
vn -0.6053 0.5142 0.6076
vn -0.5989 0.6866 0.4122
vn -0.5622 0.6484 0.5133
vn -0.5142 0.6053 0.6076
vn -0.5516 0.7267 0.4095
vn -0.5160 0.6877 0.5107
vn -0.4657 0.6463 0.6045
vn -0.5016 0.7645 0.4049
vn -0.4674 0.7247 0.5063
vn -0.4153 0.6842 0.5995
vn -0.3305 0.8651 0.3774
vn -0.3158 0.8181 0.4807
vn -0.2744 0.7713 0.5743
vn -0.2389 0.9030 0.3572
vn -0.2301 0.8554 0.4640
vn -0.1926 0.8084 0.5562
vn -0.1914 0.9194 0.3437
vn -0.1782 0.8717 0.4565
vn -0.1365 0.8265 0.5461
vn -0.9416 0.0908 0.3242
vn -0.9473 -0.0000 0.3204
vn -0.9416 -0.0908 0.3242
vn -0.8854 0.0772 0.4584
vn -0.8881 -0.0000 0.4597
vn -0.8854 -0.0772 0.4584
vn -0.8372 0.0501 0.5447
vn -0.8382 -0.0000 0.5454
vn -0.8372 -0.0501 0.5447
vn -0.1334 0.1334 -0.9820
vn -0.0000 0.1522 -0.9884
vn 0.1334 0.1334 -0.9820
vn -0.1522 -0.0000 -0.9884
vn -0.0000 -0.0000 -1.0000
vn 0.1522 -0.0000 -0.9884
vn -0.1334 -0.1334 -0.9820
vn -0.0000 -0.1522 -0.9884
vn 0.1334 -0.1334 -0.9820
vn -0.0908 -0.9416 0.3242
vn -0.0000 -0.9473 0.3204
vn 0.0908 -0.9416 0.3242
vn -0.0772 -0.8854 0.4584
vn -0.0000 -0.8881 0.4597
vn 0.0772 -0.8854 0.4584
vn -0.0501 -0.8372 0.5447
vn -0.0000 -0.8382 0.5454
vn 0.0501 -0.8372 0.5447
vn 0.9416 -0.0908 0.3242
vn 0.9473 -0.0000 0.3204
vn 0.9416 0.0908 0.3242
vn 0.8854 -0.0772 0.4584
vn 0.8881 -0.0000 0.4597
vn 0.8854 0.0772 0.4584
vn 0.8372 -0.0501 0.5447
vn 0.8382 -0.0000 0.5454
vn 0.8372 0.0501 0.5447
vn 0.0908 0.9416 0.3242
vn -0.0000 0.9473 0.3204
vn -0.0908 0.9416 0.3242
vn 0.0772 0.8854 0.4584
vn -0.0000 0.8881 0.4597
vn -0.0772 0.8854 0.4584
vn 0.0501 0.8372 0.5447
vn -0.0000 0.8382 0.5454
vn -0.0501 0.8372 0.5447
vn -0.0845 -0.0845 0.9928
vn -0.0000 -0.0873 0.9962
vn 0.0845 -0.0845 0.9928
vn -0.0873 -0.0000 0.9962
vn -0.0000 -0.0000 1.0000
vn 0.0874 -0.0000 0.9962
vn -0.0845 0.0845 0.9928
vn -0.0000 0.0873 0.9962
vn 0.0845 0.0845 0.9928
s 1
usemtl buoy_yellow
f 1053//1053 1054//1054 1057//1057 1056//1056
f 1054//1054 1055//1055 1058//1058 1057//1057
f 1056//1056 1057//1057 1060//1060 1059//1059
f 1057//1057 1058//1058 1061//1061 1060//1060
f 1//1 156//156 1053//1053 155//155
f 156//156 157//157 1054//1054 1053//1053
f 157//157 158//158 1055//1055 1054//1054
f 158//158 4//4 159//159 1055//1055
f 1055//1055 159//159 160//160 1058//1058
f 1058//1058 160//160 161//161 1061//1061
f 1061//1061 161//161 7//7 162//162
f 1060//1060 1061//1061 162//162 163//163
f 1059//1059 1060//1060 163//163 164//164
f 153//153 1059//1059 164//164 6//6
f 154//154 1056//1056 1059//1059 153//153
f 155//155 1053//1053 1056//1056 154//154
f 1062//1062 1063//1063 1066//1066 1065//1065
f 1063//1063 1064//1064 1067//1067 1066//1066
f 1065//1065 1066//1066 1069//1069 1068//1068
f 1066//1066 1067//1067 1070//1070 1069//1069
f 4//4 165//165 1062//1062 159//159
f 165//165 166//166 1063//1063 1062//1062
f 166//166 167//167 1064//1064 1063//1063
f 167//167 5//5 168//168 1064//1064
f 1064//1064 168//168 169//169 1067//1067
f 1067//1067 169//169 170//170 1070//1070
f 1070//1070 170//170 8//8 171//171
f 1069//1069 1070//1070 171//171 172//172
f 1068//1068 1069//1069 172//172 173//173
f 161//161 1068//1068 173//173 7//7
f 160//160 1065//1065 1068//1068 161//161
f 159//159 1062//1062 1065//1065 160//160
f 1071//1071 1072//1072 1075//1075 1074//1074
f 1072//1072 1073//1073 1076//1076 1075//1075
f 1074//1074 1075//1075 1078//1078 1077//1077
f 1075//1075 1076//1076 1079//1079 1078//1078
f 6//6 164//164 1071//1071 176//176
f 164//164 163//163 1072//1072 1071//1071
f 163//163 162//162 1073//1073 1072//1072
f 162//162 7//7 177//177 1073//1073
f 1073//1073 177//177 178//178 1076//1076
f 1076//1076 178//178 179//179 1079//1079
f 1079//1079 179//179 19//19 180//180
f 1078//1078 1079//1079 180//180 181//181
f 1077//1077 1078//1078 181//181 182//182
f 174//174 1077//1077 182//182 16//16
f 175//175 1074//1074 1077//1077 174//174
f 176//176 1071//1071 1074//1074 175//175
f 1080//1080 1081//1081 1084//1084 1083//1083
f 1081//1081 1082//1082 1085//1085 1084//1084
f 1083//1083 1084//1084 1087//1087 1086//1086
f 1084//1084 1085//1085 1088//1088 1087//1087
f 7//7 173//173 1080//1080 177//177
f 173//173 172//172 1081//1081 1080//1080
f 172//172 171//171 1082//1082 1081//1081
f 171//171 8//8 183//183 1082//1082
f 1082//1082 183//183 184//184 1085//1085
f 1085//1085 184//184 185//185 1088//1088
f 1088//1088 185//185 9//9 186//186
f 1087//1087 1088//1088 186//186 187//187
f 1086//1086 1087//1087 187//187 188//188
f 179//179 1086//1086 188//188 19//19
f 178//178 1083//1083 1086//1086 179//179
f 177//177 1080//1080 1083//1083 178//178
f 1089//1089 1090//1090 1093//1093 1092//1092
f 1090//1090 1091//1091 1094//1094 1093//1093
f 1092//1092 1093//1093 1096//1096 1095//1095
f 1093//1093 1094//1094 1097//1097 1096//1096
f 2//2 192//192 1089//1089 191//191
f 192//192 193//193 1090//1090 1089//1089
f 193//193 194//194 1091//1091 1090//1090
f 194//194 10//10 195//195 1091//1091
f 1091//1091 195//195 196//196 1094//1094
f 1094//1094 196//196 197//197 1097//1097
f 1097//1097 197//197 13//13 198//198
f 1096//1096 1097//1097 198//198 199//199
f 1095//1095 1096//1096 199//199 200//200
f 189//189 1095//1095 200//200 12//12
f 190//190 1092//1092 1095//1095 189//189
f 191//191 1089//1089 1092//1092 190//190
f 1098//1098 1099//1099 1102//1102 1101//1101
f 1099//1099 1100//1100 1103//1103 1102//1102
f 1101//1101 1102//1102 1105//1105 1104//1104
f 1102//1102 1103//1103 1106//1106 1105//1105
f 10//10 201//201 1098//1098 195//195
f 201//201 202//202 1099//1099 1098//1098
f 202//202 203//203 1100//1100 1099//1099
f 203//203 11//11 204//204 1100//1100
f 1100//1100 204//204 205//205 1103//1103
f 1103//1103 205//205 206//206 1106//1106
f 1106//1106 206//206 14//14 207//207
f 1105//1105 1106//1106 207//207 208//208
f 1104//1104 1105//1105 208//208 209//209
f 197//197 1104//1104 209//209 13//13
f 196//196 1101//1101 1104//1104 197//197
f 195//195 1098//1098 1101//1101 196//196
f 1107//1107 1108//1108 1111//1111 1110//1110
f 1108//1108 1109//1109 1112//1112 1111//1111
f 1110//1110 1111//1111 1114//1114 1113//1113
f 1111//1111 1112//1112 1115//1115 1114//1114
f 12//12 200//200 1107//1107 212//212
f 200//200 199//199 1108//1108 1107//1107
f 199//199 198//198 1109//1109 1108//1108
f 198//198 13//13 213//213 1109//1109
f 1109//1109 213//213 214//214 1112//1112
f 1112//1112 214//214 215//215 1115//1115
f 1115//1115 215//215 8//8 170//170
f 1114//1114 1115//1115 170//170 169//169
f 1113//1113 1114//1114 169//169 168//168
f 210//210 1113//1113 168//168 5//5
f 211//211 1110//1110 1113//1113 210//210
f 212//212 1107//1107 1110//1110 211//211
f 1116//1116 1117//1117 1120//1120 1119//1119
f 1117//1117 1118//1118 1121//1121 1120//1120
f 1119//1119 1120//1120 1123//1123 1122//1122
f 1120//1120 1121//1121 1124//1124 1123//1123
f 13//13 209//209 1116//1116 213//213
f 209//209 208//208 1117//1117 1116//1116
f 208//208 207//207 1118//1118 1117//1117
f 207//207 14//14 216//216 1118//1118
f 1118//1118 216//216 217//217 1121//1121
f 1121//1121 217//217 218//218 1124//1124
f 1124//1124 218//218 9//9 185//185
f 1123//1123 1124//1124 185//185 184//184
f 1122//1122 1123//1123 184//184 183//183
f 215//215 1122//1122 183//183 8//8
f 214//214 1119//1119 1122//1122 215//215
f 213//213 1116//1116 1119//1119 214//214
f 1125//1125 1126//1126 1129//1129 1128//1128
f 1126//1126 1127//1127 1130//1130 1129//1129
f 1128//1128 1129//1129 1132//1132 1131//1131
f 1129//1129 1130//1130 1133//1133 1132//1132
f 3//3 222//222 1125//1125 221//221
f 222//222 223//223 1126//1126 1125//1125
f 223//223 224//224 1127//1127 1126//1126
f 224//224 15//15 225//225 1127//1127
f 1127//1127 225//225 226//226 1130//1130
f 1130//1130 226//226 227//227 1133//1133
f 1133//1133 227//227 18//18 228//228
f 1132//1132 1133//1133 228//228 229//229
f 1131//1131 1132//1132 229//229 230//230
f 219//219 1131//1131 230//230 17//17
f 220//220 1128//1128 1131//1131 219//219
f 221//221 1125//1125 1128//1128 220//220
f 1134//1134 1135//1135 1138//1138 1137//1137
f 1135//1135 1136//1136 1139//1139 1138//1138
f 1137//1137 1138//1138 1141//1141 1140//1140
f 1138//1138 1139//1139 1142//1142 1141//1141
f 15//15 231//231 1134//1134 225//225
f 231//231 232//232 1135//1135 1134//1134
f 232//232 233//233 1136//1136 1135//1135
f 233//233 16//16 182//182 1136//1136
f 1136//1136 182//182 181//181 1139//1139
f 1139//1139 181//181 180//180 1142//1142
f 1142//1142 180//180 19//19 234//234
f 1141//1141 1142//1142 234//234 235//235
f 1140//1140 1141//1141 235//235 236//236
f 227//227 1140//1140 236//236 18//18
f 226//226 1137//1137 1140//1140 227//227
f 225//225 1134//1134 1137//1137 226//226
f 1143//1143 1144//1144 1147//1147 1146//1146
f 1144//1144 1145//1145 1148//1148 1147//1147
f 1146//1146 1147//1147 1150//1150 1149//1149
f 1147//1147 1148//1148 1151//1151 1150//1150
f 17//17 230//230 1143//1143 239//239
f 230//230 229//229 1144//1144 1143//1143
f 229//229 228//228 1145//1145 1144//1144
f 228//228 18//18 240//240 1145//1145
f 1145//1145 240//240 241//241 1148//1148
f 1148//1148 241//241 242//242 1151//1151
f 1151//1151 242//242 14//14 206//206
f 1150//1150 1151//1151 206//206 205//205
f 1149//1149 1150//1150 205//205 204//204
f 237//237 1149//1149 204//204 11//11
f 238//238 1146//1146 1149//1149 237//237
f 239//239 1143//1143 1146//1146 238//238
f 1152//1152 1153//1153 1156//1156 1155//1155
f 1153//1153 1154//1154 1157//1157 1156//1156
f 1155//1155 1156//1156 1159//1159 1158//1158
f 1156//1156 1157//1157 1160//1160 1159//1159
f 18//18 236//236 1152//1152 240//240
f 236//236 235//235 1153//1153 1152//1152
f 235//235 234//234 1154//1154 1153//1153
f 234//234 19//19 188//188 1154//1154
f 1154//1154 188//188 187//187 1157//1157
f 1157//1157 187//187 186//186 1160//1160
f 1160//1160 186//186 9//9 218//218
f 1159//1159 1160//1160 218//218 217//217
f 1158//1158 1159//1159 217//217 216//216
f 242//242 1158//1158 216//216 14//14
f 241//241 1155//1155 1158//1158 242//242
f 240//240 1152//1152 1155//1155 241//241
f 1161//1161 1162//1162 1165//1165 1164//1164
f 1162//1162 1163//1163 1166//1166 1165//1165
f 1164//1164 1165//1165 1168//1168 1167//1167
f 1165//1165 1166//1166 1169//1169 1168//1168
f 20//20 246//246 1161//1161 245//245
f 246//246 247//247 1162//1162 1161//1161
f 247//247 248//248 1163//1163 1162//1162
f 248//248 23//23 249//249 1163//1163
f 1163//1163 249//249 250//250 1166//1166
f 1166//1166 250//250 251//251 1169//1169
f 1169//1169 251//251 26//26 252//252
f 1168//1168 1169//1169 252//252 253//253
f 1167//1167 1168//1168 253//253 254//254
f 243//243 1167//1167 254//254 25//25
f 244//244 1164//1164 1167//1167 243//243
f 245//245 1161//1161 1164//1164 244//244
f 1170//1170 1171//1171 1174//1174 1173//1173
f 1171//1171 1172//1172 1175//1175 1174//1174
f 1173//1173 1174//1174 1177//1177 1176//1176
f 1174//1174 1175//1175 1178//1178 1177//1177
f 23//23 255//255 1170//1170 249//249
f 255//255 256//256 1171//1171 1170//1170
f 256//256 257//257 1172//1172 1171//1171
f 257//257 24//24 258//258 1172//1172
f 1172//1172 258//258 259//259 1175//1175
f 1175//1175 259//259 260//260 1178//1178
f 1178//1178 260//260 27//27 261//261
f 1177//1177 1178//1178 261//261 262//262
f 1176//1176 1177//1177 262//262 263//263
f 251//251 1176//1176 263//263 26//26
f 250//250 1173//1173 1176//1176 251//251
f 249//249 1170//1170 1173//1173 250//250
f 1179//1179 1180//1180 1183//1183 1182//1182
f 1180//1180 1181//1181 1184//1184 1183//1183
f 1182//1182 1183//1183 1186//1186 1185//1185
f 1183//1183 1184//1184 1187//1187 1186//1186
f 25//25 254//254 1179//1179 266//266
f 254//254 253//253 1180//1180 1179//1179
f 253//253 252//252 1181//1181 1180//1180
f 252//252 26//26 267//267 1181//1181
f 1181//1181 267//267 268//268 1184//1184
f 1184//1184 268//268 269//269 1187//1187
f 1187//1187 269//269 38//38 270//270
f 1186//1186 1187//1187 270//270 271//271
f 1185//1185 1186//1186 271//271 272//272
f 264//264 1185//1185 272//272 35//35
f 265//265 1182//1182 1185//1185 264//264
f 266//266 1179//1179 1182//1182 265//265
f 1188//1188 1189//1189 1192//1192 1191//1191
f 1189//1189 1190//1190 1193//1193 1192//1192
f 1191//1191 1192//1192 1195//1195 1194//1194
f 1192//1192 1193//1193 1196//1196 1195//1195
f 26//26 263//263 1188//1188 267//267
f 263//263 262//262 1189//1189 1188//1188
f 262//262 261//261 1190//1190 1189//1189
f 261//261 27//27 273//273 1190//1190
f 1190//1190 273//273 274//274 1193//1193
f 1193//1193 274//274 275//275 1196//1196
f 1196//1196 275//275 28//28 276//276
f 1195//1195 1196//1196 276//276 277//277
f 1194//1194 1195//1195 277//277 278//278
f 269//269 1194//1194 278//278 38//38
f 268//268 1191//1191 1194//1194 269//269
f 267//267 1188//1188 1191//1191 268//268
f 1197//1197 1198//1198 1201//1201 1200//1200
f 1198//1198 1199//1199 1202//1202 1201//1201
f 1200//1200 1201//1201 1204//1204 1203//1203
f 1201//1201 1202//1202 1205//1205 1204//1204
f 21//21 282//282 1197//1197 281//281
f 282//282 283//283 1198//1198 1197//1197
f 283//283 284//284 1199//1199 1198//1198
f 284//284 29//29 285//285 1199//1199
f 1199//1199 285//285 286//286 1202//1202
f 1202//1202 286//286 287//287 1205//1205
f 1205//1205 287//287 32//32 288//288
f 1204//1204 1205//1205 288//288 289//289
f 1203//1203 1204//1204 289//289 290//290
f 279//279 1203//1203 290//290 31//31
f 280//280 1200//1200 1203//1203 279//279
f 281//281 1197//1197 1200//1200 280//280
f 1206//1206 1207//1207 1210//1210 1209//1209
f 1207//1207 1208//1208 1211//1211 1210//1210
f 1209//1209 1210//1210 1213//1213 1212//1212
f 1210//1210 1211//1211 1214//1214 1213//1213
f 29//29 291//291 1206//1206 285//285
f 291//291 292//292 1207//1207 1206//1206
f 292//292 293//293 1208//1208 1207//1207
f 293//293 30//30 294//294 1208//1208
f 1208//1208 294//294 295//295 1211//1211
f 1211//1211 295//295 296//296 1214//1214
f 1214//1214 296//296 33//33 297//297
f 1213//1213 1214//1214 297//297 298//298
f 1212//1212 1213//1213 298//298 299//299
f 287//287 1212//1212 299//299 32//32
f 286//286 1209//1209 1212//1212 287//287
f 285//285 1206//1206 1209//1209 286//286
f 1215//1215 1216//1216 1219//1219 1218//1218
f 1216//1216 1217//1217 1220//1220 1219//1219
f 1218//1218 1219//1219 1222//1222 1221//1221
f 1219//1219 1220//1220 1223//1223 1222//1222
f 31//31 290//290 1215//1215 302//302
f 290//290 289//289 1216//1216 1215//1215
f 289//289 288//288 1217//1217 1216//1216
f 288//288 32//32 303//303 1217//1217
f 1217//1217 303//303 304//304 1220//1220
f 1220//1220 304//304 305//305 1223//1223
f 1223//1223 305//305 27//27 260//260
f 1222//1222 1223//1223 260//260 259//259
f 1221//1221 1222//1222 259//259 258//258
f 300//300 1221//1221 258//258 24//24
f 301//301 1218//1218 1221//1221 300//300
f 302//302 1215//1215 1218//1218 301//301
f 1224//1224 1225//1225 1228//1228 1227//1227
f 1225//1225 1226//1226 1229//1229 1228//1228
f 1227//1227 1228//1228 1231//1231 1230//1230
f 1228//1228 1229//1229 1232//1232 1231//1231
f 32//32 299//299 1224//1224 303//303
f 299//299 298//298 1225//1225 1224//1224
f 298//298 297//297 1226//1226 1225//1225
f 297//297 33//33 306//306 1226//1226
f 1226//1226 306//306 307//307 1229//1229
f 1229//1229 307//307 308//308 1232//1232
f 1232//1232 308//308 28//28 275//275
f 1231//1231 1232//1232 275//275 274//274
f 1230//1230 1231//1231 274//274 273//273
f 305//305 1230//1230 273//273 27//27
f 304//304 1227//1227 1230//1230 305//305
f 303//303 1224//1224 1227//1227 304//304
f 1233//1233 1234//1234 1237//1237 1236//1236
f 1234//1234 1235//1235 1238//1238 1237//1237
f 1236//1236 1237//1237 1240//1240 1239//1239
f 1237//1237 1238//1238 1241//1241 1240//1240
f 22//22 312//312 1233//1233 311//311
f 312//312 313//313 1234//1234 1233//1233
f 313//313 314//314 1235//1235 1234//1234
f 314//314 34//34 315//315 1235//1235
f 1235//1235 315//315 316//316 1238//1238
f 1238//1238 316//316 317//317 1241//1241
f 1241//1241 317//317 37//37 318//318
f 1240//1240 1241//1241 318//318 319//319
f 1239//1239 1240//1240 319//319 320//320
f 309//309 1239//1239 320//320 36//36
f 310//310 1236//1236 1239//1239 309//309
f 311//311 1233//1233 1236//1236 310//310
f 1242//1242 1243//1243 1246//1246 1245//1245
f 1243//1243 1244//1244 1247//1247 1246//1246
f 1245//1245 1246//1246 1249//1249 1248//1248
f 1246//1246 1247//1247 1250//1250 1249//1249
f 34//34 321//321 1242//1242 315//315
f 321//321 322//322 1243//1243 1242//1242
f 322//322 323//323 1244//1244 1243//1243
f 323//323 35//35 272//272 1244//1244
f 1244//1244 272//272 271//271 1247//1247
f 1247//1247 271//271 270//270 1250//1250
f 1250//1250 270//270 38//38 324//324
f 1249//1249 1250//1250 324//324 325//325
f 1248//1248 1249//1249 325//325 326//326
f 317//317 1248//1248 326//326 37//37
f 316//316 1245//1245 1248//1248 317//317
f 315//315 1242//1242 1245//1245 316//316
f 1251//1251 1252//1252 1255//1255 1254//1254
f 1252//1252 1253//1253 1256//1256 1255//1255
f 1254//1254 1255//1255 1258//1258 1257//1257
f 1255//1255 1256//1256 1259//1259 1258//1258
f 36//36 320//320 1251//1251 329//329
f 320//320 319//319 1252//1252 1251//1251
f 319//319 318//318 1253//1253 1252//1252
f 318//318 37//37 330//330 1253//1253
f 1253//1253 330//330 331//331 1256//1256
f 1256//1256 331//331 332//332 1259//1259
f 1259//1259 332//332 33//33 296//296
f 1258//1258 1259//1259 296//296 295//295
f 1257//1257 1258//1258 295//295 294//294
f 327//327 1257//1257 294//294 30//30
f 328//328 1254//1254 1257//1257 327//327
f 329//329 1251//1251 1254//1254 328//328
f 1260//1260 1261//1261 1264//1264 1263//1263
f 1261//1261 1262//1262 1265//1265 1264//1264
f 1263//1263 1264//1264 1267//1267 1266//1266
f 1264//1264 1265//1265 1268//1268 1267//1267
f 37//37 326//326 1260//1260 330//330
f 326//326 325//325 1261//1261 1260//1260
f 325//325 324//324 1262//1262 1261//1261
f 324//324 38//38 278//278 1262//1262
f 1262//1262 278//278 277//277 1265//1265
f 1265//1265 277//277 276//276 1268//1268
f 1268//1268 276//276 28//28 308//308
f 1267//1267 1268//1268 308//308 307//307
f 1266//1266 1267//1267 307//307 306//306
f 332//332 1266//1266 306//306 33//33
f 331//331 1263//1263 1266//1266 332//332
f 330//330 1260//1260 1263//1263 331//331
f 1269//1269 1270//1270 1273//1273 1272//1272
f 1270//1270 1271//1271 1274//1274 1273//1273
f 1272//1272 1273//1273 1276//1276 1275//1275
f 1273//1273 1274//1274 1277//1277 1276//1276
f 39//39 336//336 1269//1269 335//335
f 336//336 337//337 1270//1270 1269//1269
f 337//337 338//338 1271//1271 1270//1270
f 338//338 42//42 339//339 1271//1271
f 1271//1271 339//339 340//340 1274//1274
f 1274//1274 340//340 341//341 1277//1277
f 1277//1277 341//341 45//45 342//342
f 1276//1276 1277//1277 342//342 343//343
f 1275//1275 1276//1276 343//343 344//344
f 333//333 1275//1275 344//344 44//44
f 334//334 1272//1272 1275//1275 333//333
f 335//335 1269//1269 1272//1272 334//334
f 1278//1278 1279//1279 1282//1282 1281//1281
f 1279//1279 1280//1280 1283//1283 1282//1282
f 1281//1281 1282//1282 1285//1285 1284//1284
f 1282//1282 1283//1283 1286//1286 1285//1285
f 42//42 345//345 1278//1278 339//339
f 345//345 346//346 1279//1279 1278//1278
f 346//346 347//347 1280//1280 1279//1279
f 347//347 43//43 348//348 1280//1280
f 1280//1280 348//348 349//349 1283//1283
f 1283//1283 349//349 350//350 1286//1286
f 1286//1286 350//350 46//46 351//351
f 1285//1285 1286//1286 351//351 352//352
f 1284//1284 1285//1285 352//352 353//353
f 341//341 1284//1284 353//353 45//45
f 340//340 1281//1281 1284//1284 341//341
f 339//339 1278//1278 1281//1281 340//340
f 1287//1287 1288//1288 1291//1291 1290//1290
f 1288//1288 1289//1289 1292//1292 1291//1291
f 1290//1290 1291//1291 1294//1294 1293//1293
f 1291//1291 1292//1292 1295//1295 1294//1294
f 44//44 344//344 1287//1287 356//356
f 344//344 343//343 1288//1288 1287//1287
f 343//343 342//342 1289//1289 1288//1288
f 342//342 45//45 357//357 1289//1289
f 1289//1289 357//357 358//358 1292//1292
f 1292//1292 358//358 359//359 1295//1295
f 1295//1295 359//359 57//57 360//360
f 1294//1294 1295//1295 360//360 361//361
f 1293//1293 1294//1294 361//361 362//362
f 354//354 1293//1293 362//362 54//54
f 355//355 1290//1290 1293//1293 354//354
f 356//356 1287//1287 1290//1290 355//355
f 1296//1296 1297//1297 1300//1300 1299//1299
f 1297//1297 1298//1298 1301//1301 1300//1300
f 1299//1299 1300//1300 1303//1303 1302//1302
f 1300//1300 1301//1301 1304//1304 1303//1303
f 45//45 353//353 1296//1296 357//357
f 353//353 352//352 1297//1297 1296//1296
f 352//352 351//351 1298//1298 1297//1297
f 351//351 46//46 363//363 1298//1298
f 1298//1298 363//363 364//364 1301//1301
f 1301//1301 364//364 365//365 1304//1304
f 1304//1304 365//365 47//47 366//366
f 1303//1303 1304//1304 366//366 367//367
f 1302//1302 1303//1303 367//367 368//368
f 359//359 1302//1302 368//368 57//57
f 358//358 1299//1299 1302//1302 359//359
f 357//357 1296//1296 1299//1299 358//358
f 1305//1305 1306//1306 1309//1309 1308//1308
f 1306//1306 1307//1307 1310//1310 1309//1309
f 1308//1308 1309//1309 1312//1312 1311//1311
f 1309//1309 1310//1310 1313//1313 1312//1312
f 40//40 372//372 1305//1305 371//371
f 372//372 373//373 1306//1306 1305//1305
f 373//373 374//374 1307//1307 1306//1306
f 374//374 48//48 375//375 1307//1307
f 1307//1307 375//375 376//376 1310//1310
f 1310//1310 376//376 377//377 1313//1313
f 1313//1313 377//377 51//51 378//378
f 1312//1312 1313//1313 378//378 379//379
f 1311//1311 1312//1312 379//379 380//380
f 369//369 1311//1311 380//380 50//50
f 370//370 1308//1308 1311//1311 369//369
f 371//371 1305//1305 1308//1308 370//370
f 1314//1314 1315//1315 1318//1318 1317//1317
f 1315//1315 1316//1316 1319//1319 1318//1318
f 1317//1317 1318//1318 1321//1321 1320//1320
f 1318//1318 1319//1319 1322//1322 1321//1321
f 48//48 381//381 1314//1314 375//375
f 381//381 382//382 1315//1315 1314//1314
f 382//382 383//383 1316//1316 1315//1315
f 383//383 49//49 384//384 1316//1316
f 1316//1316 384//384 385//385 1319//1319
f 1319//1319 385//385 386//386 1322//1322
f 1322//1322 386//386 52//52 387//387
f 1321//1321 1322//1322 387//387 388//388
f 1320//1320 1321//1321 388//388 389//389
f 377//377 1320//1320 389//389 51//51
f 376//376 1317//1317 1320//1320 377//377
f 375//375 1314//1314 1317//1317 376//376
f 1323//1323 1324//1324 1327//1327 1326//1326
f 1324//1324 1325//1325 1328//1328 1327//1327
f 1326//1326 1327//1327 1330//1330 1329//1329
f 1327//1327 1328//1328 1331//1331 1330//1330
f 50//50 380//380 1323//1323 392//392
f 380//380 379//379 1324//1324 1323//1323
f 379//379 378//378 1325//1325 1324//1324
f 378//378 51//51 393//393 1325//1325
f 1325//1325 393//393 394//394 1328//1328
f 1328//1328 394//394 395//395 1331//1331
f 1331//1331 395//395 46//46 350//350
f 1330//1330 1331//1331 350//350 349//349
f 1329//1329 1330//1330 349//349 348//348
f 390//390 1329//1329 348//348 43//43
f 391//391 1326//1326 1329//1329 390//390
f 392//392 1323//1323 1326//1326 391//391
f 1332//1332 1333//1333 1336//1336 1335//1335
f 1333//1333 1334//1334 1337//1337 1336//1336
f 1335//1335 1336//1336 1339//1339 1338//1338
f 1336//1336 1337//1337 1340//1340 1339//1339
f 51//51 389//389 1332//1332 393//393
f 389//389 388//388 1333//1333 1332//1332
f 388//388 387//387 1334//1334 1333//1333
f 387//387 52//52 396//396 1334//1334
f 1334//1334 396//396 397//397 1337//1337
f 1337//1337 397//397 398//398 1340//1340
f 1340//1340 398//398 47//47 365//365
f 1339//1339 1340//1340 365//365 364//364
f 1338//1338 1339//1339 364//364 363//363
f 395//395 1338//1338 363//363 46//46
f 394//394 1335//1335 1338//1338 395//395
f 393//393 1332//1332 1335//1335 394//394
f 1341//1341 1342//1342 1345//1345 1344//1344
f 1342//1342 1343//1343 1346//1346 1345//1345
f 1344//1344 1345//1345 1348//1348 1347//1347
f 1345//1345 1346//1346 1349//1349 1348//1348
f 41//41 402//402 1341//1341 401//401
f 402//402 403//403 1342//1342 1341//1341
f 403//403 404//404 1343//1343 1342//1342
f 404//404 53//53 405//405 1343//1343
f 1343//1343 405//405 406//406 1346//1346
f 1346//1346 406//406 407//407 1349//1349
f 1349//1349 407//407 56//56 408//408
f 1348//1348 1349//1349 408//408 409//409
f 1347//1347 1348//1348 409//409 410//410
f 399//399 1347//1347 410//410 55//55
f 400//400 1344//1344 1347//1347 399//399
f 401//401 1341//1341 1344//1344 400//400
f 1350//1350 1351//1351 1354//1354 1353//1353
f 1351//1351 1352//1352 1355//1355 1354//1354
f 1353//1353 1354//1354 1357//1357 1356//1356
f 1354//1354 1355//1355 1358//1358 1357//1357
f 53//53 411//411 1350//1350 405//405
f 411//411 412//412 1351//1351 1350//1350
f 412//412 413//413 1352//1352 1351//1351
f 413//413 54//54 362//362 1352//1352
f 1352//1352 362//362 361//361 1355//1355
f 1355//1355 361//361 360//360 1358//1358
f 1358//1358 360//360 57//57 414//414
f 1357//1357 1358//1358 414//414 415//415
f 1356//1356 1357//1357 415//415 416//416
f 407//407 1356//1356 416//416 56//56
f 406//406 1353//1353 1356//1356 407//407
f 405//405 1350//1350 1353//1353 406//406
f 1359//1359 1360//1360 1363//1363 1362//1362
f 1360//1360 1361//1361 1364//1364 1363//1363
f 1362//1362 1363//1363 1366//1366 1365//1365
f 1363//1363 1364//1364 1367//1367 1366//1366
f 55//55 410//410 1359//1359 419//419
f 410//410 409//409 1360//1360 1359//1359
f 409//409 408//408 1361//1361 1360//1360
f 408//408 56//56 420//420 1361//1361
f 1361//1361 420//420 421//421 1364//1364
f 1364//1364 421//421 422//422 1367//1367
f 1367//1367 422//422 52//52 386//386
f 1366//1366 1367//1367 386//386 385//385
f 1365//1365 1366//1366 385//385 384//384
f 417//417 1365//1365 384//384 49//49
f 418//418 1362//1362 1365//1365 417//417
f 419//419 1359//1359 1362//1362 418//418
f 1368//1368 1369//1369 1372//1372 1371//1371
f 1369//1369 1370//1370 1373//1373 1372//1372
f 1371//1371 1372//1372 1375//1375 1374//1374
f 1372//1372 1373//1373 1376//1376 1375//1375
f 56//56 416//416 1368//1368 420//420
f 416//416 415//415 1369//1369 1368//1368
f 415//415 414//414 1370//1370 1369//1369
f 414//414 57//57 368//368 1370//1370
f 1370//1370 368//368 367//367 1373//1373
f 1373//1373 367//367 366//366 1376//1376
f 1376//1376 366//366 47//47 398//398
f 1375//1375 1376//1376 398//398 397//397
f 1374//1374 1375//1375 397//397 396//396
f 422//422 1374//1374 396//396 52//52
f 421//421 1371//1371 1374//1374 422//422
f 420//420 1368//1368 1371//1371 421//421
f 1377//1377 1378//1378 1381//1381 1380//1380
f 1378//1378 1379//1379 1382//1382 1381//1381
f 1380//1380 1381//1381 1384//1384 1383//1383
f 1381//1381 1382//1382 1385//1385 1384//1384
f 58//58 426//426 1377//1377 425//425
f 426//426 427//427 1378//1378 1377//1377
f 427//427 428//428 1379//1379 1378//1378
f 428//428 61//61 429//429 1379//1379
f 1379//1379 429//429 430//430 1382//1382
f 1382//1382 430//430 431//431 1385//1385
f 1385//1385 431//431 64//64 432//432
f 1384//1384 1385//1385 432//432 433//433
f 1383//1383 1384//1384 433//433 434//434
f 423//423 1383//1383 434//434 63//63
f 424//424 1380//1380 1383//1383 423//423
f 425//425 1377//1377 1380//1380 424//424
f 1386//1386 1387//1387 1390//1390 1389//1389
f 1387//1387 1388//1388 1391//1391 1390//1390
f 1389//1389 1390//1390 1393//1393 1392//1392
f 1390//1390 1391//1391 1394//1394 1393//1393
f 61//61 435//435 1386//1386 429//429
f 435//435 436//436 1387//1387 1386//1386
f 436//436 437//437 1388//1388 1387//1387
f 437//437 62//62 438//438 1388//1388
f 1388//1388 438//438 439//439 1391//1391
f 1391//1391 439//439 440//440 1394//1394
f 1394//1394 440//440 65//65 441//441
f 1393//1393 1394//1394 441//441 442//442
f 1392//1392 1393//1393 442//442 443//443
f 431//431 1392//1392 443//443 64//64
f 430//430 1389//1389 1392//1392 431//431
f 429//429 1386//1386 1389//1389 430//430
f 1395//1395 1396//1396 1399//1399 1398//1398
f 1396//1396 1397//1397 1400//1400 1399//1399
f 1398//1398 1399//1399 1402//1402 1401//1401
f 1399//1399 1400//1400 1403//1403 1402//1402
f 63//63 434//434 1395//1395 446//446
f 434//434 433//433 1396//1396 1395//1395
f 433//433 432//432 1397//1397 1396//1396
f 432//432 64//64 447//447 1397//1397
f 1397//1397 447//447 448//448 1400//1400
f 1400//1400 448//448 449//449 1403//1403
f 1403//1403 449//449 76//76 450//450
f 1402//1402 1403//1403 450//450 451//451
f 1401//1401 1402//1402 451//451 452//452
f 444//444 1401//1401 452//452 73//73
f 445//445 1398//1398 1401//1401 444//444
f 446//446 1395//1395 1398//1398 445//445
f 1404//1404 1405//1405 1408//1408 1407//1407
f 1405//1405 1406//1406 1409//1409 1408//1408
f 1407//1407 1408//1408 1411//1411 1410//1410
f 1408//1408 1409//1409 1412//1412 1411//1411
f 64//64 443//443 1404//1404 447//447
f 443//443 442//442 1405//1405 1404//1404
f 442//442 441//441 1406//1406 1405//1405
f 441//441 65//65 453//453 1406//1406
f 1406//1406 453//453 454//454 1409//1409
f 1409//1409 454//454 455//455 1412//1412
f 1412//1412 455//455 66//66 456//456
f 1411//1411 1412//1412 456//456 457//457
f 1410//1410 1411//1411 457//457 458//458
f 449//449 1410//1410 458//458 76//76
f 448//448 1407//1407 1410//1410 449//449
f 447//447 1404//1404 1407//1407 448//448
f 1413//1413 1414//1414 1417//1417 1416//1416
f 1414//1414 1415//1415 1418//1418 1417//1417
f 1416//1416 1417//1417 1420//1420 1419//1419
f 1417//1417 1418//1418 1421//1421 1420//1420
f 59//59 462//462 1413//1413 461//461
f 462//462 463//463 1414//1414 1413//1413
f 463//463 464//464 1415//1415 1414//1414
f 464//464 67//67 465//465 1415//1415
f 1415//1415 465//465 466//466 1418//1418
f 1418//1418 466//466 467//467 1421//1421
f 1421//1421 467//467 70//70 468//468
f 1420//1420 1421//1421 468//468 469//469
f 1419//1419 1420//1420 469//469 470//470
f 459//459 1419//1419 470//470 69//69
f 460//460 1416//1416 1419//1419 459//459
f 461//461 1413//1413 1416//1416 460//460
f 1422//1422 1423//1423 1426//1426 1425//1425
f 1423//1423 1424//1424 1427//1427 1426//1426
f 1425//1425 1426//1426 1429//1429 1428//1428
f 1426//1426 1427//1427 1430//1430 1429//1429
f 67//67 471//471 1422//1422 465//465
f 471//471 472//472 1423//1423 1422//1422
f 472//472 473//473 1424//1424 1423//1423
f 473//473 68//68 474//474 1424//1424
f 1424//1424 474//474 475//475 1427//1427
f 1427//1427 475//475 476//476 1430//1430
f 1430//1430 476//476 71//71 477//477
f 1429//1429 1430//1430 477//477 478//478
f 1428//1428 1429//1429 478//478 479//479
f 467//467 1428//1428 479//479 70//70
f 466//466 1425//1425 1428//1428 467//467
f 465//465 1422//1422 1425//1425 466//466
f 1431//1431 1432//1432 1435//1435 1434//1434
f 1432//1432 1433//1433 1436//1436 1435//1435
f 1434//1434 1435//1435 1438//1438 1437//1437
f 1435//1435 1436//1436 1439//1439 1438//1438
f 69//69 470//470 1431//1431 482//482
f 470//470 469//469 1432//1432 1431//1431
f 469//469 468//468 1433//1433 1432//1432
f 468//468 70//70 483//483 1433//1433
f 1433//1433 483//483 484//484 1436//1436
f 1436//1436 484//484 485//485 1439//1439
f 1439//1439 485//485 65//65 440//440
f 1438//1438 1439//1439 440//440 439//439
f 1437//1437 1438//1438 439//439 438//438
f 480//480 1437//1437 438//438 62//62
f 481//481 1434//1434 1437//1437 480//480
f 482//482 1431//1431 1434//1434 481//481
f 1440//1440 1441//1441 1444//1444 1443//1443
f 1441//1441 1442//1442 1445//1445 1444//1444
f 1443//1443 1444//1444 1447//1447 1446//1446
f 1444//1444 1445//1445 1448//1448 1447//1447
f 70//70 479//479 1440//1440 483//483
f 479//479 478//478 1441//1441 1440//1440
f 478//478 477//477 1442//1442 1441//1441
f 477//477 71//71 486//486 1442//1442
f 1442//1442 486//486 487//487 1445//1445
f 1445//1445 487//487 488//488 1448//1448
f 1448//1448 488//488 66//66 455//455
f 1447//1447 1448//1448 455//455 454//454
f 1446//1446 1447//1447 454//454 453//453
f 485//485 1446//1446 453//453 65//65
f 484//484 1443//1443 1446//1446 485//485
f 483//483 1440//1440 1443//1443 484//484
f 1449//1449 1450//1450 1453//1453 1452//1452
f 1450//1450 1451//1451 1454//1454 1453//1453
f 1452//1452 1453//1453 1456//1456 1455//1455
f 1453//1453 1454//1454 1457//1457 1456//1456
f 60//60 492//492 1449//1449 491//491
f 492//492 493//493 1450//1450 1449//1449
f 493//493 494//494 1451//1451 1450//1450
f 494//494 72//72 495//495 1451//1451
f 1451//1451 495//495 496//496 1454//1454
f 1454//1454 496//496 497//497 1457//1457
f 1457//1457 497//497 75//75 498//498
f 1456//1456 1457//1457 498//498 499//499
f 1455//1455 1456//1456 499//499 500//500
f 489//489 1455//1455 500//500 74//74
f 490//490 1452//1452 1455//1455 489//489
f 491//491 1449//1449 1452//1452 490//490
f 1458//1458 1459//1459 1462//1462 1461//1461
f 1459//1459 1460//1460 1463//1463 1462//1462
f 1461//1461 1462//1462 1465//1465 1464//1464
f 1462//1462 1463//1463 1466//1466 1465//1465
f 72//72 501//501 1458//1458 495//495
f 501//501 502//502 1459//1459 1458//1458
f 502//502 503//503 1460//1460 1459//1459
f 503//503 73//73 452//452 1460//1460
f 1460//1460 452//452 451//451 1463//1463
f 1463//1463 451//451 450//450 1466//1466
f 1466//1466 450//450 76//76 504//504
f 1465//1465 1466//1466 504//504 505//505
f 1464//1464 1465//1465 505//505 506//506
f 497//497 1464//1464 506//506 75//75
f 496//496 1461//1461 1464//1464 497//497
f 495//495 1458//1458 1461//1461 496//496
f 1467//1467 1468//1468 1471//1471 1470//1470
f 1468//1468 1469//1469 1472//1472 1471//1471
f 1470//1470 1471//1471 1474//1474 1473//1473
f 1471//1471 1472//1472 1475//1475 1474//1474
f 74//74 500//500 1467//1467 509//509
f 500//500 499//499 1468//1468 1467//1467
f 499//499 498//498 1469//1469 1468//1468
f 498//498 75//75 510//510 1469//1469
f 1469//1469 510//510 511//511 1472//1472
f 1472//1472 511//511 512//512 1475//1475
f 1475//1475 512//512 71//71 476//476
f 1474//1474 1475//1475 476//476 475//475
f 1473//1473 1474//1474 475//475 474//474
f 507//507 1473//1473 474//474 68//68
f 508//508 1470//1470 1473//1473 507//507
f 509//509 1467//1467 1470//1470 508//508
f 1476//1476 1477//1477 1480//1480 1479//1479
f 1477//1477 1478//1478 1481//1481 1480//1480
f 1479//1479 1480//1480 1483//1483 1482//1482
f 1480//1480 1481//1481 1484//1484 1483//1483
f 75//75 506//506 1476//1476 510//510
f 506//506 505//505 1477//1477 1476//1476
f 505//505 504//504 1478//1478 1477//1477
f 504//504 76//76 458//458 1478//1478
f 1478//1478 458//458 457//457 1481//1481
f 1481//1481 457//457 456//456 1484//1484
f 1484//1484 456//456 66//66 488//488
f 1483//1483 1484//1484 488//488 487//487
f 1482//1482 1483//1483 487//487 486//486
f 512//512 1482//1482 486//486 71//71
f 511//511 1479//1479 1482//1482 512//512
f 510//510 1476//1476 1479//1479 511//511
f 1485//1485 1486//1486 1489//1489 1488//1488
f 1486//1486 1487//1487 1490//1490 1489//1489
f 1488//1488 1489//1489 1492//1492 1491//1491
f 1489//1489 1490//1490 1493//1493 1492//1492
f 77//77 516//516 1485//1485 515//515
f 516//516 517//517 1486//1486 1485//1485
f 517//517 518//518 1487//1487 1486//1486
f 518//518 80//80 519//519 1487//1487
f 1487//1487 519//519 520//520 1490//1490
f 1490//1490 520//520 521//521 1493//1493
f 1493//1493 521//521 83//83 522//522
f 1492//1492 1493//1493 522//522 523//523
f 1491//1491 1492//1492 523//523 524//524
f 513//513 1491//1491 524//524 82//82
f 514//514 1488//1488 1491//1491 513//513
f 515//515 1485//1485 1488//1488 514//514
f 1494//1494 1495//1495 1498//1498 1497//1497
f 1495//1495 1496//1496 1499//1499 1498//1498
f 1497//1497 1498//1498 1501//1501 1500//1500
f 1498//1498 1499//1499 1502//1502 1501//1501
f 80//80 525//525 1494//1494 519//519
f 525//525 526//526 1495//1495 1494//1494
f 526//526 527//527 1496//1496 1495//1495
f 527//527 81//81 528//528 1496//1496
f 1496//1496 528//528 529//529 1499//1499
f 1499//1499 529//529 530//530 1502//1502
f 1502//1502 530//530 84//84 531//531
f 1501//1501 1502//1502 531//531 532//532
f 1500//1500 1501//1501 532//532 533//533
f 521//521 1500//1500 533//533 83//83
f 520//520 1497//1497 1500//1500 521//521
f 519//519 1494//1494 1497//1497 520//520
f 1503//1503 1504//1504 1507//1507 1506//1506
f 1504//1504 1505//1505 1508//1508 1507//1507
f 1506//1506 1507//1507 1510//1510 1509//1509
f 1507//1507 1508//1508 1511//1511 1510//1510
f 82//82 524//524 1503//1503 536//536
f 524//524 523//523 1504//1504 1503//1503
f 523//523 522//522 1505//1505 1504//1504
f 522//522 83//83 537//537 1505//1505
f 1505//1505 537//537 538//538 1508//1508
f 1508//1508 538//538 539//539 1511//1511
f 1511//1511 539//539 95//95 540//540
f 1510//1510 1511//1511 540//540 541//541
f 1509//1509 1510//1510 541//541 542//542
f 534//534 1509//1509 542//542 92//92
f 535//535 1506//1506 1509//1509 534//534
f 536//536 1503//1503 1506//1506 535//535
f 1512//1512 1513//1513 1516//1516 1515//1515
f 1513//1513 1514//1514 1517//1517 1516//1516
f 1515//1515 1516//1516 1519//1519 1518//1518
f 1516//1516 1517//1517 1520//1520 1519//1519
f 83//83 533//533 1512//1512 537//537
f 533//533 532//532 1513//1513 1512//1512
f 532//532 531//531 1514//1514 1513//1513
f 531//531 84//84 543//543 1514//1514
f 1514//1514 543//543 544//544 1517//1517
f 1517//1517 544//544 545//545 1520//1520
f 1520//1520 545//545 85//85 546//546
f 1519//1519 1520//1520 546//546 547//547
f 1518//1518 1519//1519 547//547 548//548
f 539//539 1518//1518 548//548 95//95
f 538//538 1515//1515 1518//1518 539//539
f 537//537 1512//1512 1515//1515 538//538
f 1521//1521 1522//1522 1525//1525 1524//1524
f 1522//1522 1523//1523 1526//1526 1525//1525
f 1524//1524 1525//1525 1528//1528 1527//1527
f 1525//1525 1526//1526 1529//1529 1528//1528
f 78//78 552//552 1521//1521 551//551
f 552//552 553//553 1522//1522 1521//1521
f 553//553 554//554 1523//1523 1522//1522
f 554//554 86//86 555//555 1523//1523
f 1523//1523 555//555 556//556 1526//1526
f 1526//1526 556//556 557//557 1529//1529
f 1529//1529 557//557 89//89 558//558
f 1528//1528 1529//1529 558//558 559//559
f 1527//1527 1528//1528 559//559 560//560
f 549//549 1527//1527 560//560 88//88
f 550//550 1524//1524 1527//1527 549//549
f 551//551 1521//1521 1524//1524 550//550
f 1530//1530 1531//1531 1534//1534 1533//1533
f 1531//1531 1532//1532 1535//1535 1534//1534
f 1533//1533 1534//1534 1537//1537 1536//1536
f 1534//1534 1535//1535 1538//1538 1537//1537
f 86//86 561//561 1530//1530 555//555
f 561//561 562//562 1531//1531 1530//1530
f 562//562 563//563 1532//1532 1531//1531
f 563//563 87//87 564//564 1532//1532
f 1532//1532 564//564 565//565 1535//1535
f 1535//1535 565//565 566//566 1538//1538
f 1538//1538 566//566 90//90 567//567
f 1537//1537 1538//1538 567//567 568//568
f 1536//1536 1537//1537 568//568 569//569
f 557//557 1536//1536 569//569 89//89
f 556//556 1533//1533 1536//1536 557//557
f 555//555 1530//1530 1533//1533 556//556
f 1539//1539 1540//1540 1543//1543 1542//1542
f 1540//1540 1541//1541 1544//1544 1543//1543
f 1542//1542 1543//1543 1546//1546 1545//1545
f 1543//1543 1544//1544 1547//1547 1546//1546
f 88//88 560//560 1539//1539 572//572
f 560//560 559//559 1540//1540 1539//1539
f 559//559 558//558 1541//1541 1540//1540
f 558//558 89//89 573//573 1541//1541
f 1541//1541 573//573 574//574 1544//1544
f 1544//1544 574//574 575//575 1547//1547
f 1547//1547 575//575 84//84 530//530
f 1546//1546 1547//1547 530//530 529//529
f 1545//1545 1546//1546 529//529 528//528
f 570//570 1545//1545 528//528 81//81
f 571//571 1542//1542 1545//1545 570//570
f 572//572 1539//1539 1542//1542 571//571
f 1548//1548 1549//1549 1552//1552 1551//1551
f 1549//1549 1550//1550 1553//1553 1552//1552
f 1551//1551 1552//1552 1555//1555 1554//1554
f 1552//1552 1553//1553 1556//1556 1555//1555
f 89//89 569//569 1548//1548 573//573
f 569//569 568//568 1549//1549 1548//1548
f 568//568 567//567 1550//1550 1549//1549
f 567//567 90//90 576//576 1550//1550
f 1550//1550 576//576 577//577 1553//1553
f 1553//1553 577//577 578//578 1556//1556
f 1556//1556 578//578 85//85 545//545
f 1555//1555 1556//1556 545//545 544//544
f 1554//1554 1555//1555 544//544 543//543
f 575//575 1554//1554 543//543 84//84
f 574//574 1551//1551 1554//1554 575//575
f 573//573 1548//1548 1551//1551 574//574
f 1557//1557 1558//1558 1561//1561 1560//1560
f 1558//1558 1559//1559 1562//1562 1561//1561
f 1560//1560 1561//1561 1564//1564 1563//1563
f 1561//1561 1562//1562 1565//1565 1564//1564
f 79//79 582//582 1557//1557 581//581
f 582//582 583//583 1558//1558 1557//1557
f 583//583 584//584 1559//1559 1558//1558
f 584//584 91//91 585//585 1559//1559
f 1559//1559 585//585 586//586 1562//1562
f 1562//1562 586//586 587//587 1565//1565
f 1565//1565 587//587 94//94 588//588
f 1564//1564 1565//1565 588//588 589//589
f 1563//1563 1564//1564 589//589 590//590
f 579//579 1563//1563 590//590 93//93
f 580//580 1560//1560 1563//1563 579//579
f 581//581 1557//1557 1560//1560 580//580
f 1566//1566 1567//1567 1570//1570 1569//1569
f 1567//1567 1568//1568 1571//1571 1570//1570
f 1569//1569 1570//1570 1573//1573 1572//1572
f 1570//1570 1571//1571 1574//1574 1573//1573
f 91//91 591//591 1566//1566 585//585
f 591//591 592//592 1567//1567 1566//1566
f 592//592 593//593 1568//1568 1567//1567
f 593//593 92//92 542//542 1568//1568
f 1568//1568 542//542 541//541 1571//1571
f 1571//1571 541//541 540//540 1574//1574
f 1574//1574 540//540 95//95 594//594
f 1573//1573 1574//1574 594//594 595//595
f 1572//1572 1573//1573 595//595 596//596
f 587//587 1572//1572 596//596 94//94
f 586//586 1569//1569 1572//1572 587//587
f 585//585 1566//1566 1569//1569 586//586
f 1575//1575 1576//1576 1579//1579 1578//1578
f 1576//1576 1577//1577 1580//1580 1579//1579
f 1578//1578 1579//1579 1582//1582 1581//1581
f 1579//1579 1580//1580 1583//1583 1582//1582
f 93//93 590//590 1575//1575 599//599
f 590//590 589//589 1576//1576 1575//1575
f 589//589 588//588 1577//1577 1576//1576
f 588//588 94//94 600//600 1577//1577
f 1577//1577 600//600 601//601 1580//1580
f 1580//1580 601//601 602//602 1583//1583
f 1583//1583 602//602 90//90 566//566
f 1582//1582 1583//1583 566//566 565//565
f 1581//1581 1582//1582 565//565 564//564
f 597//597 1581//1581 564//564 87//87
f 598//598 1578//1578 1581//1581 597//597
f 599//599 1575//1575 1578//1578 598//598
f 1584//1584 1585//1585 1588//1588 1587//1587
f 1585//1585 1586//1586 1589//1589 1588//1588
f 1587//1587 1588//1588 1591//1591 1590//1590
f 1588//1588 1589//1589 1592//1592 1591//1591
f 94//94 596//596 1584//1584 600//600
f 596//596 595//595 1585//1585 1584//1584
f 595//595 594//594 1586//1586 1585//1585
f 594//594 95//95 548//548 1586//1586
f 1586//1586 548//548 547//547 1589//1589
f 1589//1589 547//547 546//546 1592//1592
f 1592//1592 546//546 85//85 578//578
f 1591//1591 1592//1592 578//578 577//577
f 1590//1590 1591//1591 577//577 576//576
f 602//602 1590//1590 576//576 90//90
f 601//601 1587//1587 1590//1590 602//602
f 600//600 1584//1584 1587//1587 601//601
f 1593//1593 1594//1594 1597//1597 1596//1596
f 1594//1594 1595//1595 1598//1598 1597//1597
f 1596//1596 1597//1597 1600//1600 1599//1599
f 1597//1597 1598//1598 1601//1601 1600//1600
f 96//96 606//606 1593//1593 605//605
f 606//606 607//607 1594//1594 1593//1593
f 607//607 608//608 1595//1595 1594//1594
f 608//608 99//99 609//609 1595//1595
f 1595//1595 609//609 610//610 1598//1598
f 1598//1598 610//610 611//611 1601//1601
f 1601//1601 611//611 102//102 612//612
f 1600//1600 1601//1601 612//612 613//613
f 1599//1599 1600//1600 613//613 614//614
f 603//603 1599//1599 614//614 101//101
f 604//604 1596//1596 1599//1599 603//603
f 605//605 1593//1593 1596//1596 604//604
f 1602//1602 1603//1603 1606//1606 1605//1605
f 1603//1603 1604//1604 1607//1607 1606//1606
f 1605//1605 1606//1606 1609//1609 1608//1608
f 1606//1606 1607//1607 1610//1610 1609//1609
f 99//99 615//615 1602//1602 609//609
f 615//615 616//616 1603//1603 1602//1602
f 616//616 617//617 1604//1604 1603//1603
f 617//617 100//100 618//618 1604//1604
f 1604//1604 618//618 619//619 1607//1607
f 1607//1607 619//619 620//620 1610//1610
f 1610//1610 620//620 103//103 621//621
f 1609//1609 1610//1610 621//621 622//622
f 1608//1608 1609//1609 622//622 623//623
f 611//611 1608//1608 623//623 102//102
f 610//610 1605//1605 1608//1608 611//611
f 609//609 1602//1602 1605//1605 610//610
f 1611//1611 1612//1612 1615//1615 1614//1614
f 1612//1612 1613//1613 1616//1616 1615//1615
f 1614//1614 1615//1615 1618//1618 1617//1617
f 1615//1615 1616//1616 1619//1619 1618//1618
f 101//101 614//614 1611//1611 626//626
f 614//614 613//613 1612//1612 1611//1611
f 613//613 612//612 1613//1613 1612//1612
f 612//612 102//102 627//627 1613//1613
f 1613//1613 627//627 628//628 1616//1616
f 1616//1616 628//628 629//629 1619//1619
f 1619//1619 629//629 114//114 630//630
f 1618//1618 1619//1619 630//630 631//631
f 1617//1617 1618//1618 631//631 632//632
f 624//624 1617//1617 632//632 111//111
f 625//625 1614//1614 1617//1617 624//624
f 626//626 1611//1611 1614//1614 625//625
f 1620//1620 1621//1621 1624//1624 1623//1623
f 1621//1621 1622//1622 1625//1625 1624//1624
f 1623//1623 1624//1624 1627//1627 1626//1626
f 1624//1624 1625//1625 1628//1628 1627//1627
f 102//102 623//623 1620//1620 627//627
f 623//623 622//622 1621//1621 1620//1620
f 622//622 621//621 1622//1622 1621//1621
f 621//621 103//103 633//633 1622//1622
f 1622//1622 633//633 634//634 1625//1625
f 1625//1625 634//634 635//635 1628//1628
f 1628//1628 635//635 104//104 636//636
f 1627//1627 1628//1628 636//636 637//637
f 1626//1626 1627//1627 637//637 638//638
f 629//629 1626//1626 638//638 114//114
f 628//628 1623//1623 1626//1626 629//629
f 627//627 1620//1620 1623//1623 628//628
f 1629//1629 1630//1630 1633//1633 1632//1632
f 1630//1630 1631//1631 1634//1634 1633//1633
f 1632//1632 1633//1633 1636//1636 1635//1635
f 1633//1633 1634//1634 1637//1637 1636//1636
f 97//97 642//642 1629//1629 641//641
f 642//642 643//643 1630//1630 1629//1629
f 643//643 644//644 1631//1631 1630//1630
f 644//644 105//105 645//645 1631//1631
f 1631//1631 645//645 646//646 1634//1634
f 1634//1634 646//646 647//647 1637//1637
f 1637//1637 647//647 108//108 648//648
f 1636//1636 1637//1637 648//648 649//649
f 1635//1635 1636//1636 649//649 650//650
f 639//639 1635//1635 650//650 107//107
f 640//640 1632//1632 1635//1635 639//639
f 641//641 1629//1629 1632//1632 640//640
f 1638//1638 1639//1639 1642//1642 1641//1641
f 1639//1639 1640//1640 1643//1643 1642//1642
f 1641//1641 1642//1642 1645//1645 1644//1644
f 1642//1642 1643//1643 1646//1646 1645//1645
f 105//105 651//651 1638//1638 645//645
f 651//651 652//652 1639//1639 1638//1638
f 652//652 653//653 1640//1640 1639//1639
f 653//653 106//106 654//654 1640//1640
f 1640//1640 654//654 655//655 1643//1643
f 1643//1643 655//655 656//656 1646//1646
f 1646//1646 656//656 109//109 657//657
f 1645//1645 1646//1646 657//657 658//658
f 1644//1644 1645//1645 658//658 659//659
f 647//647 1644//1644 659//659 108//108
f 646//646 1641//1641 1644//1644 647//647
f 645//645 1638//1638 1641//1641 646//646
f 1647//1647 1648//1648 1651//1651 1650//1650
f 1648//1648 1649//1649 1652//1652 1651//1651
f 1650//1650 1651//1651 1654//1654 1653//1653
f 1651//1651 1652//1652 1655//1655 1654//1654
f 107//107 650//650 1647//1647 662//662
f 650//650 649//649 1648//1648 1647//1647
f 649//649 648//648 1649//1649 1648//1648
f 648//648 108//108 663//663 1649//1649
f 1649//1649 663//663 664//664 1652//1652
f 1652//1652 664//664 665//665 1655//1655
f 1655//1655 665//665 103//103 620//620
f 1654//1654 1655//1655 620//620 619//619
f 1653//1653 1654//1654 619//619 618//618
f 660//660 1653//1653 618//618 100//100
f 661//661 1650//1650 1653//1653 660//660
f 662//662 1647//1647 1650//1650 661//661
f 1656//1656 1657//1657 1660//1660 1659//1659
f 1657//1657 1658//1658 1661//1661 1660//1660
f 1659//1659 1660//1660 1663//1663 1662//1662
f 1660//1660 1661//1661 1664//1664 1663//1663
f 108//108 659//659 1656//1656 663//663
f 659//659 658//658 1657//1657 1656//1656
f 658//658 657//657 1658//1658 1657//1657
f 657//657 109//109 666//666 1658//1658
f 1658//1658 666//666 667//667 1661//1661
f 1661//1661 667//667 668//668 1664//1664
f 1664//1664 668//668 104//104 635//635
f 1663//1663 1664//1664 635//635 634//634
f 1662//1662 1663//1663 634//634 633//633
f 665//665 1662//1662 633//633 103//103
f 664//664 1659//1659 1662//1662 665//665
f 663//663 1656//1656 1659//1659 664//664
f 1665//1665 1666//1666 1669//1669 1668//1668
f 1666//1666 1667//1667 1670//1670 1669//1669
f 1668//1668 1669//1669 1672//1672 1671//1671
f 1669//1669 1670//1670 1673//1673 1672//1672
f 98//98 672//672 1665//1665 671//671
f 672//672 673//673 1666//1666 1665//1665
f 673//673 674//674 1667//1667 1666//1666
f 674//674 110//110 675//675 1667//1667
f 1667//1667 675//675 676//676 1670//1670
f 1670//1670 676//676 677//677 1673//1673
f 1673//1673 677//677 113//113 678//678
f 1672//1672 1673//1673 678//678 679//679
f 1671//1671 1672//1672 679//679 680//680
f 669//669 1671//1671 680//680 112//112
f 670//670 1668//1668 1671//1671 669//669
f 671//671 1665//1665 1668//1668 670//670
f 1674//1674 1675//1675 1678//1678 1677//1677
f 1675//1675 1676//1676 1679//1679 1678//1678
f 1677//1677 1678//1678 1681//1681 1680//1680
f 1678//1678 1679//1679 1682//1682 1681//1681
f 110//110 681//681 1674//1674 675//675
f 681//681 682//682 1675//1675 1674//1674
f 682//682 683//683 1676//1676 1675//1675
f 683//683 111//111 632//632 1676//1676
f 1676//1676 632//632 631//631 1679//1679
f 1679//1679 631//631 630//630 1682//1682
f 1682//1682 630//630 114//114 684//684
f 1681//1681 1682//1682 684//684 685//685
f 1680//1680 1681//1681 685//685 686//686
f 677//677 1680//1680 686//686 113//113
f 676//676 1677//1677 1680//1680 677//677
f 675//675 1674//1674 1677//1677 676//676
f 1683//1683 1684//1684 1687//1687 1686//1686
f 1684//1684 1685//1685 1688//1688 1687//1687
f 1686//1686 1687//1687 1690//1690 1689//1689
f 1687//1687 1688//1688 1691//1691 1690//1690
f 112//112 680//680 1683//1683 689//689
f 680//680 679//679 1684//1684 1683//1683
f 679//679 678//678 1685//1685 1684//1684
f 678//678 113//113 690//690 1685//1685
f 1685//1685 690//690 691//691 1688//1688
f 1688//1688 691//691 692//692 1691//1691
f 1691//1691 692//692 109//109 656//656
f 1690//1690 1691//1691 656//656 655//655
f 1689//1689 1690//1690 655//655 654//654
f 687//687 1689//1689 654//654 106//106
f 688//688 1686//1686 1689//1689 687//687
f 689//689 1683//1683 1686//1686 688//688
f 1692//1692 1693//1693 1696//1696 1695//1695
f 1693//1693 1694//1694 1697//1697 1696//1696
f 1695//1695 1696//1696 1699//1699 1698//1698
f 1696//1696 1697//1697 1700//1700 1699//1699
f 113//113 686//686 1692//1692 690//690
f 686//686 685//685 1693//1693 1692//1692
f 685//685 684//684 1694//1694 1693//1693
f 684//684 114//114 638//638 1694//1694
f 1694//1694 638//638 637//637 1697//1697
f 1697//1697 637//637 636//636 1700//1700
f 1700//1700 636//636 104//104 668//668
f 1699//1699 1700//1700 668//668 667//667
f 1698//1698 1699//1699 667//667 666//666
f 692//692 1698//1698 666//666 109//109
f 691//691 1695//1695 1698//1698 692//692
f 690//690 1692//1692 1695//1695 691//691
f 1701//1701 1702//1702 1705//1705 1704//1704
f 1702//1702 1703//1703 1706//1706 1705//1705
f 1704//1704 1705//1705 1708//1708 1707//1707
f 1705//1705 1706//1706 1709//1709 1708//1708
f 115//115 696//696 1701//1701 695//695
f 696//696 697//697 1702//1702 1701//1701
f 697//697 698//698 1703//1703 1702//1702
f 698//698 118//118 699//699 1703//1703
f 1703//1703 699//699 700//700 1706//1706
f 1706//1706 700//700 701//701 1709//1709
f 1709//1709 701//701 121//121 702//702
f 1708//1708 1709//1709 702//702 703//703
f 1707//1707 1708//1708 703//703 704//704
f 693//693 1707//1707 704//704 120//120
f 694//694 1704//1704 1707//1707 693//693
f 695//695 1701//1701 1704//1704 694//694
f 1710//1710 1711//1711 1714//1714 1713//1713
f 1711//1711 1712//1712 1715//1715 1714//1714
f 1713//1713 1714//1714 1717//1717 1716//1716
f 1714//1714 1715//1715 1718//1718 1717//1717
f 118//118 705//705 1710//1710 699//699
f 705//705 706//706 1711//1711 1710//1710
f 706//706 707//707 1712//1712 1711//1711
f 707//707 119//119 708//708 1712//1712
f 1712//1712 708//708 709//709 1715//1715
f 1715//1715 709//709 710//710 1718//1718
f 1718//1718 710//710 122//122 711//711
f 1717//1717 1718//1718 711//711 712//712
f 1716//1716 1717//1717 712//712 713//713
f 701//701 1716//1716 713//713 121//121
f 700//700 1713//1713 1716//1716 701//701
f 699//699 1710//1710 1713//1713 700//700
f 1719//1719 1720//1720 1723//1723 1722//1722
f 1720//1720 1721//1721 1724//1724 1723//1723
f 1722//1722 1723//1723 1726//1726 1725//1725
f 1723//1723 1724//1724 1727//1727 1726//1726
f 120//120 704//704 1719//1719 716//716
f 704//704 703//703 1720//1720 1719//1719
f 703//703 702//702 1721//1721 1720//1720
f 702//702 121//121 717//717 1721//1721
f 1721//1721 717//717 718//718 1724//1724
f 1724//1724 718//718 719//719 1727//1727
f 1727//1727 719//719 133//133 720//720
f 1726//1726 1727//1727 720//720 721//721
f 1725//1725 1726//1726 721//721 722//722
f 714//714 1725//1725 722//722 130//130
f 715//715 1722//1722 1725//1725 714//714
f 716//716 1719//1719 1722//1722 715//715
f 1728//1728 1729//1729 1732//1732 1731//1731
f 1729//1729 1730//1730 1733//1733 1732//1732
f 1731//1731 1732//1732 1735//1735 1734//1734
f 1732//1732 1733//1733 1736//1736 1735//1735
f 121//121 713//713 1728//1728 717//717
f 713//713 712//712 1729//1729 1728//1728
f 712//712 711//711 1730//1730 1729//1729
f 711//711 122//122 723//723 1730//1730
f 1730//1730 723//723 724//724 1733//1733
f 1733//1733 724//724 725//725 1736//1736
f 1736//1736 725//725 123//123 726//726
f 1735//1735 1736//1736 726//726 727//727
f 1734//1734 1735//1735 727//727 728//728
f 719//719 1734//1734 728//728 133//133
f 718//718 1731//1731 1734//1734 719//719
f 717//717 1728//1728 1731//1731 718//718
f 1737//1737 1738//1738 1741//1741 1740//1740
f 1738//1738 1739//1739 1742//1742 1741//1741
f 1740//1740 1741//1741 1744//1744 1743//1743
f 1741//1741 1742//1742 1745//1745 1744//1744
f 116//116 732//732 1737//1737 731//731
f 732//732 733//733 1738//1738 1737//1737
f 733//733 734//734 1739//1739 1738//1738
f 734//734 124//124 735//735 1739//1739
f 1739//1739 735//735 736//736 1742//1742
f 1742//1742 736//736 737//737 1745//1745
f 1745//1745 737//737 127//127 738//738
f 1744//1744 1745//1745 738//738 739//739
f 1743//1743 1744//1744 739//739 740//740
f 729//729 1743//1743 740//740 126//126
f 730//730 1740//1740 1743//1743 729//729
f 731//731 1737//1737 1740//1740 730//730
f 1746//1746 1747//1747 1750//1750 1749//1749
f 1747//1747 1748//1748 1751//1751 1750//1750
f 1749//1749 1750//1750 1753//1753 1752//1752
f 1750//1750 1751//1751 1754//1754 1753//1753
f 124//124 741//741 1746//1746 735//735
f 741//741 742//742 1747//1747 1746//1746
f 742//742 743//743 1748//1748 1747//1747
f 743//743 125//125 744//744 1748//1748
f 1748//1748 744//744 745//745 1751//1751
f 1751//1751 745//745 746//746 1754//1754
f 1754//1754 746//746 128//128 747//747
f 1753//1753 1754//1754 747//747 748//748
f 1752//1752 1753//1753 748//748 749//749
f 737//737 1752//1752 749//749 127//127
f 736//736 1749//1749 1752//1752 737//737
f 735//735 1746//1746 1749//1749 736//736
f 1755//1755 1756//1756 1759//1759 1758//1758
f 1756//1756 1757//1757 1760//1760 1759//1759
f 1758//1758 1759//1759 1762//1762 1761//1761
f 1759//1759 1760//1760 1763//1763 1762//1762
f 126//126 740//740 1755//1755 752//752
f 740//740 739//739 1756//1756 1755//1755
f 739//739 738//738 1757//1757 1756//1756
f 738//738 127//127 753//753 1757//1757
f 1757//1757 753//753 754//754 1760//1760
f 1760//1760 754//754 755//755 1763//1763
f 1763//1763 755//755 122//122 710//710
f 1762//1762 1763//1763 710//710 709//709
f 1761//1761 1762//1762 709//709 708//708
f 750//750 1761//1761 708//708 119//119
f 751//751 1758//1758 1761//1761 750//750
f 752//752 1755//1755 1758//1758 751//751
f 1764//1764 1765//1765 1768//1768 1767//1767
f 1765//1765 1766//1766 1769//1769 1768//1768
f 1767//1767 1768//1768 1771//1771 1770//1770
f 1768//1768 1769//1769 1772//1772 1771//1771
f 127//127 749//749 1764//1764 753//753
f 749//749 748//748 1765//1765 1764//1764
f 748//748 747//747 1766//1766 1765//1765
f 747//747 128//128 756//756 1766//1766
f 1766//1766 756//756 757//757 1769//1769
f 1769//1769 757//757 758//758 1772//1772
f 1772//1772 758//758 123//123 725//725
f 1771//1771 1772//1772 725//725 724//724
f 1770//1770 1771//1771 724//724 723//723
f 755//755 1770//1770 723//723 122//122
f 754//754 1767//1767 1770//1770 755//755
f 753//753 1764//1764 1767//1767 754//754
f 1773//1773 1774//1774 1777//1777 1776//1776
f 1774//1774 1775//1775 1778//1778 1777//1777
f 1776//1776 1777//1777 1780//1780 1779//1779
f 1777//1777 1778//1778 1781//1781 1780//1780
f 117//117 762//762 1773//1773 761//761
f 762//762 763//763 1774//1774 1773//1773
f 763//763 764//764 1775//1775 1774//1774
f 764//764 129//129 765//765 1775//1775
f 1775//1775 765//765 766//766 1778//1778
f 1778//1778 766//766 767//767 1781//1781
f 1781//1781 767//767 132//132 768//768
f 1780//1780 1781//1781 768//768 769//769
f 1779//1779 1780//1780 769//769 770//770
f 759//759 1779//1779 770//770 131//131
f 760//760 1776//1776 1779//1779 759//759
f 761//761 1773//1773 1776//1776 760//760
f 1782//1782 1783//1783 1786//1786 1785//1785
f 1783//1783 1784//1784 1787//1787 1786//1786
f 1785//1785 1786//1786 1789//1789 1788//1788
f 1786//1786 1787//1787 1790//1790 1789//1789
f 129//129 771//771 1782//1782 765//765
f 771//771 772//772 1783//1783 1782//1782
f 772//772 773//773 1784//1784 1783//1783
f 773//773 130//130 722//722 1784//1784
f 1784//1784 722//722 721//721 1787//1787
f 1787//1787 721//721 720//720 1790//1790
f 1790//1790 720//720 133//133 774//774
f 1789//1789 1790//1790 774//774 775//775
f 1788//1788 1789//1789 775//775 776//776
f 767//767 1788//1788 776//776 132//132
f 766//766 1785//1785 1788//1788 767//767
f 765//765 1782//1782 1785//1785 766//766
f 1791//1791 1792//1792 1795//1795 1794//1794
f 1792//1792 1793//1793 1796//1796 1795//1795
f 1794//1794 1795//1795 1798//1798 1797//1797
f 1795//1795 1796//1796 1799//1799 1798//1798
f 131//131 770//770 1791//1791 779//779
f 770//770 769//769 1792//1792 1791//1791
f 769//769 768//768 1793//1793 1792//1792
f 768//768 132//132 780//780 1793//1793
f 1793//1793 780//780 781//781 1796//1796
f 1796//1796 781//781 782//782 1799//1799
f 1799//1799 782//782 128//128 746//746
f 1798//1798 1799//1799 746//746 745//745
f 1797//1797 1798//1798 745//745 744//744
f 777//777 1797//1797 744//744 125//125
f 778//778 1794//1794 1797//1797 777//777
f 779//779 1791//1791 1794//1794 778//778
f 1800//1800 1801//1801 1804//1804 1803//1803
f 1801//1801 1802//1802 1805//1805 1804//1804
f 1803//1803 1804//1804 1807//1807 1806//1806
f 1804//1804 1805//1805 1808//1808 1807//1807
f 132//132 776//776 1800//1800 780//780
f 776//776 775//775 1801//1801 1800//1800
f 775//775 774//774 1802//1802 1801//1801
f 774//774 133//133 728//728 1802//1802
f 1802//1802 728//728 727//727 1805//1805
f 1805//1805 727//727 726//726 1808//1808
f 1808//1808 726//726 123//123 758//758
f 1807//1807 1808//1808 758//758 757//757
f 1806//1806 1807//1807 757//757 756//756
f 782//782 1806//1806 756//756 128//128
f 781//781 1803//1803 1806//1806 782//782
f 780//780 1800//1800 1803//1803 781//781
f 1809//1809 1810//1810 1813//1813 1812//1812
f 1810//1810 1811//1811 1814//1814 1813//1813
f 1812//1812 1813//1813 1816//1816 1815//1815
f 1813//1813 1814//1814 1817//1817 1816//1816
f 134//134 786//786 1809//1809 785//785
f 786//786 787//787 1810//1810 1809//1809
f 787//787 788//788 1811//1811 1810//1810
f 788//788 137//137 789//789 1811//1811
f 1811//1811 789//789 790//790 1814//1814
f 1814//1814 790//790 791//791 1817//1817
f 1817//1817 791//791 140//140 792//792
f 1816//1816 1817//1817 792//792 793//793
f 1815//1815 1816//1816 793//793 794//794
f 783//783 1815//1815 794//794 139//139
f 784//784 1812//1812 1815//1815 783//783
f 785//785 1809//1809 1812//1812 784//784
f 1818//1818 1819//1819 1822//1822 1821//1821
f 1819//1819 1820//1820 1823//1823 1822//1822
f 1821//1821 1822//1822 1825//1825 1824//1824
f 1822//1822 1823//1823 1826//1826 1825//1825
f 137//137 795//795 1818//1818 789//789
f 795//795 796//796 1819//1819 1818//1818
f 796//796 797//797 1820//1820 1819//1819
f 797//797 138//138 798//798 1820//1820
f 1820//1820 798//798 799//799 1823//1823
f 1823//1823 799//799 800//800 1826//1826
f 1826//1826 800//800 141//141 801//801
f 1825//1825 1826//1826 801//801 802//802
f 1824//1824 1825//1825 802//802 803//803
f 791//791 1824//1824 803//803 140//140
f 790//790 1821//1821 1824//1824 791//791
f 789//789 1818//1818 1821//1821 790//790
f 1827//1827 1828//1828 1831//1831 1830//1830
f 1828//1828 1829//1829 1832//1832 1831//1831
f 1830//1830 1831//1831 1834//1834 1833//1833
f 1831//1831 1832//1832 1835//1835 1834//1834
f 139//139 794//794 1827//1827 806//806
f 794//794 793//793 1828//1828 1827//1827
f 793//793 792//792 1829//1829 1828//1828
f 792//792 140//140 807//807 1829//1829
f 1829//1829 807//807 808//808 1832//1832
f 1832//1832 808//808 809//809 1835//1835
f 1835//1835 809//809 152//152 810//810
f 1834//1834 1835//1835 810//810 811//811
f 1833//1833 1834//1834 811//811 812//812
f 804//804 1833//1833 812//812 149//149
f 805//805 1830//1830 1833//1833 804//804
f 806//806 1827//1827 1830//1830 805//805
f 1836//1836 1837//1837 1840//1840 1839//1839
f 1837//1837 1838//1838 1841//1841 1840//1840
f 1839//1839 1840//1840 1843//1843 1842//1842
f 1840//1840 1841//1841 1844//1844 1843//1843
f 140//140 803//803 1836//1836 807//807
f 803//803 802//802 1837//1837 1836//1836
f 802//802 801//801 1838//1838 1837//1837
f 801//801 141//141 813//813 1838//1838
f 1838//1838 813//813 814//814 1841//1841
f 1841//1841 814//814 815//815 1844//1844
f 1844//1844 815//815 142//142 816//816
f 1843//1843 1844//1844 816//816 817//817
f 1842//1842 1843//1843 817//817 818//818
f 809//809 1842//1842 818//818 152//152
f 808//808 1839//1839 1842//1842 809//809
f 807//807 1836//1836 1839//1839 808//808
f 1845//1845 1846//1846 1849//1849 1848//1848
f 1846//1846 1847//1847 1850//1850 1849//1849
f 1848//1848 1849//1849 1852//1852 1851//1851
f 1849//1849 1850//1850 1853//1853 1852//1852
f 135//135 822//822 1845//1845 821//821
f 822//822 823//823 1846//1846 1845//1845
f 823//823 824//824 1847//1847 1846//1846
f 824//824 143//143 825//825 1847//1847
f 1847//1847 825//825 826//826 1850//1850
f 1850//1850 826//826 827//827 1853//1853
f 1853//1853 827//827 146//146 828//828
f 1852//1852 1853//1853 828//828 829//829
f 1851//1851 1852//1852 829//829 830//830
f 819//819 1851//1851 830//830 145//145
f 820//820 1848//1848 1851//1851 819//819
f 821//821 1845//1845 1848//1848 820//820
f 1854//1854 1855//1855 1858//1858 1857//1857
f 1855//1855 1856//1856 1859//1859 1858//1858
f 1857//1857 1858//1858 1861//1861 1860//1860
f 1858//1858 1859//1859 1862//1862 1861//1861
f 143//143 831//831 1854//1854 825//825
f 831//831 832//832 1855//1855 1854//1854
f 832//832 833//833 1856//1856 1855//1855
f 833//833 144//144 834//834 1856//1856
f 1856//1856 834//834 835//835 1859//1859
f 1859//1859 835//835 836//836 1862//1862
f 1862//1862 836//836 147//147 837//837
f 1861//1861 1862//1862 837//837 838//838
f 1860//1860 1861//1861 838//838 839//839
f 827//827 1860//1860 839//839 146//146
f 826//826 1857//1857 1860//1860 827//827
f 825//825 1854//1854 1857//1857 826//826
f 1863//1863 1864//1864 1867//1867 1866//1866
f 1864//1864 1865//1865 1868//1868 1867//1867
f 1866//1866 1867//1867 1870//1870 1869//1869
f 1867//1867 1868//1868 1871//1871 1870//1870
f 145//145 830//830 1863//1863 842//842
f 830//830 829//829 1864//1864 1863//1863
f 829//829 828//828 1865//1865 1864//1864
f 828//828 146//146 843//843 1865//1865
f 1865//1865 843//843 844//844 1868//1868
f 1868//1868 844//844 845//845 1871//1871
f 1871//1871 845//845 141//141 800//800
f 1870//1870 1871//1871 800//800 799//799
f 1869//1869 1870//1870 799//799 798//798
f 840//840 1869//1869 798//798 138//138
f 841//841 1866//1866 1869//1869 840//840
f 842//842 1863//1863 1866//1866 841//841
f 1872//1872 1873//1873 1876//1876 1875//1875
f 1873//1873 1874//1874 1877//1877 1876//1876
f 1875//1875 1876//1876 1879//1879 1878//1878
f 1876//1876 1877//1877 1880//1880 1879//1879
f 146//146 839//839 1872//1872 843//843
f 839//839 838//838 1873//1873 1872//1872
f 838//838 837//837 1874//1874 1873//1873
f 837//837 147//147 846//846 1874//1874
f 1874//1874 846//846 847//847 1877//1877
f 1877//1877 847//847 848//848 1880//1880
f 1880//1880 848//848 142//142 815//815
f 1879//1879 1880//1880 815//815 814//814
f 1878//1878 1879//1879 814//814 813//813
f 845//845 1878//1878 813//813 141//141
f 844//844 1875//1875 1878//1878 845//845
f 843//843 1872//1872 1875//1875 844//844
f 1881//1881 1882//1882 1885//1885 1884//1884
f 1882//1882 1883//1883 1886//1886 1885//1885
f 1884//1884 1885//1885 1888//1888 1887//1887
f 1885//1885 1886//1886 1889//1889 1888//1888
f 136//136 852//852 1881//1881 851//851
f 852//852 853//853 1882//1882 1881//1881
f 853//853 854//854 1883//1883 1882//1882
f 854//854 148//148 855//855 1883//1883
f 1883//1883 855//855 856//856 1886//1886
f 1886//1886 856//856 857//857 1889//1889
f 1889//1889 857//857 151//151 858//858
f 1888//1888 1889//1889 858//858 859//859
f 1887//1887 1888//1888 859//859 860//860
f 849//849 1887//1887 860//860 150//150
f 850//850 1884//1884 1887//1887 849//849
f 851//851 1881//1881 1884//1884 850//850
f 1890//1890 1891//1891 1894//1894 1893//1893
f 1891//1891 1892//1892 1895//1895 1894//1894
f 1893//1893 1894//1894 1897//1897 1896//1896
f 1894//1894 1895//1895 1898//1898 1897//1897
f 148//148 861//861 1890//1890 855//855
f 861//861 862//862 1891//1891 1890//1890
f 862//862 863//863 1892//1892 1891//1891
f 863//863 149//149 812//812 1892//1892
f 1892//1892 812//812 811//811 1895//1895
f 1895//1895 811//811 810//810 1898//1898
f 1898//1898 810//810 152//152 864//864
f 1897//1897 1898//1898 864//864 865//865
f 1896//1896 1897//1897 865//865 866//866
f 857//857 1896//1896 866//866 151//151
f 856//856 1893//1893 1896//1896 857//857
f 855//855 1890//1890 1893//1893 856//856
f 1899//1899 1900//1900 1903//1903 1902//1902
f 1900//1900 1901//1901 1904//1904 1903//1903
f 1902//1902 1903//1903 1906//1906 1905//1905
f 1903//1903 1904//1904 1907//1907 1906//1906
f 150//150 860//860 1899//1899 869//869
f 860//860 859//859 1900//1900 1899//1899
f 859//859 858//858 1901//1901 1900//1900
f 858//858 151//151 870//870 1901//1901
f 1901//1901 870//870 871//871 1904//1904
f 1904//1904 871//871 872//872 1907//1907
f 1907//1907 872//872 147//147 836//836
f 1906//1906 1907//1907 836//836 835//835
f 1905//1905 1906//1906 835//835 834//834
f 867//867 1905//1905 834//834 144//144
f 868//868 1902//1902 1905//1905 867//867
f 869//869 1899//1899 1902//1902 868//868
f 1908//1908 1909//1909 1912//1912 1911//1911
f 1909//1909 1910//1910 1913//1913 1912//1912
f 1911//1911 1912//1912 1915//1915 1914//1914
f 1912//1912 1913//1913 1916//1916 1915//1915
f 151//151 866//866 1908//1908 870//870
f 866//866 865//865 1909//1909 1908//1908
f 865//865 864//864 1910//1910 1909//1909
f 864//864 152//152 818//818 1910//1910
f 1910//1910 818//818 817//817 1913//1913
f 1913//1913 817//817 816//816 1916//1916
f 1916//1916 816//816 142//142 848//848
f 1915//1915 1916//1916 848//848 847//847
f 1914//1914 1915//1915 847//847 846//846
f 872//872 1914//1914 846//846 147//147
f 871//871 1911//1911 1914//1914 872//872
f 870//870 1908//1908 1911//1911 871//871
f 1917//1917 1918//1918 1921//1921 1920//1920
f 1918//1918 1919//1919 1922//1922 1921//1921
f 1920//1920 1921//1921 1924//1924 1923//1923
f 1921//1921 1922//1922 1925//1925 1924//1924
f 1//1 873//873 1917//1917 156//156
f 873//873 874//874 1918//1918 1917//1917
f 874//874 875//875 1919//1919 1918//1918
f 875//875 58//58 425//425 1919//1919
f 1919//1919 425//425 424//424 1922//1922
f 1922//1922 424//424 423//423 1925//1925
f 1925//1925 423//423 63//63 876//876
f 1924//1924 1925//1925 876//876 877//877
f 1923//1923 1924//1924 877//877 878//878
f 158//158 1923//1923 878//878 4//4
f 157//157 1920//1920 1923//1923 158//158
f 156//156 1917//1917 1920//1920 157//157
f 1926//1926 1927//1927 1930//1930 1929//1929
f 1927//1927 1928//1928 1931//1931 1930//1930
f 1929//1929 1930//1930 1933//1933 1932//1932
f 1930//1930 1931//1931 1934//1934 1933//1933
f 4//4 878//878 1926//1926 165//165
f 878//878 877//877 1927//1927 1926//1926
f 877//877 876//876 1928//1928 1927//1927
f 876//876 63//63 446//446 1928//1928
f 1928//1928 446//446 445//445 1931//1931
f 1931//1931 445//445 444//444 1934//1934
f 1934//1934 444//444 73//73 879//879
f 1933//1933 1934//1934 879//879 880//880
f 1932//1932 1933//1933 880//880 881//881
f 167//167 1932//1932 881//881 5//5
f 166//166 1929//1929 1932//1932 167//167
f 165//165 1926//1926 1929//1929 166//166
f 1935//1935 1936//1936 1939//1939 1938//1938
f 1936//1936 1937//1937 1940//1940 1939//1939
f 1938//1938 1939//1939 1942//1942 1941//1941
f 1939//1939 1940//1940 1943//1943 1942//1942
f 5//5 881//881 1935//1935 210//210
f 881//881 880//880 1936//1936 1935//1935
f 880//880 879//879 1937//1937 1936//1936
f 879//879 73//73 503//503 1937//1937
f 1937//1937 503//503 502//502 1940//1940
f 1940//1940 502//502 501//501 1943//1943
f 1943//1943 501//501 72//72 882//882
f 1942//1942 1943//1943 882//882 883//883
f 1941//1941 1942//1942 883//883 884//884
f 212//212 1941//1941 884//884 12//12
f 211//211 1938//1938 1941//1941 212//212
f 210//210 1935//1935 1938//1938 211//211
f 1944//1944 1945//1945 1948//1948 1947//1947
f 1945//1945 1946//1946 1949//1949 1948//1948
f 1947//1947 1948//1948 1951//1951 1950//1950
f 1948//1948 1949//1949 1952//1952 1951//1951
f 12//12 884//884 1944//1944 189//189
f 884//884 883//883 1945//1945 1944//1944
f 883//883 882//882 1946//1946 1945//1945
f 882//882 72//72 494//494 1946//1946
f 1946//1946 494//494 493//493 1949//1949
f 1949//1949 493//493 492//492 1952//1952
f 1952//1952 492//492 60//60 885//885
f 1951//1951 1952//1952 885//885 886//886
f 1950//1950 1951//1951 886//886 887//887
f 191//191 1950//1950 887//887 2//2
f 190//190 1947//1947 1950//1950 191//191
f 189//189 1944//1944 1947//1947 190//190
f 1953//1953 1954//1954 1957//1957 1956//1956
f 1954//1954 1955//1955 1958//1958 1957//1957
f 1956//1956 1957//1957 1960//1960 1959//1959
f 1957//1957 1958//1958 1961//1961 1960//1960
f 59//59 888//888 1953//1953 462//462
f 888//888 889//889 1954//1954 1953//1953
f 889//889 890//890 1955//1955 1954//1954
f 890//890 39//39 335//335 1955//1955
f 1955//1955 335//335 334//334 1958//1958
f 1958//1958 334//334 333//333 1961//1961
f 1961//1961 333//333 44//44 891//891
f 1960//1960 1961//1961 891//891 892//892
f 1959//1959 1960//1960 892//892 893//893
f 464//464 1959//1959 893//893 67//67
f 463//463 1956//1956 1959//1959 464//464
f 462//462 1953//1953 1956//1956 463//463
f 1962//1962 1963//1963 1966//1966 1965//1965
f 1963//1963 1964//1964 1967//1967 1966//1966
f 1965//1965 1966//1966 1969//1969 1968//1968
f 1966//1966 1967//1967 1970//1970 1969//1969
f 67//67 893//893 1962//1962 471//471
f 893//893 892//892 1963//1963 1962//1962
f 892//892 891//891 1964//1964 1963//1963
f 891//891 44//44 356//356 1964//1964
f 1964//1964 356//356 355//355 1967//1967
f 1967//1967 355//355 354//354 1970//1970
f 1970//1970 354//354 54//54 894//894
f 1969//1969 1970//1970 894//894 895//895
f 1968//1968 1969//1969 895//895 896//896
f 473//473 1968//1968 896//896 68//68
f 472//472 1965//1965 1968//1968 473//473
f 471//471 1962//1962 1965//1965 472//472
f 1971//1971 1972//1972 1975//1975 1974//1974
f 1972//1972 1973//1973 1976//1976 1975//1975
f 1974//1974 1975//1975 1978//1978 1977//1977
f 1975//1975 1976//1976 1979//1979 1978//1978
f 68//68 896//896 1971//1971 507//507
f 896//896 895//895 1972//1972 1971//1971
f 895//895 894//894 1973//1973 1972//1972
f 894//894 54//54 413//413 1973//1973
f 1973//1973 413//413 412//412 1976//1976
f 1976//1976 412//412 411//411 1979//1979
f 1979//1979 411//411 53//53 897//897
f 1978//1978 1979//1979 897//897 898//898
f 1977//1977 1978//1978 898//898 899//899
f 509//509 1977//1977 899//899 74//74
f 508//508 1974//1974 1977//1977 509//509
f 507//507 1971//1971 1974//1974 508//508
f 1980//1980 1981//1981 1984//1984 1983//1983
f 1981//1981 1982//1982 1985//1985 1984//1984
f 1983//1983 1984//1984 1987//1987 1986//1986
f 1984//1984 1985//1985 1988//1988 1987//1987
f 74//74 899//899 1980//1980 489//489
f 899//899 898//898 1981//1981 1980//1980
f 898//898 897//897 1982//1982 1981//1981
f 897//897 53//53 404//404 1982//1982
f 1982//1982 404//404 403//403 1985//1985
f 1985//1985 403//403 402//402 1988//1988
f 1988//1988 402//402 41//41 900//900
f 1987//1987 1988//1988 900//900 901//901
f 1986//1986 1987//1987 901//901 902//902
f 491//491 1986//1986 902//902 60//60
f 490//490 1983//1983 1986//1986 491//491
f 489//489 1980//1980 1983//1983 490//490
f 1989//1989 1990//1990 1993//1993 1992//1992
f 1990//1990 1991//1991 1994//1994 1993//1993
f 1992//1992 1993//1993 1996//1996 1995//1995
f 1993//1993 1994//1994 1997//1997 1996//1996
f 40//40 903//903 1989//1989 372//372
f 903//903 904//904 1990//1990 1989//1989
f 904//904 905//905 1991//1991 1990//1990
f 905//905 20//20 245//245 1991//1991
f 1991//1991 245//245 244//244 1994//1994
f 1994//1994 244//244 243//243 1997//1997
f 1997//1997 243//243 25//25 906//906
f 1996//1996 1997//1997 906//906 907//907
f 1995//1995 1996//1996 907//907 908//908
f 374//374 1995//1995 908//908 48//48
f 373//373 1992//1992 1995//1995 374//374
f 372//372 1989//1989 1992//1992 373//373
f 1998//1998 1999//1999 2002//2002 2001//2001
f 1999//1999 2000//2000 2003//2003 2002//2002
f 2001//2001 2002//2002 2005//2005 2004//2004
f 2002//2002 2003//2003 2006//2006 2005//2005
f 48//48 908//908 1998//1998 381//381
f 908//908 907//907 1999//1999 1998//1998
f 907//907 906//906 2000//2000 1999//1999
f 906//906 25//25 266//266 2000//2000
f 2000//2000 266//266 265//265 2003//2003
f 2003//2003 265//265 264//264 2006//2006
f 2006//2006 264//264 35//35 909//909
f 2005//2005 2006//2006 909//909 910//910
f 2004//2004 2005//2005 910//910 911//911
f 383//383 2004//2004 911//911 49//49
f 382//382 2001//2001 2004//2004 383//383
f 381//381 1998//1998 2001//2001 382//382
f 2007//2007 2008//2008 2011//2011 2010//2010
f 2008//2008 2009//2009 2012//2012 2011//2011
f 2010//2010 2011//2011 2014//2014 2013//2013
f 2011//2011 2012//2012 2015//2015 2014//2014
f 49//49 911//911 2007//2007 417//417
f 911//911 910//910 2008//2008 2007//2007
f 910//910 909//909 2009//2009 2008//2008
f 909//909 35//35 323//323 2009//2009
f 2009//2009 323//323 322//322 2012//2012
f 2012//2012 322//322 321//321 2015//2015
f 2015//2015 321//321 34//34 912//912
f 2014//2014 2015//2015 912//912 913//913
f 2013//2013 2014//2014 913//913 914//914
f 419//419 2013//2013 914//914 55//55
f 418//418 2010//2010 2013//2013 419//419
f 417//417 2007//2007 2010//2010 418//418
f 2016//2016 2017//2017 2020//2020 2019//2019
f 2017//2017 2018//2018 2021//2021 2020//2020
f 2019//2019 2020//2020 2023//2023 2022//2022
f 2020//2020 2021//2021 2024//2024 2023//2023
f 55//55 914//914 2016//2016 399//399
f 914//914 913//913 2017//2017 2016//2016
f 913//913 912//912 2018//2018 2017//2017
f 912//912 34//34 314//314 2018//2018
f 2018//2018 314//314 313//313 2021//2021
f 2021//2021 313//313 312//312 2024//2024
f 2024//2024 312//312 22//22 915//915
f 2023//2023 2024//2024 915//915 916//916
f 2022//2022 2023//2023 916//916 917//917
f 401//401 2022//2022 917//917 41//41
f 400//400 2019//2019 2022//2022 401//401
f 399//399 2016//2016 2019//2019 400//400
f 2025//2025 2026//2026 2029//2029 2028//2028
f 2026//2026 2027//2027 2030//2030 2029//2029
f 2028//2028 2029//2029 2032//2032 2031//2031
f 2029//2029 2030//2030 2033//2033 2032//2032
f 21//21 918//918 2025//2025 282//282
f 918//918 919//919 2026//2026 2025//2025
f 919//919 920//920 2027//2027 2026//2026
f 920//920 3//3 221//221 2027//2027
f 2027//2027 221//221 220//220 2030//2030
f 2030//2030 220//220 219//219 2033//2033
f 2033//2033 219//219 17//17 921//921
f 2032//2032 2033//2033 921//921 922//922
f 2031//2031 2032//2032 922//922 923//923
f 284//284 2031//2031 923//923 29//29
f 283//283 2028//2028 2031//2031 284//284
f 282//282 2025//2025 2028//2028 283//283
f 2034//2034 2035//2035 2038//2038 2037//2037
f 2035//2035 2036//2036 2039//2039 2038//2038
f 2037//2037 2038//2038 2041//2041 2040//2040
f 2038//2038 2039//2039 2042//2042 2041//2041
f 29//29 923//923 2034//2034 291//291
f 923//923 922//922 2035//2035 2034//2034
f 922//922 921//921 2036//2036 2035//2035
f 921//921 17//17 239//239 2036//2036
f 2036//2036 239//239 238//238 2039//2039
f 2039//2039 238//238 237//237 2042//2042
f 2042//2042 237//237 11//11 924//924
f 2041//2041 2042//2042 924//924 925//925
f 2040//2040 2041//2041 925//925 926//926
f 293//293 2040//2040 926//926 30//30
f 292//292 2037//2037 2040//2040 293//293
f 291//291 2034//2034 2037//2037 292//292
f 2043//2043 2044//2044 2047//2047 2046//2046
f 2044//2044 2045//2045 2048//2048 2047//2047
f 2046//2046 2047//2047 2050//2050 2049//2049
f 2047//2047 2048//2048 2051//2051 2050//2050
f 30//30 926//926 2043//2043 327//327
f 926//926 925//925 2044//2044 2043//2043
f 925//925 924//924 2045//2045 2044//2044
f 924//924 11//11 203//203 2045//2045
f 2045//2045 203//203 202//202 2048//2048
f 2048//2048 202//202 201//201 2051//2051
f 2051//2051 201//201 10//10 927//927
f 2050//2050 2051//2051 927//927 928//928
f 2049//2049 2050//2050 928//928 929//929
f 329//329 2049//2049 929//929 36//36
f 328//328 2046//2046 2049//2049 329//329
f 327//327 2043//2043 2046//2046 328//328
f 2052//2052 2053//2053 2056//2056 2055//2055
f 2053//2053 2054//2054 2057//2057 2056//2056
f 2055//2055 2056//2056 2059//2059 2058//2058
f 2056//2056 2057//2057 2060//2060 2059//2059
f 36//36 929//929 2052//2052 309//309
f 929//929 928//928 2053//2053 2052//2052
f 928//928 927//927 2054//2054 2053//2053
f 927//927 10//10 194//194 2054//2054
f 2054//2054 194//194 193//193 2057//2057
f 2057//2057 193//193 192//192 2060//2060
f 2060//2060 192//192 2//2 930//930
f 2059//2059 2060//2060 930//930 931//931
f 2058//2058 2059//2059 931//931 932//932
f 311//311 2058//2058 932//932 22//22
f 310//310 2055//2055 2058//2058 311//311
f 309//309 2052//2052 2055//2055 310//310
f 2061//2061 2062//2062 2065//2065 2064//2064
f 2062//2062 2063//2063 2066//2066 2065//2065
f 2064//2064 2065//2065 2068//2068 2067//2067
f 2065//2065 2066//2066 2069//2069 2068//2068
f 134//134 933//933 2061//2061 786//786
f 933//933 934//934 2062//2062 2061//2061
f 934//934 935//935 2063//2063 2062//2062
f 935//935 77//77 515//515 2063//2063
f 2063//2063 515//515 514//514 2066//2066
f 2066//2066 514//514 513//513 2069//2069
f 2069//2069 513//513 82//82 936//936
f 2068//2068 2069//2069 936//936 937//937
f 2067//2067 2068//2068 937//937 938//938
f 788//788 2067//2067 938//938 137//137
f 787//787 2064//2064 2067//2067 788//788
f 786//786 2061//2061 2064//2064 787//787
f 2070//2070 2071//2071 2074//2074 2073//2073
f 2071//2071 2072//2072 2075//2075 2074//2074
f 2073//2073 2074//2074 2077//2077 2076//2076
f 2074//2074 2075//2075 2078//2078 2077//2077
f 137//137 938//938 2070//2070 795//795
f 938//938 937//937 2071//2071 2070//2070
f 937//937 936//936 2072//2072 2071//2071
f 936//936 82//82 536//536 2072//2072
f 2072//2072 536//536 535//535 2075//2075
f 2075//2075 535//535 534//534 2078//2078
f 2078//2078 534//534 92//92 939//939
f 2077//2077 2078//2078 939//939 940//940
f 2076//2076 2077//2077 940//940 941//941
f 797//797 2076//2076 941//941 138//138
f 796//796 2073//2073 2076//2076 797//797
f 795//795 2070//2070 2073//2073 796//796
f 2079//2079 2080//2080 2083//2083 2082//2082
f 2080//2080 2081//2081 2084//2084 2083//2083
f 2082//2082 2083//2083 2086//2086 2085//2085
f 2083//2083 2084//2084 2087//2087 2086//2086
f 138//138 941//941 2079//2079 840//840
f 941//941 940//940 2080//2080 2079//2079
f 940//940 939//939 2081//2081 2080//2080
f 939//939 92//92 593//593 2081//2081
f 2081//2081 593//593 592//592 2084//2084
f 2084//2084 592//592 591//591 2087//2087
f 2087//2087 591//591 91//91 942//942
f 2086//2086 2087//2087 942//942 943//943
f 2085//2085 2086//2086 943//943 944//944
f 842//842 2085//2085 944//944 145//145
f 841//841 2082//2082 2085//2085 842//842
f 840//840 2079//2079 2082//2082 841//841
f 2088//2088 2089//2089 2092//2092 2091//2091
f 2089//2089 2090//2090 2093//2093 2092//2092
f 2091//2091 2092//2092 2095//2095 2094//2094
f 2092//2092 2093//2093 2096//2096 2095//2095
f 145//145 944//944 2088//2088 819//819
f 944//944 943//943 2089//2089 2088//2088
f 943//943 942//942 2090//2090 2089//2089
f 942//942 91//91 584//584 2090//2090
f 2090//2090 584//584 583//583 2093//2093
f 2093//2093 583//583 582//582 2096//2096
f 2096//2096 582//582 79//79 945//945
f 2095//2095 2096//2096 945//945 946//946
f 2094//2094 2095//2095 946//946 947//947
f 821//821 2094//2094 947//947 135//135
f 820//820 2091//2091 2094//2094 821//821
f 819//819 2088//2088 2091//2091 820//820
f 2097//2097 2098//2098 2101//2101 2100//2100
f 2098//2098 2099//2099 2102//2102 2101//2101
f 2100//2100 2101//2101 2104//2104 2103//2103
f 2101//2101 2102//2102 2105//2105 2104//2104
f 78//78 948//948 2097//2097 552//552
f 948//948 949//949 2098//2098 2097//2097
f 949//949 950//950 2099//2099 2098//2098
f 950//950 96//96 605//605 2099//2099
f 2099//2099 605//605 604//604 2102//2102
f 2102//2102 604//604 603//603 2105//2105
f 2105//2105 603//603 101//101 951//951
f 2104//2104 2105//2105 951//951 952//952
f 2103//2103 2104//2104 952//952 953//953
f 554//554 2103//2103 953//953 86//86
f 553//553 2100//2100 2103//2103 554//554
f 552//552 2097//2097 2100//2100 553//553
f 2106//2106 2107//2107 2110//2110 2109//2109
f 2107//2107 2108//2108 2111//2111 2110//2110
f 2109//2109 2110//2110 2113//2113 2112//2112
f 2110//2110 2111//2111 2114//2114 2113//2113
f 86//86 953//953 2106//2106 561//561
f 953//953 952//952 2107//2107 2106//2106
f 952//952 951//951 2108//2108 2107//2107
f 951//951 101//101 626//626 2108//2108
f 2108//2108 626//626 625//625 2111//2111
f 2111//2111 625//625 624//624 2114//2114
f 2114//2114 624//624 111//111 954//954
f 2113//2113 2114//2114 954//954 955//955
f 2112//2112 2113//2113 955//955 956//956
f 563//563 2112//2112 956//956 87//87
f 562//562 2109//2109 2112//2112 563//563
f 561//561 2106//2106 2109//2109 562//562
f 2115//2115 2116//2116 2119//2119 2118//2118
f 2116//2116 2117//2117 2120//2120 2119//2119
f 2118//2118 2119//2119 2122//2122 2121//2121
f 2119//2119 2120//2120 2123//2123 2122//2122
f 87//87 956//956 2115//2115 597//597
f 956//956 955//955 2116//2116 2115//2115
f 955//955 954//954 2117//2117 2116//2116
f 954//954 111//111 683//683 2117//2117
f 2117//2117 683//683 682//682 2120//2120
f 2120//2120 682//682 681//681 2123//2123
f 2123//2123 681//681 110//110 957//957
f 2122//2122 2123//2123 957//957 958//958
f 2121//2121 2122//2122 958//958 959//959
f 599//599 2121//2121 959//959 93//93
f 598//598 2118//2118 2121//2121 599//599
f 597//597 2115//2115 2118//2118 598//598
f 2124//2124 2125//2125 2128//2128 2127//2127
f 2125//2125 2126//2126 2129//2129 2128//2128
f 2127//2127 2128//2128 2131//2131 2130//2130
f 2128//2128 2129//2129 2132//2132 2131//2131
f 93//93 959//959 2124//2124 579//579
f 959//959 958//958 2125//2125 2124//2124
f 958//958 957//957 2126//2126 2125//2125
f 957//957 110//110 674//674 2126//2126
f 2126//2126 674//674 673//673 2129//2129
f 2129//2129 673//673 672//672 2132//2132
f 2132//2132 672//672 98//98 960//960
f 2131//2131 2132//2132 960//960 961//961
f 2130//2130 2131//2131 961//961 962//962
f 581//581 2130//2130 962//962 79//79
f 580//580 2127//2127 2130//2130 581//581
f 579//579 2124//2124 2127//2127 580//580
f 2133//2133 2134//2134 2137//2137 2136//2136
f 2134//2134 2135//2135 2138//2138 2137//2137
f 2136//2136 2137//2137 2140//2140 2139//2139
f 2137//2137 2138//2138 2141//2141 2140//2140
f 97//97 963//963 2133//2133 642//642
f 963//963 964//964 2134//2134 2133//2133
f 964//964 965//965 2135//2135 2134//2134
f 965//965 115//115 695//695 2135//2135
f 2135//2135 695//695 694//694 2138//2138
f 2138//2138 694//694 693//693 2141//2141
f 2141//2141 693//693 120//120 966//966
f 2140//2140 2141//2141 966//966 967//967
f 2139//2139 2140//2140 967//967 968//968
f 644//644 2139//2139 968//968 105//105
f 643//643 2136//2136 2139//2139 644//644
f 642//642 2133//2133 2136//2136 643//643
f 2142//2142 2143//2143 2146//2146 2145//2145
f 2143//2143 2144//2144 2147//2147 2146//2146
f 2145//2145 2146//2146 2149//2149 2148//2148
f 2146//2146 2147//2147 2150//2150 2149//2149
f 105//105 968//968 2142//2142 651//651
f 968//968 967//967 2143//2143 2142//2142
f 967//967 966//966 2144//2144 2143//2143
f 966//966 120//120 716//716 2144//2144
f 2144//2144 716//716 715//715 2147//2147
f 2147//2147 715//715 714//714 2150//2150
f 2150//2150 714//714 130//130 969//969
f 2149//2149 2150//2150 969//969 970//970
f 2148//2148 2149//2149 970//970 971//971
f 653//653 2148//2148 971//971 106//106
f 652//652 2145//2145 2148//2148 653//653
f 651//651 2142//2142 2145//2145 652//652
f 2151//2151 2152//2152 2155//2155 2154//2154
f 2152//2152 2153//2153 2156//2156 2155//2155
f 2154//2154 2155//2155 2158//2158 2157//2157
f 2155//2155 2156//2156 2159//2159 2158//2158
f 106//106 971//971 2151//2151 687//687
f 971//971 970//970 2152//2152 2151//2151
f 970//970 969//969 2153//2153 2152//2152
f 969//969 130//130 773//773 2153//2153
f 2153//2153 773//773 772//772 2156//2156
f 2156//2156 772//772 771//771 2159//2159
f 2159//2159 771//771 129//129 972//972
f 2158//2158 2159//2159 972//972 973//973
f 2157//2157 2158//2158 973//973 974//974
f 689//689 2157//2157 974//974 112//112
f 688//688 2154//2154 2157//2157 689//689
f 687//687 2151//2151 2154//2154 688//688
f 2160//2160 2161//2161 2164//2164 2163//2163
f 2161//2161 2162//2162 2165//2165 2164//2164
f 2163//2163 2164//2164 2167//2167 2166//2166
f 2164//2164 2165//2165 2168//2168 2167//2167
f 112//112 974//974 2160//2160 669//669
f 974//974 973//973 2161//2161 2160//2160
f 973//973 972//972 2162//2162 2161//2161
f 972//972 129//129 764//764 2162//2162
f 2162//2162 764//764 763//763 2165//2165
f 2165//2165 763//763 762//762 2168//2168
f 2168//2168 762//762 117//117 975//975
f 2167//2167 2168//2168 975//975 976//976
f 2166//2166 2167//2167 976//976 977//977
f 671//671 2166//2166 977//977 98//98
f 670//670 2163//2163 2166//2166 671//671
f 669//669 2160//2160 2163//2163 670//670
f 2169//2169 2170//2170 2173//2173 2172//2172
f 2170//2170 2171//2171 2174//2174 2173//2173
f 2172//2172 2173//2173 2176//2176 2175//2175
f 2173//2173 2174//2174 2177//2177 2176//2176
f 116//116 978//978 2169//2169 732//732
f 978//978 979//979 2170//2170 2169//2169
f 979//979 980//980 2171//2171 2170//2170
f 980//980 136//136 851//851 2171//2171
f 2171//2171 851//851 850//850 2174//2174
f 2174//2174 850//850 849//849 2177//2177
f 2177//2177 849//849 150//150 981//981
f 2176//2176 2177//2177 981//981 982//982
f 2175//2175 2176//2176 982//982 983//983
f 734//734 2175//2175 983//983 124//124
f 733//733 2172//2172 2175//2175 734//734
f 732//732 2169//2169 2172//2172 733//733
f 2178//2178 2179//2179 2182//2182 2181//2181
f 2179//2179 2180//2180 2183//2183 2182//2182
f 2181//2181 2182//2182 2185//2185 2184//2184
f 2182//2182 2183//2183 2186//2186 2185//2185
f 124//124 983//983 2178//2178 741//741
f 983//983 982//982 2179//2179 2178//2178
f 982//982 981//981 2180//2180 2179//2179
f 981//981 150//150 869//869 2180//2180
f 2180//2180 869//869 868//868 2183//2183
f 2183//2183 868//868 867//867 2186//2186
f 2186//2186 867//867 144//144 984//984
f 2185//2185 2186//2186 984//984 985//985
f 2184//2184 2185//2185 985//985 986//986
f 743//743 2184//2184 986//986 125//125
f 742//742 2181//2181 2184//2184 743//743
f 741//741 2178//2178 2181//2181 742//742
f 2187//2187 2188//2188 2191//2191 2190//2190
f 2188//2188 2189//2189 2192//2192 2191//2191
f 2190//2190 2191//2191 2194//2194 2193//2193
f 2191//2191 2192//2192 2195//2195 2194//2194
f 125//125 986//986 2187//2187 777//777
f 986//986 985//985 2188//2188 2187//2187
f 985//985 984//984 2189//2189 2188//2188
f 984//984 144//144 833//833 2189//2189
f 2189//2189 833//833 832//832 2192//2192
f 2192//2192 832//832 831//831 2195//2195
f 2195//2195 831//831 143//143 987//987
f 2194//2194 2195//2195 987//987 988//988
f 2193//2193 2194//2194 988//988 989//989
f 779//779 2193//2193 989//989 131//131
f 778//778 2190//2190 2193//2193 779//779
f 777//777 2187//2187 2190//2190 778//778
f 2196//2196 2197//2197 2200//2200 2199//2199
f 2197//2197 2198//2198 2201//2201 2200//2200
f 2199//2199 2200//2200 2203//2203 2202//2202
f 2200//2200 2201//2201 2204//2204 2203//2203
f 131//131 989//989 2196//2196 759//759
f 989//989 988//988 2197//2197 2196//2196
f 988//988 987//987 2198//2198 2197//2197
f 987//987 143//143 824//824 2198//2198
f 2198//2198 824//824 823//823 2201//2201
f 2201//2201 823//823 822//822 2204//2204
f 2204//2204 822//822 135//135 990//990
f 2203//2203 2204//2204 990//990 991//991
f 2202//2202 2203//2203 991//991 992//992
f 761//761 2202//2202 992//992 117//117
f 760//760 2199//2199 2202//2202 761//761
f 759//759 2196//2196 2199//2199 760//760
f 2205//2205 2206//2206 2209//2209 2208//2208
f 2206//2206 2207//2207 2210//2210 2209//2209
f 2208//2208 2209//2209 2212//2212 2211//2211
f 2209//2209 2210//2210 2213//2213 2212//2212
f 77//77 993//993 2205//2205 516//516
f 993//993 994//994 2206//2206 2205//2205
f 994//994 995//995 2207//2207 2206//2206
f 995//995 1//1 155//155 2207//2207
f 2207//2207 155//155 154//154 2210//2210
f 2210//2210 154//154 153//153 2213//2213
f 2213//2213 153//153 6//6 996//996
f 2212//2212 2213//2213 996//996 997//997
f 2211//2211 2212//2212 997//997 998//998
f 518//518 2211//2211 998//998 80//80
f 517//517 2208//2208 2211//2211 518//518
f 516//516 2205//2205 2208//2208 517//517
f 2214//2214 2215//2215 2218//2218 2217//2217
f 2215//2215 2216//2216 2219//2219 2218//2218
f 2217//2217 2218//2218 2221//2221 2220//2220
f 2218//2218 2219//2219 2222//2222 2221//2221
f 80//80 998//998 2214//2214 525//525
f 998//998 997//997 2215//2215 2214//2214
f 997//997 996//996 2216//2216 2215//2215
f 996//996 6//6 176//176 2216//2216
f 2216//2216 176//176 175//175 2219//2219
f 2219//2219 175//175 174//174 2222//2222
f 2222//2222 174//174 16//16 999//999
f 2221//2221 2222//2222 999//999 1000//1000
f 2220//2220 2221//2221 1000//1000 1001//1001
f 527//527 2220//2220 1001//1001 81//81
f 526//526 2217//2217 2220//2220 527//527
f 525//525 2214//2214 2217//2217 526//526
f 2223//2223 2224//2224 2227//2227 2226//2226
f 2224//2224 2225//2225 2228//2228 2227//2227
f 2226//2226 2227//2227 2230//2230 2229//2229
f 2227//2227 2228//2228 2231//2231 2230//2230
f 81//81 1001//1001 2223//2223 570//570
f 1001//1001 1000//1000 2224//2224 2223//2223
f 1000//1000 999//999 2225//2225 2224//2224
f 999//999 16//16 233//233 2225//2225
f 2225//2225 233//233 232//232 2228//2228
f 2228//2228 232//232 231//231 2231//2231
f 2231//2231 231//231 15//15 1002//1002
f 2230//2230 2231//2231 1002//1002 1003//1003
f 2229//2229 2230//2230 1003//1003 1004//1004
f 572//572 2229//2229 1004//1004 88//88
f 571//571 2226//2226 2229//2229 572//572
f 570//570 2223//2223 2226//2226 571//571
f 2232//2232 2233//2233 2236//2236 2235//2235
f 2233//2233 2234//2234 2237//2237 2236//2236
f 2235//2235 2236//2236 2239//2239 2238//2238
f 2236//2236 2237//2237 2240//2240 2239//2239
f 88//88 1004//1004 2232//2232 549//549
f 1004//1004 1003//1003 2233//2233 2232//2232
f 1003//1003 1002//1002 2234//2234 2233//2233
f 1002//1002 15//15 224//224 2234//2234
f 2234//2234 224//224 223//223 2237//2237
f 2237//2237 223//223 222//222 2240//2240
f 2240//2240 222//222 3//3 1005//1005
f 2239//2239 2240//2240 1005//1005 1006//1006
f 2238//2238 2239//2239 1006//1006 1007//1007
f 551//551 2238//2238 1007//1007 78//78
f 550//550 2235//2235 2238//2238 551//551
f 549//549 2232//2232 2235//2235 550//550
f 2241//2241 2242//2242 2245//2245 2244//2244
f 2242//2242 2243//2243 2246//2246 2245//2245
f 2244//2244 2245//2245 2248//2248 2247//2247
f 2245//2245 2246//2246 2249//2249 2248//2248
f 20//20 1008//1008 2241//2241 246//246
f 1008//1008 1009//1009 2242//2242 2241//2241
f 1009//1009 1010//1010 2243//2243 2242//2242
f 1010//1010 97//97 641//641 2243//2243
f 2243//2243 641//641 640//640 2246//2246
f 2246//2246 640//640 639//639 2249//2249
f 2249//2249 639//639 107//107 1011//1011
f 2248//2248 2249//2249 1011//1011 1012//1012
f 2247//2247 2248//2248 1012//1012 1013//1013
f 248//248 2247//2247 1013//1013 23//23
f 247//247 2244//2244 2247//2247 248//248
f 246//246 2241//2241 2244//2244 247//247
f 2250//2250 2251//2251 2254//2254 2253//2253
f 2251//2251 2252//2252 2255//2255 2254//2254
f 2253//2253 2254//2254 2257//2257 2256//2256
f 2254//2254 2255//2255 2258//2258 2257//2257
f 23//23 1013//1013 2250//2250 255//255
f 1013//1013 1012//1012 2251//2251 2250//2250
f 1012//1012 1011//1011 2252//2252 2251//2251
f 1011//1011 107//107 662//662 2252//2252
f 2252//2252 662//662 661//661 2255//2255
f 2255//2255 661//661 660//660 2258//2258
f 2258//2258 660//660 100//100 1014//1014
f 2257//2257 2258//2258 1014//1014 1015//1015
f 2256//2256 2257//2257 1015//1015 1016//1016
f 257//257 2256//2256 1016//1016 24//24
f 256//256 2253//2253 2256//2256 257//257
f 255//255 2250//2250 2253//2253 256//256
f 2259//2259 2260//2260 2263//2263 2262//2262
f 2260//2260 2261//2261 2264//2264 2263//2263
f 2262//2262 2263//2263 2266//2266 2265//2265
f 2263//2263 2264//2264 2267//2267 2266//2266
f 24//24 1016//1016 2259//2259 300//300
f 1016//1016 1015//1015 2260//2260 2259//2259
f 1015//1015 1014//1014 2261//2261 2260//2260
f 1014//1014 100//100 617//617 2261//2261
f 2261//2261 617//617 616//616 2264//2264
f 2264//2264 616//616 615//615 2267//2267
f 2267//2267 615//615 99//99 1017//1017
f 2266//2266 2267//2267 1017//1017 1018//1018
f 2265//2265 2266//2266 1018//1018 1019//1019
f 302//302 2265//2265 1019//1019 31//31
f 301//301 2262//2262 2265//2265 302//302
f 300//300 2259//2259 2262//2262 301//301
f 2268//2268 2269//2269 2272//2272 2271//2271
f 2269//2269 2270//2270 2273//2273 2272//2272
f 2271//2271 2272//2272 2275//2275 2274//2274
f 2272//2272 2273//2273 2276//2276 2275//2275
f 31//31 1019//1019 2268//2268 279//279
f 1019//1019 1018//1018 2269//2269 2268//2268
f 1018//1018 1017//1017 2270//2270 2269//2269
f 1017//1017 99//99 608//608 2270//2270
f 2270//2270 608//608 607//607 2273//2273
f 2273//2273 607//607 606//606 2276//2276
f 2276//2276 606//606 96//96 1020//1020
f 2275//2275 2276//2276 1020//1020 1021//1021
f 2274//2274 2275//2275 1021//1021 1022//1022
f 281//281 2274//2274 1022//1022 21//21
f 280//280 2271//2271 2274//2274 281//281
f 279//279 2268//2268 2271//2271 280//280
f 2277//2277 2278//2278 2281//2281 2280//2280
f 2278//2278 2279//2279 2282//2282 2281//2281
f 2280//2280 2281//2281 2284//2284 2283//2283
f 2281//2281 2282//2282 2285//2285 2284//2284
f 39//39 1023//1023 2277//2277 336//336
f 1023//1023 1024//1024 2278//2278 2277//2277
f 1024//1024 1025//1025 2279//2279 2278//2278
f 1025//1025 116//116 731//731 2279//2279
f 2279//2279 731//731 730//730 2282//2282
f 2282//2282 730//730 729//729 2285//2285
f 2285//2285 729//729 126//126 1026//1026
f 2284//2284 2285//2285 1026//1026 1027//1027
f 2283//2283 2284//2284 1027//1027 1028//1028
f 338//338 2283//2283 1028//1028 42//42
f 337//337 2280//2280 2283//2283 338//338
f 336//336 2277//2277 2280//2280 337//337
f 2286//2286 2287//2287 2290//2290 2289//2289
f 2287//2287 2288//2288 2291//2291 2290//2290
f 2289//2289 2290//2290 2293//2293 2292//2292
f 2290//2290 2291//2291 2294//2294 2293//2293
f 42//42 1028//1028 2286//2286 345//345
f 1028//1028 1027//1027 2287//2287 2286//2286
f 1027//1027 1026//1026 2288//2288 2287//2287
f 1026//1026 126//126 752//752 2288//2288
f 2288//2288 752//752 751//751 2291//2291
f 2291//2291 751//751 750//750 2294//2294
f 2294//2294 750//750 119//119 1029//1029
f 2293//2293 2294//2294 1029//1029 1030//1030
f 2292//2292 2293//2293 1030//1030 1031//1031
f 347//347 2292//2292 1031//1031 43//43
f 346//346 2289//2289 2292//2292 347//347
f 345//345 2286//2286 2289//2289 346//346
f 2295//2295 2296//2296 2299//2299 2298//2298
f 2296//2296 2297//2297 2300//2300 2299//2299
f 2298//2298 2299//2299 2302//2302 2301//2301
f 2299//2299 2300//2300 2303//2303 2302//2302
f 43//43 1031//1031 2295//2295 390//390
f 1031//1031 1030//1030 2296//2296 2295//2295
f 1030//1030 1029//1029 2297//2297 2296//2296
f 1029//1029 119//119 707//707 2297//2297
f 2297//2297 707//707 706//706 2300//2300
f 2300//2300 706//706 705//705 2303//2303
f 2303//2303 705//705 118//118 1032//1032
f 2302//2302 2303//2303 1032//1032 1033//1033
f 2301//2301 2302//2302 1033//1033 1034//1034
f 392//392 2301//2301 1034//1034 50//50
f 391//391 2298//2298 2301//2301 392//392
f 390//390 2295//2295 2298//2298 391//391
f 2304//2304 2305//2305 2308//2308 2307//2307
f 2305//2305 2306//2306 2309//2309 2308//2308
f 2307//2307 2308//2308 2311//2311 2310//2310
f 2308//2308 2309//2309 2312//2312 2311//2311
f 50//50 1034//1034 2304//2304 369//369
f 1034//1034 1033//1033 2305//2305 2304//2304
f 1033//1033 1032//1032 2306//2306 2305//2305
f 1032//1032 118//118 698//698 2306//2306
f 2306//2306 698//698 697//697 2309//2309
f 2309//2309 697//697 696//696 2312//2312
f 2312//2312 696//696 115//115 1035//1035
f 2311//2311 2312//2312 1035//1035 1036//1036
f 2310//2310 2311//2311 1036//1036 1037//1037
f 371//371 2310//2310 1037//1037 40//40
f 370//370 2307//2307 2310//2310 371//371
f 369//369 2304//2304 2307//2307 370//370
f 2313//2313 2314//2314 2317//2317 2316//2316
f 2314//2314 2315//2315 2318//2318 2317//2317
f 2316//2316 2317//2317 2320//2320 2319//2319
f 2317//2317 2318//2318 2321//2321 2320//2320
f 58//58 1038//1038 2313//2313 426//426
f 1038//1038 1039//1039 2314//2314 2313//2313
f 1039//1039 1040//1040 2315//2315 2314//2314
f 1040//1040 134//134 785//785 2315//2315
f 2315//2315 785//785 784//784 2318//2318
f 2318//2318 784//784 783//783 2321//2321
f 2321//2321 783//783 139//139 1041//1041
f 2320//2320 2321//2321 1041//1041 1042//1042
f 2319//2319 2320//2320 1042//1042 1043//1043
f 428//428 2319//2319 1043//1043 61//61
f 427//427 2316//2316 2319//2319 428//428
f 426//426 2313//2313 2316//2316 427//427
f 2322//2322 2323//2323 2326//2326 2325//2325
f 2323//2323 2324//2324 2327//2327 2326//2326
f 2325//2325 2326//2326 2329//2329 2328//2328
f 2326//2326 2327//2327 2330//2330 2329//2329
f 61//61 1043//1043 2322//2322 435//435
f 1043//1043 1042//1042 2323//2323 2322//2322
f 1042//1042 1041//1041 2324//2324 2323//2323
f 1041//1041 139//139 806//806 2324//2324
f 2324//2324 806//806 805//805 2327//2327
f 2327//2327 805//805 804//804 2330//2330
f 2330//2330 804//804 149//149 1044//1044
f 2329//2329 2330//2330 1044//1044 1045//1045
f 2328//2328 2329//2329 1045//1045 1046//1046
f 437//437 2328//2328 1046//1046 62//62
f 436//436 2325//2325 2328//2328 437//437
f 435//435 2322//2322 2325//2325 436//436
f 2331//2331 2332//2332 2335//2335 2334//2334
f 2332//2332 2333//2333 2336//2336 2335//2335
f 2334//2334 2335//2335 2338//2338 2337//2337
f 2335//2335 2336//2336 2339//2339 2338//2338
f 62//62 1046//1046 2331//2331 480//480
f 1046//1046 1045//1045 2332//2332 2331//2331
f 1045//1045 1044//1044 2333//2333 2332//2332
f 1044//1044 149//149 863//863 2333//2333
f 2333//2333 863//863 862//862 2336//2336
f 2336//2336 862//862 861//861 2339//2339
f 2339//2339 861//861 148//148 1047//1047
f 2338//2338 2339//2339 1047//1047 1048//1048
f 2337//2337 2338//2338 1048//1048 1049//1049
f 482//482 2337//2337 1049//1049 69//69
f 481//481 2334//2334 2337//2337 482//482
f 480//480 2331//2331 2334//2334 481//481
f 2340//2340 2341//2341 2344//2344 2343//2343
f 2341//2341 2342//2342 2345//2345 2344//2344
f 2343//2343 2344//2344 2347//2347 2346//2346
f 2344//2344 2345//2345 2348//2348 2347//2347
f 69//69 1049//1049 2340//2340 459//459
f 1049//1049 1048//1048 2341//2341 2340//2340
f 1048//1048 1047//1047 2342//2342 2341//2341
f 1047//1047 148//148 854//854 2342//2342
f 2342//2342 854//854 853//853 2345//2345
f 2345//2345 853//853 852//852 2348//2348
f 2348//2348 852//852 136//136 1050//1050
f 2347//2347 2348//2348 1050//1050 1051//1051
f 2346//2346 2347//2347 1051//1051 1052//1052
f 461//461 2346//2346 1052//1052 59//59
f 460//460 2343//2343 2346//2346 461//461
f 459//459 2340//2340 2343//2343 460//460
f 2349//2349 2350//2350 2353//2353 2352//2352
f 2350//2350 2351//2351 2354//2354 2353//2353
f 2352//2352 2353//2353 2356//2356 2355//2355
f 2353//2353 2354//2354 2357//2357 2356//2356
f 58//58 875//875 2349//2349 1038//1038
f 875//875 874//874 2350//2350 2349//2349
f 874//874 873//873 2351//2351 2350//2350
f 873//873 1//1 995//995 2351//2351
f 2351//2351 995//995 994//994 2354//2354
f 2354//2354 994//994 993//993 2357//2357
f 2357//2357 993//993 77//77 935//935
f 2356//2356 2357//2357 935//935 934//934
f 2355//2355 2356//2356 934//934 933//933
f 1040//1040 2355//2355 933//933 134//134
f 1039//1039 2352//2352 2355//2355 1040//1040
f 1038//1038 2349//2349 2352//2352 1039//1039
f 2358//2358 2359//2359 2362//2362 2361//2361
f 2359//2359 2360//2360 2363//2363 2362//2362
f 2361//2361 2362//2362 2365//2365 2364//2364
f 2362//2362 2363//2363 2366//2366 2365//2365
f 60//60 902//902 2358//2358 885//885
f 902//902 901//901 2359//2359 2358//2358
f 901//901 900//900 2360//2360 2359//2359
f 900//900 41//41 917//917 2360//2360
f 2360//2360 917//917 916//916 2363//2363
f 2363//2363 916//916 915//915 2366//2366
f 2366//2366 915//915 22//22 932//932
f 2365//2365 2366//2366 932//932 931//931
f 2364//2364 2365//2365 931//931 930//930
f 887//887 2364//2364 930//930 2//2
f 886//886 2361//2361 2364//2364 887//887
f 885//885 2358//2358 2361//2361 886//886
f 2367//2367 2368//2368 2371//2371 2370//2370
f 2368//2368 2369//2369 2372//2372 2371//2371
f 2370//2370 2371//2371 2374//2374 2373//2373
f 2371//2371 2372//2372 2375//2375 2374//2374
f 3//3 920//920 2367//2367 1005//1005
f 920//920 919//919 2368//2368 2367//2367
f 919//919 918//918 2369//2369 2368//2368
f 918//918 21//21 1022//1022 2369//2369
f 2369//2369 1022//1022 1021//1021 2372//2372
f 2372//2372 1021//1021 1020//1020 2375//2375
f 2375//2375 1020//1020 96//96 950//950
f 2374//2374 2375//2375 950//950 949//949
f 2373//2373 2374//2374 949//949 948//948
f 1007//1007 2373//2373 948//948 78//78
f 1006//1006 2370//2370 2373//2373 1007//1007
f 1005//1005 2367//2367 2370//2370 1006//1006
f 2376//2376 2377//2377 2380//2380 2379//2379
f 2377//2377 2378//2378 2381//2381 2380//2380
f 2379//2379 2380//2380 2383//2383 2382//2382
f 2380//2380 2381//2381 2384//2384 2383//2383
f 20//20 905//905 2376//2376 1008//1008
f 905//905 904//904 2377//2377 2376//2376
f 904//904 903//903 2378//2378 2377//2377
f 903//903 40//40 1037//1037 2378//2378
f 2378//2378 1037//1037 1036//1036 2381//2381
f 2381//2381 1036//1036 1035//1035 2384//2384
f 2384//2384 1035//1035 115//115 965//965
f 2383//2383 2384//2384 965//965 964//964
f 2382//2382 2383//2383 964//964 963//963
f 1010//1010 2382//2382 963//963 97//97
f 1009//1009 2379//2379 2382//2382 1010//1010
f 1008//1008 2376//2376 2379//2379 1009//1009
f 2385//2385 2386//2386 2389//2389 2388//2388
f 2386//2386 2387//2387 2390//2390 2389//2389
f 2388//2388 2389//2389 2392//2392 2391//2391
f 2389//2389 2390//2390 2393//2393 2392//2392
f 39//39 890//890 2385//2385 1023//1023
f 890//890 889//889 2386//2386 2385//2385
f 889//889 888//888 2387//2387 2386//2386
f 888//888 59//59 1052//1052 2387//2387
f 2387//2387 1052//1052 1051//1051 2390//2390
f 2390//2390 1051//1051 1050//1050 2393//2393
f 2393//2393 1050//1050 136//136 980//980
f 2392//2392 2393//2393 980//980 979//979
f 2391//2391 2392//2392 979//979 978//978
f 1025//1025 2391//2391 978//978 116//116
f 1024//1024 2388//2388 2391//2391 1025//1025
f 1023//1023 2385//2385 2388//2388 1024//1024
f 2394//2394 2395//2395 2398//2398 2397//2397
f 2395//2395 2396//2396 2399//2399 2398//2398
f 2397//2397 2398//2398 2401//2401 2400//2400
f 2398//2398 2399//2399 2402//2402 2401//2401
f 79//79 962//962 2394//2394 945//945
f 962//962 961//961 2395//2395 2394//2394
f 961//961 960//960 2396//2396 2395//2395
f 960//960 98//98 977//977 2396//2396
f 2396//2396 977//977 976//976 2399//2399
f 2399//2399 976//976 975//975 2402//2402
f 2402//2402 975//975 117//117 992//992
f 2401//2401 2402//2402 992//992 991//991
f 2400//2400 2401//2401 991//991 990//990
f 947//947 2400//2400 990//990 135//135
f 946//946 2397//2397 2400//2400 947//947
f 945//945 2394//2394 2397//2397 946//946
o BuoyText
v -0.081818 0.224238 0.290247
v -0.082443 0.223930 0.290778
v -0.083062 0.223645 0.291259
v -0.083675 0.223382 0.291690
v -0.084282 0.223141 0.292072
v -0.084884 0.222922 0.292404
v -0.085481 0.222724 0.292687
v -0.086074 0.222549 0.292922
v -0.086662 0.222394 0.293108
v -0.087247 0.222260 0.293247
v -0.087828 0.222147 0.293338
v -0.088406 0.222055 0.293382
v -0.088981 0.221984 0.293379
v -0.089749 0.221914 0.293314
v -0.090493 0.221873 0.293192
v -0.091211 0.221859 0.293012
v -0.091902 0.221873 0.292776
v -0.092565 0.221915 0.292484
v -0.093868 0.221953 0.291957
v -0.094466 0.222035 0.291549
v -0.095032 0.222144 0.291088
v -0.095566 0.222281 0.290573
v -0.096064 0.222445 0.290005
v -0.096527 0.222637 0.289384
v -0.096952 0.222857 0.288712
v -0.097491 0.222553 0.289236
v -0.098050 0.222255 0.289738
v -0.098631 0.221965 0.290214
v -0.099234 0.221685 0.290658
v -0.099863 0.221417 0.291064
v -0.100517 0.221163 0.291427
v -0.101201 0.220926 0.291742
v -0.101914 0.220706 0.292004
v -0.102658 0.220507 0.292206
v -0.103436 0.220330 0.292344
v -0.104249 0.220177 0.292412
v -0.105099 0.220051 0.292405
v -0.106296 0.219926 0.292267
v -0.107413 0.219873 0.291991
v -0.108446 0.219888 0.291582
v -0.109390 0.219970 0.291048
v -0.111410 0.219813 0.290585
v -0.112153 0.220001 0.289808
v -0.112794 0.220256 0.288926
v -0.113330 0.220575 0.287945
v -0.113755 0.220957 0.286872
v -0.114065 0.221400 0.285714
v -0.114255 0.221902 0.284476
v -0.114320 0.222461 0.283166
v -0.113164 0.228895 0.268615
v -0.108333 0.229522 0.268875
v -0.108347 0.223517 0.283051
v -0.108301 0.223170 0.283887
v -0.108167 0.222862 0.284662
v -0.107950 0.222595 0.285372
v -0.107656 0.222366 0.286018
v -0.107292 0.222176 0.286597
v -0.106865 0.222025 0.287108
v -0.106379 0.221911 0.287551
v -0.105842 0.221836 0.287923
v -0.105260 0.221797 0.288223
v -0.104639 0.221796 0.288449
v -0.103985 0.221832 0.288601
v -0.103304 0.221904 0.288677
v -0.102899 0.221962 0.288684
v -0.102476 0.222045 0.288641
v -0.102036 0.222151 0.288549
v -0.101582 0.222278 0.288412
v -0.101119 0.222424 0.288234
v -0.100650 0.222588 0.288016
v -0.100177 0.222768 0.287763
v -0.099704 0.222961 0.287477
v -0.099233 0.223167 0.287160
v -0.098769 0.223383 0.286817
v -0.098315 0.223608 0.286450
v -0.097873 0.223839 0.286062
v -0.097856 0.230881 0.269439
v -0.093025 0.231508 0.269698
v -0.093039 0.225481 0.283925
v -0.092999 0.225111 0.284814
v -0.092881 0.224788 0.285619
v -0.092690 0.224510 0.286343
v -0.092433 0.224277 0.286987
v -0.091437 0.224102 0.287729
v -0.091060 0.223941 0.288214
v -0.090632 0.223819 0.288625
v -0.090160 0.223733 0.288962
v -0.089650 0.223684 0.289227
v -0.089106 0.223669 0.289423
v -0.088535 0.223687 0.289550
v -0.087943 0.223736 0.289610
v -0.087344 0.223806 0.289622
v -0.086775 0.223888 0.289601
v -0.086232 0.223981 0.289543
v -0.085711 0.224089 0.289447
v -0.085207 0.224212 0.289309
v -0.084716 0.224352 0.289128
v -0.084235 0.224510 0.288901
v -0.083758 0.224689 0.288626
v -0.083282 0.224889 0.288300
v -0.082803 0.225113 0.287920
v -0.082316 0.225362 0.287484
v -0.081818 0.225638 0.286990
v -0.081819 0.232768 0.270401
v -0.076951 0.233288 0.270623
v -0.076950 0.223467 0.293472
v -0.081817 0.222947 0.293249
v -0.067372 0.222663 0.298159
v -0.066997 0.222672 0.298248
v -0.066640 0.222660 0.298381
v -0.066306 0.222628 0.298554
v -0.065997 0.222577 0.298763
v -0.065718 0.222509 0.299004
v -0.065472 0.222423 0.299275
v -0.065263 0.222322 0.299572
v -0.065094 0.222206 0.299891
v -0.064968 0.222077 0.300228
v -0.064890 0.221935 0.300581
v -0.064864 0.221782 0.300945
v -0.064890 0.221623 0.301307
v -0.064968 0.221465 0.301653
v -0.065093 0.221309 0.301979
v -0.065263 0.221157 0.302282
v -0.065472 0.221011 0.302559
v -0.065718 0.220873 0.302808
v -0.065997 0.220745 0.303024
v -0.066306 0.220628 0.303205
v -0.066640 0.220525 0.303347
v -0.066997 0.220436 0.303447
v -0.067372 0.220365 0.303503
v -0.067762 0.220313 0.303510
v -0.068152 0.220282 0.303467
v -0.068527 0.220273 0.303377
v -0.068884 0.220285 0.303244
v -0.069218 0.220317 0.303072
v -0.069527 0.220368 0.302863
v -0.069806 0.220436 0.302621
v -0.070052 0.220522 0.302350
v -0.070262 0.220623 0.302053
v -0.070431 0.220739 0.301735
v -0.070556 0.220868 0.301397
v -0.070634 0.221010 0.301044
v -0.070661 0.221163 0.300680
v -0.070634 0.221322 0.300318
v -0.070556 0.221480 0.299973
v -0.070431 0.221636 0.299647
v -0.070262 0.221788 0.299343
v -0.070052 0.221934 0.299066
v -0.069806 0.222072 0.298817
v -0.069527 0.222200 0.298601
v -0.069219 0.222317 0.298421
v -0.068884 0.222421 0.298278
v -0.068528 0.222509 0.298178
v -0.068153 0.222580 0.298123
v -0.067762 0.222632 0.298116
v -0.063353 0.234772 0.270960
v -0.065302 0.224711 0.294005
v -0.070169 0.224191 0.293782
v -0.070170 0.234013 0.270934
v -0.055723 0.223475 0.298952
v -0.054931 0.223270 0.299551
v -0.054146 0.223097 0.300075
v -0.053371 0.222953 0.300528
v -0.052607 0.222836 0.300914
v -0.051854 0.222745 0.301237
v -0.051116 0.222677 0.301502
v -0.050393 0.222632 0.301711
v -0.049686 0.222607 0.301870
v -0.048998 0.222601 0.301983
v -0.048330 0.222611 0.302053
v -0.047684 0.222637 0.302084
v -0.046835 0.222694 0.302067
v -0.046033 0.222777 0.301982
v -0.045283 0.222885 0.301832
v -0.044590 0.223015 0.301620
v -0.043958 0.223166 0.301350
v -0.043395 0.223336 0.301024
v -0.042903 0.223524 0.300645
v -0.042489 0.223728 0.300217
v -0.041772 0.223897 0.299908
v -0.041529 0.224129 0.299391
v -0.041766 0.224423 0.298667
v -0.041714 0.224676 0.298071
v -0.042034 0.225307 0.296523
v -0.042920 0.225817 0.295184
v -0.044258 0.226237 0.293993
v -0.045936 0.226600 0.292891
v -0.047841 0.226938 0.291818
v -0.049858 0.227282 0.290713
v -0.051876 0.227665 0.289517
v -0.053780 0.228117 0.288169
v -0.055458 0.228672 0.286610
v -0.056796 0.229362 0.284779
v -0.057681 0.230217 0.282615
v -0.058000 0.231270 0.280061
v -0.057908 0.231835 0.278729
v -0.057639 0.232379 0.277471
v -0.057203 0.232898 0.276295
v -0.056612 0.233388 0.275211
v -0.055873 0.233845 0.274226
v -0.054998 0.234265 0.273349
v -0.053997 0.234644 0.272589
v -0.052879 0.234977 0.271954
v -0.051655 0.235260 0.271452
v -0.050334 0.235490 0.271092
v -0.048926 0.235661 0.270882
v -0.047442 0.235770 0.270832
v -0.046435 0.235812 0.270874
v -0.045459 0.235834 0.270959
v -0.044511 0.235837 0.271086
v -0.043589 0.235820 0.271258
v -0.042691 0.235782 0.271474
v -0.041814 0.235725 0.271734
v -0.040957 0.235647 0.272040
v -0.040117 0.235550 0.272391
v -0.039293 0.235431 0.272790
v -0.038482 0.235292 0.273235
v -0.037682 0.235133 0.273728
v -0.036892 0.234953 0.274269
v -0.036896 0.232295 0.280602
v -0.037601 0.232589 0.279801
v -0.038334 0.232856 0.279063
v -0.039093 0.233094 0.278387
v -0.039877 0.233304 0.277776
v -0.040685 0.233485 0.277231
v -0.041513 0.233637 0.276752
v -0.042362 0.233759 0.276341
v -0.043228 0.233852 0.275999
v -0.044110 0.233914 0.275726
v -0.045007 0.233945 0.275524
v -0.045917 0.233946 0.275395
v -0.046837 0.233915 0.275339
v -0.047840 0.233843 0.275367
v -0.048749 0.233738 0.275490
v -0.049567 0.233603 0.275695
v -0.050293 0.233443 0.275974
v -0.050930 0.233262 0.276316
v -0.051479 0.233064 0.276711
v -0.051940 0.232853 0.277147
v -0.052314 0.232634 0.277616
v -0.052604 0.232411 0.278106
v -0.052809 0.232188 0.278608
v -0.052932 0.231970 0.279110
v -0.052972 0.231761 0.279604
v -0.052653 0.231073 0.281286
v -0.051767 0.230504 0.282768
v -0.050429 0.230026 0.284097
v -0.048751 0.229610 0.285325
v -0.046846 0.229229 0.286502
v -0.044829 0.228855 0.287677
v -0.042811 0.228461 0.288901
v -0.040907 0.228018 0.290225
v -0.039229 0.227499 0.291698
v -0.037501 0.226813 0.293531
v -0.036612 0.226039 0.295446
v -0.036291 0.225110 0.297661
v -0.036384 0.224523 0.299030
v -0.036659 0.223966 0.300306
v -0.037108 0.223444 0.301483
v -0.037724 0.222958 0.302556
v -0.038499 0.222511 0.303519
v -0.039425 0.222107 0.304368
v -0.040496 0.221746 0.305096
v -0.041703 0.221433 0.305698
v -0.043040 0.221170 0.306170
v -0.044498 0.220959 0.306504
v -0.046453 0.220843 0.306529
v -0.048129 0.220727 0.306569
v -0.048847 0.220698 0.306537
v -0.049564 0.220683 0.306471
v -0.050280 0.220682 0.306371
v -0.050993 0.220696 0.306237
v -0.051703 0.220725 0.306069
v -0.052410 0.220767 0.305867
v -0.053112 0.220825 0.305631
v -0.053808 0.220897 0.305361
v -0.054498 0.220984 0.305057
v -0.055182 0.221085 0.304719
v -0.055857 0.221201 0.304348
v -0.056525 0.221331 0.303942
v -0.056521 0.223712 0.298274
v -0.030640 0.231446 0.283406
v -0.030294 0.232284 0.281476
v -0.029715 0.233071 0.279690
v -0.028905 0.233804 0.278057
v -0.027861 0.234479 0.276587
v -0.026583 0.235091 0.275288
v -0.025072 0.235637 0.274171
v -0.023326 0.236113 0.273244
v -0.021344 0.236515 0.272518
v -0.019127 0.236838 0.272000
v -0.016673 0.237079 0.271702
v -0.013983 0.237234 0.271631
v -0.011999 0.237275 0.271751
v -0.010050 0.237240 0.272047
v -0.008163 0.237125 0.272522
v -0.006364 0.236928 0.273180
v -0.004678 0.236647 0.274025
v -0.003132 0.236277 0.275062
v -0.001753 0.235817 0.276293
v 0.002833 0.235144 0.277673
v 0.003800 0.234407 0.279269
v 0.004523 0.233594 0.281080
v 0.004976 0.232702 0.283111
v 0.005132 0.231732 0.285367
v 0.005132 0.222527 0.306978
v -0.003685 0.222639 0.307023
v -0.003686 0.231388 0.286483
v -0.003698 0.231786 0.285548
v -0.003735 0.232145 0.284701
v -0.003799 0.232469 0.283933
v -0.003893 0.232761 0.283236
v -0.004018 0.233025 0.282604
v -0.004177 0.233263 0.282028
v -0.004372 0.233479 0.281500
v -0.004604 0.233675 0.281012
v -0.004877 0.233856 0.280557
v -0.005192 0.234025 0.280127
v -0.005550 0.234184 0.279713
v -0.005956 0.234338 0.279309
v -0.006507 0.234519 0.278824
v -0.007081 0.234681 0.278381
v -0.007679 0.234824 0.277980
v -0.008299 0.234948 0.277620
v -0.008943 0.235054 0.277302
v -0.009609 0.235141 0.277025
v -0.010299 0.235210 0.276789
v -0.011012 0.235260 0.276593
v -0.011747 0.235291 0.276439
v -0.012506 0.235305 0.276325
v -0.013288 0.235300 0.276251
v -0.014093 0.235277 0.276217
v -0.015107 0.235226 0.276225
v -0.016072 0.235157 0.276282
v -0.016987 0.235071 0.276385
v -0.017853 0.234969 0.276530
v -0.018670 0.234852 0.276715
v -0.019435 0.234722 0.276937
v -0.020150 0.234580 0.277193
v -0.020814 0.234427 0.277479
v -0.021426 0.234265 0.277793
v -0.021987 0.234094 0.278132
v -0.022495 0.233917 0.278493
v -0.022950 0.233734 0.278873
v -0.023404 0.233520 0.279327
v -0.023799 0.233294 0.279814
v -0.024140 0.233057 0.280333
v -0.024429 0.232809 0.280885
v -0.024670 0.232549 0.281468
v -0.024867 0.232278 0.282084
v -0.025024 0.231995 0.282730
v -0.025144 0.231701 0.283408
v -0.025231 0.231395 0.284117
v -0.025289 0.231077 0.284857
v -0.025321 0.230748 0.285627
v -0.025331 0.230406 0.286428
v -0.025330 0.221787 0.306662
v -0.030755 0.221573 0.306571
v -0.030756 0.230561 0.285470
v 0.022094 0.223729 0.301945
v 0.022481 0.236463 0.271853
v 0.027895 0.236191 0.271740
v 0.027519 0.223514 0.301855
v 0.040583 0.222997 0.301640
v 0.040587 0.221117 0.306137
v 0.009441 0.222311 0.306888
v 0.009441 0.224222 0.302402
v 0.064353 0.219436 0.306250
v 0.061594 0.220000 0.305919
v 0.055906 0.220913 0.304914
v 0.053531 0.221447 0.303903
v 0.051393 0.222075 0.302640
v 0.049503 0.222787 0.301147
v 0.047872 0.223574 0.299448
v 0.046512 0.224424 0.297565
v 0.045434 0.225329 0.295522
v 0.044649 0.226277 0.293340
v 0.044169 0.227259 0.291043
v 0.044005 0.228265 0.288654
v 0.044161 0.229232 0.286324
v 0.044626 0.230159 0.284054
v 0.045393 0.231036 0.281869
v 0.046452 0.231852 0.279797
v 0.047795 0.232598 0.277863
v 0.049413 0.233261 0.276094
v 0.051297 0.233832 0.274517
v 0.053440 0.234300 0.273158
v 0.055832 0.234654 0.272043
v 0.058464 0.234884 0.271199
v 0.061329 0.234978 0.270652
v 0.067450 0.234399 0.270673
v 0.070382 0.233948 0.270683
v 0.073117 0.233382 0.271028
v 0.075644 0.232713 0.271682
v 0.077952 0.231954 0.272621
v 0.080030 0.231117 0.273819
v 0.081867 0.230216 0.275252
v 0.083451 0.229262 0.276895
v 0.084771 0.228267 0.278723
v 0.085817 0.227246 0.280710
v 0.085905 0.226469 0.282484
v 0.086379 0.225473 0.284733
v 0.086542 0.224481 0.287064
v 0.086384 0.223506 0.289452
v 0.085908 0.222600 0.291771
v 0.085128 0.221770 0.293996
v 0.084057 0.221027 0.296104
v 0.082707 0.220377 0.298071
v 0.081092 0.219830 0.299872
v 0.079224 0.219393 0.301482
v 0.077118 0.219076 0.302879
v 0.074785 0.218887 0.304037
v 0.072240 0.218834 0.304933
v 0.070223 0.218681 0.305928
v 0.067311 0.218984 0.306254
v 0.062241 0.233044 0.275180
v 0.060279 0.232980 0.275552
v 0.058437 0.232824 0.276133
v 0.056730 0.232579 0.276908
v 0.055171 0.232252 0.277866
v 0.053775 0.231847 0.278993
v 0.052555 0.231368 0.280275
v 0.051526 0.230820 0.281700
v 0.050701 0.230209 0.283255
v 0.050096 0.229540 0.284925
v 0.049723 0.228816 0.286698
v 0.049596 0.228043 0.288561
v 0.049726 0.227256 0.290431
v 0.050102 0.226499 0.292199
v 0.050710 0.225780 0.293853
v 0.051537 0.225102 0.295381
v 0.052569 0.224473 0.296771
v 0.053790 0.223898 0.298010
v 0.055188 0.223383 0.299087
v 0.056749 0.222933 0.299989
v 0.058457 0.222554 0.300703
v 0.063362 0.221672 0.301447
v 0.065286 0.221279 0.301677
v 0.067315 0.220968 0.301680
v 0.069332 0.220758 0.301455
v 0.071247 0.220657 0.301016
v 0.073045 0.220661 0.300374
v 0.074690 0.220776 0.299531
v 0.075558 0.221229 0.298184
v 0.076909 0.221548 0.297011
v 0.078109 0.221944 0.295698
v 0.079122 0.222422 0.294246
v 0.079934 0.222977 0.292668
v 0.080530 0.223607 0.290977
v 0.081239 0.224188 0.289368
v 0.081714 0.224848 0.287680
v 0.081590 0.225667 0.285836
v 0.081224 0.226476 0.284099
v 0.080630 0.227269 0.282480
v 0.079823 0.228037 0.280992
v 0.078816 0.228774 0.279647
v 0.077623 0.229472 0.278458
v 0.076257 0.230124 0.277435
v 0.074734 0.230722 0.276591
v 0.073066 0.231259 0.275939
v 0.071268 0.231728 0.275491
v 0.069354 0.232120 0.275258
v 0.067338 0.232430 0.275253
v 0.090194 0.229333 0.274358
v 0.090198 0.231273 0.269886
v 0.111719 0.229038 0.268514
v 0.113054 0.213964 0.303489
v 0.107764 0.214780 0.303836
v 0.106369 0.227739 0.273250
v -0.082743 0.224126 0.290234
v -0.083369 0.223818 0.290765
v -0.083988 0.223533 0.291246
v -0.084601 0.223270 0.291677
v -0.085208 0.223029 0.292059
v -0.085810 0.222810 0.292391
v -0.086407 0.222613 0.292674
v -0.087000 0.222437 0.292909
v -0.087588 0.222282 0.293096
v -0.088172 0.222148 0.293234
v -0.088753 0.222036 0.293326
v -0.089332 0.221943 0.293369
v -0.089907 0.221872 0.293366
v -0.090675 0.221802 0.293302
v -0.091418 0.221761 0.293179
v -0.092136 0.221747 0.292999
v -0.093690 0.221734 0.292537
v -0.094348 0.221760 0.292240
v -0.094977 0.221814 0.291887
v -0.095575 0.221895 0.291479
v -0.096142 0.222004 0.291018
v -0.096675 0.222141 0.290502
v -0.097173 0.222306 0.289934
v -0.097636 0.222498 0.289314
v -0.098061 0.222718 0.288642
v -0.098600 0.222414 0.289166
v -0.099159 0.222116 0.289668
v -0.099740 0.221826 0.290144
v -0.100343 0.221546 0.290588
v -0.100972 0.221278 0.290994
v -0.101627 0.221024 0.291357
v -0.102310 0.220786 0.291672
v -0.103023 0.220567 0.291934
v -0.103767 0.220368 0.292136
v -0.104545 0.220191 0.292274
v -0.105358 0.220038 0.292342
v -0.106208 0.219911 0.292334
v -0.107405 0.219787 0.292197
v -0.108522 0.219733 0.291920
v -0.111095 0.219360 0.291768
v -0.112026 0.219410 0.291219
v -0.112865 0.219530 0.290553
v -0.113608 0.219718 0.289775
v -0.114250 0.219973 0.288893
v -0.114785 0.220292 0.287912
v -0.115210 0.220674 0.286840
v -0.115520 0.221117 0.285681
v -0.115710 0.221620 0.284444
v -0.115775 0.222179 0.283133
v -0.114273 0.228756 0.268545
v -0.109442 0.229383 0.268805
v -0.109456 0.223378 0.282981
v -0.109410 0.223030 0.283817
v -0.109276 0.222723 0.284591
v -0.109059 0.222455 0.285302
v -0.108765 0.222226 0.285947
v -0.108401 0.222037 0.286527
v -0.107974 0.221885 0.287038
v -0.107488 0.221772 0.287481
v -0.106951 0.221696 0.287852
v -0.106369 0.221658 0.288152
v -0.105748 0.221657 0.288379
v -0.105094 0.221692 0.288531
v -0.104413 0.221764 0.288607
v -0.104008 0.221823 0.288614
v -0.103585 0.221906 0.288570
v -0.103145 0.222012 0.288479
v -0.102691 0.222139 0.288342
v -0.102229 0.222285 0.288164
v -0.101759 0.222449 0.287946
v -0.101286 0.222628 0.287693
v -0.100813 0.222822 0.287406
v -0.100342 0.223027 0.287090
v -0.099878 0.223243 0.286747
v -0.099424 0.223468 0.286380
v -0.098982 0.223700 0.285992
v -0.098965 0.230742 0.269368
v -0.094134 0.231368 0.269628
v -0.094148 0.225342 0.283855
v -0.094108 0.224972 0.284744
v -0.093990 0.224649 0.285549
v -0.093799 0.224371 0.286273
v -0.093542 0.224137 0.286917
v -0.093223 0.223946 0.287483
v -0.092849 0.223796 0.287973
v -0.091558 0.223707 0.288612
v -0.091086 0.223622 0.288949
v -0.090575 0.223572 0.289215
v -0.090032 0.223557 0.289410
v -0.089461 0.223575 0.289537
v -0.088868 0.223624 0.289598
v -0.088269 0.223695 0.289610
v -0.087700 0.223776 0.289588
v -0.087157 0.223869 0.289530
v -0.086636 0.223977 0.289434
v -0.086132 0.224100 0.289297
v -0.085642 0.224240 0.289116
v -0.085160 0.224398 0.288889
v -0.084684 0.224577 0.288613
v -0.084208 0.224778 0.288287
v -0.083729 0.225002 0.287907
v -0.083242 0.225251 0.287472
v -0.082743 0.225526 0.286978
v -0.082744 0.232657 0.270388
v -0.077877 0.233177 0.270611
v -0.077876 0.223355 0.293459
v -0.082743 0.222835 0.293237
v -0.068298 0.222552 0.298146
v -0.067923 0.222561 0.298236
v -0.067566 0.222548 0.298368
v -0.067232 0.222517 0.298541
v -0.066923 0.222466 0.298750
v -0.066644 0.222397 0.298992
v -0.066398 0.222312 0.299263
v -0.066188 0.222211 0.299559
v -0.066019 0.222095 0.299878
v -0.065894 0.221966 0.300216
v -0.065816 0.221824 0.300568
v -0.065789 0.221670 0.300933
v -0.065816 0.221511 0.301294
v -0.065894 0.221353 0.301640
v -0.066019 0.221197 0.301966
v -0.066188 0.221045 0.302269
v -0.066398 0.220899 0.302547
v -0.066644 0.220761 0.302795
v -0.066923 0.220633 0.303012
v -0.067231 0.220516 0.303192
v -0.067566 0.220413 0.303334
v -0.067922 0.220325 0.303435
v -0.068297 0.220254 0.303490
v -0.068688 0.220201 0.303497
v -0.069078 0.220170 0.303454
v -0.069453 0.220161 0.303365
v -0.069810 0.220173 0.303232
v -0.070144 0.220205 0.303059
v -0.070452 0.220256 0.302850
v -0.070732 0.220325 0.302608
v -0.070978 0.220410 0.302337
v -0.071187 0.220511 0.302041
v -0.071356 0.220627 0.301722
v -0.071482 0.220756 0.301384
v -0.071559 0.220898 0.301032
v -0.071586 0.221051 0.300668
v -0.071559 0.221210 0.300306
v -0.071482 0.221369 0.299960
v -0.071356 0.221525 0.299634
v -0.071187 0.221677 0.299331
v -0.070978 0.221823 0.299053
v -0.070732 0.221960 0.298805
v -0.070453 0.222089 0.298589
v -0.070144 0.222205 0.298408
v -0.069810 0.222309 0.298266
v -0.069453 0.222397 0.298166
v -0.069078 0.222468 0.298110
v -0.068688 0.222521 0.298103
v -0.066228 0.234421 0.271144
v -0.066227 0.224600 0.293992
v -0.071094 0.224080 0.293770
v -0.071096 0.233901 0.270921
v -0.056161 0.223467 0.298908
v -0.055369 0.223262 0.299507
v -0.054585 0.223089 0.300031
v -0.053810 0.222945 0.300484
v -0.053045 0.222828 0.300870
v -0.052293 0.222737 0.301194
v -0.051555 0.222670 0.301458
v -0.050831 0.222624 0.301668
v -0.050125 0.222600 0.301827
v -0.049437 0.222593 0.301939
v -0.048769 0.222604 0.302009
v -0.048123 0.222629 0.302040
v -0.047274 0.222686 0.302023
v -0.046472 0.222770 0.301939
v -0.045722 0.222877 0.301789
v -0.045028 0.223007 0.301577
v -0.044397 0.223158 0.301307
v -0.043833 0.223328 0.300981
v -0.043342 0.223516 0.300602
v -0.042928 0.223721 0.300174
v -0.042597 0.223940 0.299699
v -0.042354 0.224172 0.299181
v -0.042204 0.224415 0.298623
v -0.042153 0.224668 0.298028
v -0.042473 0.225299 0.296480
v -0.043358 0.225809 0.295141
v -0.044697 0.226229 0.293950
v -0.046375 0.226592 0.292848
v -0.048280 0.226930 0.291775
v -0.050297 0.227274 0.290670
v -0.052315 0.227657 0.289474
v -0.054219 0.228110 0.288126
v -0.055897 0.228665 0.286566
v -0.057235 0.229354 0.284735
v -0.058120 0.230209 0.282572
v -0.058439 0.231263 0.280017
v -0.058346 0.231827 0.278685
v -0.058078 0.232371 0.277427
v -0.057642 0.232890 0.276252
v -0.057050 0.233380 0.275168
v -0.056312 0.233838 0.274183
v -0.055437 0.234258 0.273306
v -0.054436 0.234636 0.272546
v -0.053318 0.234969 0.271910
v -0.052093 0.235252 0.271408
v -0.050772 0.235482 0.271048
v -0.049365 0.235653 0.270839
v -0.047880 0.235762 0.270788
v -0.046874 0.235804 0.270830
v -0.045898 0.235827 0.270915
v -0.044950 0.235829 0.271043
v -0.044028 0.235812 0.271214
v -0.043129 0.235775 0.271430
v -0.042253 0.235717 0.271691
v -0.041396 0.235640 0.271996
v -0.040556 0.235542 0.272348
v -0.039732 0.235424 0.272746
v -0.038921 0.235285 0.273191
v -0.038121 0.235125 0.273684
v -0.037330 0.234945 0.274225
v -0.037335 0.232287 0.280559
v -0.038039 0.232581 0.279758
v -0.038772 0.232848 0.279019
v -0.039532 0.233086 0.278344
v -0.040316 0.233296 0.277733
v -0.041124 0.233477 0.277188
v -0.041952 0.233629 0.276709
v -0.042801 0.233752 0.276298
v -0.043667 0.233844 0.275955
v -0.044549 0.233906 0.275683
v -0.045446 0.233937 0.275481
v -0.046355 0.233938 0.275352
v -0.047276 0.233907 0.275295
v -0.048278 0.233835 0.275324
v -0.049188 0.233730 0.275446
v -0.050006 0.233595 0.275652
v -0.050732 0.233435 0.275931
v -0.051369 0.233254 0.276273
v -0.051917 0.233056 0.276667
v -0.052378 0.232845 0.277104
v -0.052753 0.232626 0.277573
v -0.053042 0.232403 0.278063
v -0.053248 0.232181 0.278564
v -0.053370 0.231962 0.279067
v -0.053411 0.231753 0.279560
v -0.053092 0.231066 0.281243
v -0.052206 0.230496 0.282724
v -0.050868 0.230018 0.284054
v -0.049190 0.229602 0.285282
v -0.047285 0.229221 0.286458
v -0.045268 0.228847 0.287634
v -0.043250 0.228453 0.288858
v -0.041346 0.228010 0.290181
v -0.039668 0.227491 0.291654
v -0.037846 0.226797 0.293530
v -0.036958 0.226024 0.295444
v -0.036637 0.225095 0.297659
v -0.036730 0.224507 0.299029
v -0.037005 0.223951 0.300305
v -0.037454 0.223428 0.301482
v -0.038070 0.222942 0.302555
v -0.038844 0.222496 0.303518
v -0.039771 0.222091 0.304366
v -0.040842 0.221731 0.305094
v -0.042049 0.221418 0.305697
v -0.043385 0.221154 0.306168
v -0.044844 0.220943 0.306503
v -0.046892 0.220835 0.306486
v -0.048567 0.220719 0.306525
v -0.049286 0.220690 0.306493
v -0.050003 0.220675 0.306427
v -0.050719 0.220674 0.306327
v -0.051432 0.220688 0.306193
v -0.052142 0.220717 0.306025
v -0.052849 0.220760 0.305823
v -0.053550 0.220817 0.305587
v -0.054247 0.220889 0.305317
v -0.054937 0.220976 0.305014
v -0.055620 0.221077 0.304676
v -0.056296 0.221193 0.304304
v -0.056963 0.221323 0.303899
v -0.056959 0.223704 0.298230
v -0.030986 0.231430 0.283405
v -0.030639 0.232268 0.281475
v -0.030061 0.233055 0.279689
v -0.029250 0.233789 0.278056
v -0.028206 0.234463 0.276585
v -0.026929 0.235076 0.275287
v -0.025418 0.235622 0.274170
v -0.023671 0.236098 0.273243
v -0.021690 0.236499 0.272516
v -0.019473 0.236823 0.271999
v -0.017019 0.237064 0.271700
v -0.014328 0.237219 0.271630
v -0.012344 0.237260 0.271750
v -0.010396 0.237224 0.272045
v -0.008509 0.237110 0.272520
v -0.006709 0.236913 0.273179
v -0.005024 0.236631 0.274024
v -0.003478 0.236262 0.275061
v -0.002098 0.235801 0.276292
v 0.003271 0.235120 0.277668
v 0.004238 0.234383 0.279264
v 0.004961 0.233570 0.281075
v 0.005414 0.232678 0.283106
v 0.005571 0.231708 0.285362
v 0.005570 0.222503 0.306973
v -0.004031 0.222623 0.307022
v -0.004031 0.231373 0.286482
v -0.004043 0.231770 0.285547
v -0.004080 0.232130 0.284699
v -0.004145 0.232454 0.283931
v -0.004238 0.232746 0.283235
v -0.004364 0.233009 0.282603
v -0.004523 0.233247 0.282026
v -0.004717 0.233463 0.281498
v -0.004950 0.233660 0.281011
v -0.005223 0.233841 0.280556
v -0.005537 0.234010 0.280125
v -0.005896 0.234169 0.279712
v -0.006301 0.234322 0.279308
v -0.006852 0.234503 0.278823
v -0.007427 0.234665 0.278380
v -0.008024 0.234808 0.277979
v -0.008645 0.234933 0.277619
v -0.009288 0.235039 0.277301
v -0.009955 0.235126 0.277023
v -0.010645 0.235194 0.276787
v -0.011357 0.235244 0.276592
v -0.012093 0.235276 0.276437
v -0.012852 0.235289 0.276323
v -0.013634 0.235284 0.276249
v -0.014439 0.235261 0.276216
v -0.015453 0.235211 0.276224
v -0.016417 0.235142 0.276281
v -0.017333 0.235056 0.276383
v -0.018199 0.234953 0.276529
v -0.019015 0.234837 0.276714
v -0.019781 0.234706 0.276936
v -0.020496 0.234564 0.277191
v -0.021160 0.234412 0.277478
v -0.021772 0.234249 0.277792
v -0.022332 0.234079 0.278131
v -0.022841 0.233902 0.278492
v -0.023296 0.233719 0.278871
v -0.023750 0.233504 0.279326
v -0.024145 0.233278 0.279813
v -0.024485 0.233041 0.280332
v -0.024774 0.232793 0.280883
v -0.025016 0.232533 0.281467
v -0.025213 0.232262 0.282082
v -0.025370 0.231980 0.282729
v -0.025490 0.231685 0.283407
v -0.025577 0.231379 0.284116
v -0.025635 0.231062 0.284856
v -0.025666 0.230732 0.285626
v -0.025676 0.230391 0.286426
v -0.025675 0.221772 0.306661
v -0.031101 0.221557 0.306570
v -0.031101 0.230546 0.285469
v 0.022439 0.223734 0.301892
v 0.022919 0.236439 0.271848
v 0.028333 0.236168 0.271735
v 0.027864 0.223520 0.301803
v 0.040929 0.223003 0.301588
v 0.040932 0.221123 0.306085
v 0.009879 0.222287 0.306883
v 0.009879 0.224198 0.302398
v 0.065460 0.219270 0.306244
v 0.062701 0.219834 0.305913
v 0.056251 0.220919 0.304861
v 0.053876 0.221453 0.303851
v 0.051738 0.222081 0.302588
v 0.049848 0.222793 0.301095
v 0.048217 0.223579 0.299396
v 0.046857 0.224430 0.297513
v 0.045779 0.225334 0.295469
v 0.044994 0.226283 0.293288
v 0.044514 0.227265 0.290991
v 0.044350 0.228271 0.288602
v 0.044506 0.229237 0.286272
v 0.044971 0.230164 0.284001
v 0.045738 0.231042 0.281817
v 0.046797 0.231858 0.279745
v 0.048140 0.232603 0.277811
v 0.049758 0.233267 0.276042
v 0.051643 0.233838 0.274465
v 0.053785 0.234306 0.273106
v 0.056177 0.234660 0.271991
v 0.058810 0.234889 0.271147
v 0.061674 0.234984 0.270600
v 0.068556 0.234233 0.270666
v 0.071488 0.233782 0.270677
v 0.074224 0.233216 0.271021
v 0.076751 0.232547 0.271676
v 0.079059 0.231788 0.272614
v 0.081137 0.230951 0.273813
v 0.082973 0.230050 0.275246
v 0.084557 0.229095 0.276889
v 0.085878 0.228101 0.278716
v 0.086848 0.227109 0.280664
v 0.086829 0.226393 0.282388
v 0.087303 0.225396 0.284637
v 0.087466 0.224405 0.286968
v 0.087308 0.223430 0.289356
v 0.086832 0.222523 0.291675
v 0.086052 0.221694 0.293900
v 0.084981 0.220950 0.296009
v 0.083631 0.220301 0.297975
v 0.082016 0.219753 0.299776
v 0.080148 0.219317 0.301387
v 0.078042 0.219000 0.302783
v 0.075709 0.218811 0.303941
v 0.073164 0.218757 0.304837
v 0.070762 0.218730 0.305627
v 0.068418 0.218818 0.306247
v 0.066415 0.232475 0.275473
v 0.060624 0.232986 0.275500
v 0.058782 0.232829 0.276080
v 0.057075 0.232585 0.276856
v 0.055516 0.232258 0.277814
v 0.054120 0.231852 0.278941
v 0.052900 0.231373 0.280223
v 0.051871 0.230826 0.281648
v 0.051047 0.230215 0.283202
v 0.050441 0.229545 0.284873
v 0.050068 0.228822 0.286646
v 0.049941 0.228049 0.288509
v 0.050071 0.227262 0.290379
v 0.050447 0.226505 0.292147
v 0.051055 0.225785 0.293801
v 0.051882 0.225108 0.295329
v 0.052914 0.224479 0.296719
v 0.054135 0.223904 0.297958
v 0.055534 0.223389 0.299035
v 0.057094 0.222939 0.299936
v 0.062662 0.221974 0.300996
v 0.064468 0.221506 0.301441
v 0.066393 0.221113 0.301670
v 0.068422 0.220802 0.301674
v 0.070438 0.220592 0.301449
v 0.072353 0.220491 0.301009
v 0.074151 0.220496 0.300368
v 0.074971 0.220923 0.299096
v 0.076459 0.221161 0.298076
v 0.077833 0.221472 0.296915
v 0.079033 0.221868 0.295602
v 0.080046 0.222345 0.294150
v 0.080858 0.222901 0.292572
v 0.081454 0.223530 0.290881
v 0.081820 0.224230 0.289091
v 0.082454 0.224820 0.287483
v 0.082696 0.225501 0.285830
v 0.082331 0.226310 0.284092
v 0.081737 0.227103 0.282474
v 0.080930 0.227871 0.280986
v 0.079922 0.228608 0.279641
v 0.078729 0.229306 0.278451
v 0.077364 0.229958 0.277429
v 0.075840 0.230556 0.276585
v 0.074173 0.231093 0.275933
v 0.072375 0.231562 0.275485
v 0.070461 0.231955 0.275252
v 0.068444 0.232264 0.275247
v 0.091012 0.229276 0.274202
v 0.091304 0.231107 0.269879
v 0.112643 0.228961 0.268418
v 0.114370 0.213745 0.303442
v 0.109081 0.214560 0.303789
v 0.107293 0.227663 0.273154
v 0.091012 0.229276 0.274202
v 0.090194 0.229333 0.274358
v 0.091304 0.231107 0.269879
v 0.090198 0.231273 0.269886
v 0.112643 0.228961 0.268418
v 0.111719 0.229038 0.268514
v 0.114370 0.213745 0.303442
v 0.113054 0.213964 0.303489
v 0.109081 0.214560 0.303789
v 0.107764 0.214780 0.303836
v 0.107293 0.227663 0.273154
v 0.106369 0.227739 0.273250
v 0.065460 0.219270 0.306244
v 0.064353 0.219436 0.306250
v 0.062701 0.219834 0.305913
v 0.061594 0.220000 0.305919
v 0.056251 0.220919 0.304861
v 0.055906 0.220913 0.304914
v 0.053876 0.221453 0.303851
v 0.053531 0.221447 0.303903
v 0.051738 0.222081 0.302588
v 0.051393 0.222075 0.302640
v 0.049848 0.222793 0.301095
v 0.049503 0.222787 0.301147
v 0.048217 0.223579 0.299396
v 0.047872 0.223574 0.299448
v 0.046857 0.224430 0.297513
v 0.046512 0.224424 0.297565
v 0.045779 0.225334 0.295469
v 0.045434 0.225329 0.295522
v 0.044994 0.226283 0.293288
v 0.044649 0.226277 0.293340
v 0.044514 0.227265 0.290991
v 0.044169 0.227259 0.291043
v 0.044350 0.228271 0.288602
v 0.044005 0.228265 0.288654
v 0.044506 0.229237 0.286272
v 0.044161 0.229232 0.286324
v 0.044971 0.230164 0.284001
v 0.044626 0.230159 0.284054
v 0.045738 0.231042 0.281817
v 0.045393 0.231036 0.281869
v 0.046797 0.231858 0.279745
v 0.046452 0.231852 0.279797
v 0.048140 0.232603 0.277811
v 0.047795 0.232598 0.277863
v 0.049758 0.233267 0.276042
v 0.049413 0.233261 0.276094
v 0.051643 0.233838 0.274465
v 0.051297 0.233832 0.274517
v 0.053785 0.234306 0.273106
v 0.053440 0.234300 0.273158
v 0.056177 0.234660 0.271991
v 0.055832 0.234654 0.272043
v 0.058810 0.234889 0.271147
v 0.058464 0.234884 0.271199
v 0.061674 0.234984 0.270600
v 0.061329 0.234978 0.270652
v 0.068556 0.234233 0.270666
v 0.067450 0.234399 0.270673
v 0.071488 0.233782 0.270677
v 0.070382 0.233948 0.270683
v 0.074224 0.233216 0.271021
v 0.073117 0.233382 0.271028
v 0.076751 0.232547 0.271676
v 0.075644 0.232713 0.271682
v 0.079059 0.231788 0.272614
v 0.077952 0.231954 0.272621
v 0.081137 0.230951 0.273813
v 0.080030 0.231117 0.273819
v 0.082973 0.230050 0.275246
v 0.081867 0.230216 0.275252
v 0.084557 0.229095 0.276889
v 0.083451 0.229262 0.276895
v 0.085878 0.228101 0.278716
v 0.084771 0.228267 0.278723
v 0.086848 0.227109 0.280664
v 0.085817 0.227246 0.280710
v 0.086829 0.226393 0.282388
v 0.085905 0.226469 0.282484
v 0.087303 0.225396 0.284637
v 0.086379 0.225473 0.284733
v 0.087466 0.224405 0.286968
v 0.086542 0.224481 0.287064
v 0.087308 0.223430 0.289356
v 0.086384 0.223506 0.289452
v 0.086832 0.222523 0.291675
v 0.085908 0.222600 0.291771
v 0.086052 0.221694 0.293900
v 0.085128 0.221770 0.293996
v 0.084981 0.220950 0.296009
v 0.084057 0.221027 0.296104
v 0.083631 0.220301 0.297975
v 0.082707 0.220377 0.298071
v 0.082016 0.219753 0.299776
v 0.081092 0.219830 0.299872
v 0.080148 0.219317 0.301387
v 0.079224 0.219393 0.301482
v 0.078042 0.219000 0.302783
v 0.077118 0.219076 0.302879
v 0.075709 0.218811 0.303941
v 0.074785 0.218887 0.304037
v 0.073164 0.218757 0.304837
v 0.072240 0.218834 0.304933
v 0.070762 0.218730 0.305627
v 0.070223 0.218681 0.305928
v 0.068418 0.218818 0.306247
v 0.067311 0.218984 0.306254
v 0.066415 0.232475 0.275473
v 0.062241 0.233044 0.275180
v 0.060624 0.232986 0.275500
v 0.060279 0.232980 0.275552
v 0.058782 0.232829 0.276080
v 0.058437 0.232824 0.276133
v 0.057075 0.232585 0.276856
v 0.056730 0.232579 0.276908
v 0.055516 0.232258 0.277814
v 0.055171 0.232252 0.277866
v 0.054120 0.231852 0.278941
v 0.053775 0.231847 0.278993
v 0.052900 0.231373 0.280223
v 0.052555 0.231368 0.280275
v 0.051871 0.230826 0.281648
v 0.051526 0.230820 0.281700
v 0.051047 0.230215 0.283202
v 0.050701 0.230209 0.283255
v 0.050441 0.229545 0.284873
v 0.050096 0.229540 0.284925
v 0.050068 0.228822 0.286646
v 0.049723 0.228816 0.286698
v 0.049941 0.228049 0.288509
v 0.049596 0.228043 0.288561
v 0.050071 0.227262 0.290379
v 0.049726 0.227256 0.290431
v 0.050447 0.226505 0.292147
v 0.050102 0.226499 0.292199
v 0.051055 0.225785 0.293801
v 0.050710 0.225780 0.293853
v 0.051882 0.225108 0.295329
v 0.051537 0.225102 0.295381
v 0.052914 0.224479 0.296719
v 0.052569 0.224473 0.296771
v 0.054135 0.223904 0.297958
v 0.053790 0.223898 0.298010
v 0.055534 0.223389 0.299035
v 0.055188 0.223383 0.299087
v 0.057094 0.222939 0.299936
v 0.056749 0.222933 0.299989
v 0.062662 0.221974 0.300996
v 0.058457 0.222554 0.300703
v 0.064468 0.221506 0.301441
v 0.063362 0.221672 0.301447
v 0.066393 0.221113 0.301670
v 0.065286 0.221279 0.301677
v 0.068422 0.220802 0.301674
v 0.067315 0.220968 0.301680
v 0.070438 0.220592 0.301449
v 0.069332 0.220758 0.301455
v 0.072353 0.220491 0.301009
v 0.071247 0.220657 0.301016
v 0.074151 0.220496 0.300368
v 0.073045 0.220661 0.300374
v 0.074971 0.220923 0.299096
v 0.074690 0.220776 0.299531
v 0.076459 0.221161 0.298076
v 0.075558 0.221229 0.298184
v 0.077833 0.221472 0.296915
v 0.076909 0.221548 0.297011
v 0.079033 0.221868 0.295602
v 0.078109 0.221944 0.295698
v 0.080046 0.222345 0.294150
v 0.079122 0.222422 0.294246
v 0.080858 0.222901 0.292572
v 0.079934 0.222977 0.292668
v 0.081454 0.223530 0.290881
v 0.080530 0.223607 0.290977
v 0.081820 0.224230 0.289091
v 0.081239 0.224188 0.289368
v 0.082454 0.224820 0.287483
v 0.081714 0.224848 0.287680
v 0.082696 0.225501 0.285830
v 0.081590 0.225667 0.285836
v 0.082331 0.226310 0.284092
v 0.081224 0.226476 0.284099
v 0.081737 0.227103 0.282474
v 0.080630 0.227269 0.282480
v 0.080930 0.227871 0.280986
v 0.079823 0.228037 0.280992
v 0.079922 0.228608 0.279641
v 0.078816 0.228774 0.279647
v 0.078729 0.229306 0.278451
v 0.077623 0.229472 0.278458
v 0.077364 0.229958 0.277429
v 0.076257 0.230124 0.277435
v 0.075840 0.230556 0.276585
v 0.074734 0.230722 0.276591
v 0.074173 0.231093 0.275933
v 0.073066 0.231259 0.275939
v 0.072375 0.231562 0.275485
v 0.071268 0.231728 0.275491
v 0.070461 0.231955 0.275252
v 0.069354 0.232120 0.275258
v 0.068444 0.232264 0.275247
v 0.067338 0.232430 0.275253
v 0.022439 0.223734 0.301892
v 0.022094 0.223729 0.301945
v 0.022919 0.236439 0.271848
v 0.022481 0.236463 0.271853
v 0.028333 0.236168 0.271735
v 0.027895 0.236191 0.271740
v 0.027864 0.223520 0.301803
v 0.027519 0.223514 0.301855
v 0.040929 0.223003 0.301588
v 0.040583 0.222997 0.301640
v 0.040932 0.221123 0.306085
v 0.040587 0.221117 0.306137
v 0.009879 0.222287 0.306883
v 0.009441 0.222311 0.306888
v 0.009879 0.224198 0.302398
v 0.009441 0.224222 0.302402
v -0.030986 0.231430 0.283405
v -0.030640 0.231446 0.283406
v -0.030639 0.232268 0.281475
v -0.030294 0.232284 0.281476
v -0.030061 0.233055 0.279689
v -0.029715 0.233071 0.279690
v -0.029250 0.233789 0.278056
v -0.028905 0.233804 0.278057
v -0.028206 0.234463 0.276585
v -0.027861 0.234479 0.276587
v -0.026929 0.235076 0.275287
v -0.026583 0.235091 0.275288
v -0.025418 0.235622 0.274170
v -0.025072 0.235637 0.274171
v -0.023671 0.236098 0.273243
v -0.023326 0.236113 0.273244
v -0.021690 0.236499 0.272516
v -0.021344 0.236515 0.272518
v -0.019473 0.236823 0.271999
v -0.019127 0.236838 0.272000
v -0.017019 0.237064 0.271700
v -0.016673 0.237079 0.271702
v -0.014328 0.237219 0.271630
v -0.013983 0.237234 0.271631
v -0.012344 0.237260 0.271750
v -0.011999 0.237275 0.271751
v -0.010396 0.237224 0.272045
v -0.010050 0.237240 0.272047
v -0.008509 0.237110 0.272520
v -0.008163 0.237125 0.272522
v -0.006709 0.236913 0.273179
v -0.006364 0.236928 0.273180
v -0.005024 0.236631 0.274024
v -0.004678 0.236647 0.274025
v -0.003478 0.236262 0.275061
v -0.003132 0.236277 0.275062
v -0.002098 0.235801 0.276292
v -0.001753 0.235817 0.276293
v 0.003271 0.235120 0.277668
v 0.002833 0.235144 0.277673
v 0.004238 0.234383 0.279264
v 0.003800 0.234407 0.279269
v 0.004961 0.233570 0.281075
v 0.004523 0.233594 0.281080
v 0.005414 0.232678 0.283106
v 0.004976 0.232702 0.283111
v 0.005571 0.231708 0.285362
v 0.005132 0.231732 0.285367
v 0.005570 0.222503 0.306973
v 0.005132 0.222527 0.306978
v -0.004031 0.222623 0.307022
v -0.003685 0.222639 0.307023
v -0.004031 0.231373 0.286482
v -0.003686 0.231388 0.286483
v -0.004043 0.231770 0.285547
v -0.003698 0.231786 0.285548
v -0.004080 0.232130 0.284699
v -0.003735 0.232145 0.284701
v -0.004145 0.232454 0.283931
v -0.003799 0.232469 0.283933
v -0.004238 0.232746 0.283235
v -0.003893 0.232761 0.283236
v -0.004364 0.233009 0.282603
v -0.004018 0.233025 0.282604
v -0.004523 0.233247 0.282026
v -0.004177 0.233263 0.282028
v -0.004717 0.233463 0.281498
v -0.004372 0.233479 0.281500
v -0.004950 0.233660 0.281011
v -0.004604 0.233675 0.281012
v -0.005223 0.233841 0.280556
v -0.004877 0.233856 0.280557
v -0.005537 0.234010 0.280125
v -0.005192 0.234025 0.280127
v -0.005896 0.234169 0.279712
v -0.005550 0.234184 0.279713
v -0.006301 0.234322 0.279308
v -0.005956 0.234338 0.279309
v -0.006852 0.234503 0.278823
v -0.006507 0.234519 0.278824
v -0.007427 0.234665 0.278380
v -0.007081 0.234681 0.278381
v -0.008024 0.234808 0.277979
v -0.007679 0.234824 0.277980
v -0.008645 0.234933 0.277619
v -0.008299 0.234948 0.277620
v -0.009288 0.235039 0.277301
v -0.008943 0.235054 0.277302
v -0.009955 0.235126 0.277023
v -0.009609 0.235141 0.277025
v -0.010645 0.235194 0.276787
v -0.010299 0.235210 0.276789
v -0.011357 0.235244 0.276592
v -0.011012 0.235260 0.276593
v -0.012093 0.235276 0.276437
v -0.011747 0.235291 0.276439
v -0.012852 0.235289 0.276323
v -0.012506 0.235305 0.276325
v -0.013634 0.235284 0.276249
v -0.013288 0.235300 0.276251
v -0.014439 0.235261 0.276216
v -0.014093 0.235277 0.276217
v -0.015453 0.235211 0.276224
v -0.015107 0.235226 0.276225
v -0.016417 0.235142 0.276281
v -0.016072 0.235157 0.276282
v -0.017333 0.235056 0.276383
v -0.016987 0.235071 0.276385
v -0.018199 0.234953 0.276529
v -0.017853 0.234969 0.276530
v -0.019015 0.234837 0.276714
v -0.018670 0.234852 0.276715
v -0.019781 0.234706 0.276936
v -0.019435 0.234722 0.276937
v -0.020496 0.234564 0.277191
v -0.020150 0.234580 0.277193
v -0.021160 0.234412 0.277478
v -0.020814 0.234427 0.277479
v -0.021772 0.234249 0.277792
v -0.021426 0.234265 0.277793
v -0.022332 0.234079 0.278131
v -0.021987 0.234094 0.278132
v -0.022841 0.233902 0.278492
v -0.022495 0.233917 0.278493
v -0.023296 0.233719 0.278871
v -0.022950 0.233734 0.278873
v -0.023750 0.233504 0.279326
v -0.023404 0.233520 0.279327
v -0.024145 0.233278 0.279813
v -0.023799 0.233294 0.279814
v -0.024485 0.233041 0.280332
v -0.024140 0.233057 0.280333
v -0.024774 0.232793 0.280883
v -0.024429 0.232809 0.280885
v -0.025016 0.232533 0.281467
v -0.024670 0.232549 0.281468
v -0.025213 0.232262 0.282082
v -0.024867 0.232278 0.282084
v -0.025370 0.231980 0.282729
v -0.025024 0.231995 0.282730
v -0.025490 0.231685 0.283407
v -0.025144 0.231701 0.283408
v -0.025577 0.231379 0.284116
v -0.025231 0.231395 0.284117
v -0.025635 0.231062 0.284856
v -0.025289 0.231077 0.284857
v -0.025666 0.230732 0.285626
v -0.025321 0.230748 0.285627
v -0.025676 0.230391 0.286426
v -0.025331 0.230406 0.286428
v -0.025675 0.221772 0.306661
v -0.025330 0.221787 0.306662
v -0.031101 0.221557 0.306570
v -0.030755 0.221573 0.306571
v -0.031101 0.230546 0.285469
v -0.030756 0.230561 0.285470
v -0.056161 0.223467 0.298908
v -0.055723 0.223475 0.298952
v -0.055369 0.223262 0.299507
v -0.054931 0.223270 0.299551
v -0.054585 0.223089 0.300031
v -0.054146 0.223097 0.300075
v -0.053810 0.222945 0.300484
v -0.053371 0.222953 0.300528
v -0.053045 0.222828 0.300870
v -0.052607 0.222836 0.300914
v -0.052293 0.222737 0.301194
v -0.051854 0.222745 0.301237
v -0.051555 0.222670 0.301458
v -0.051116 0.222677 0.301502
v -0.050831 0.222624 0.301668
v -0.050393 0.222632 0.301711
v -0.050125 0.222600 0.301827
v -0.049686 0.222607 0.301870
v -0.049437 0.222593 0.301939
v -0.048998 0.222601 0.301983
v -0.048769 0.222604 0.302009
v -0.048330 0.222611 0.302053
v -0.048123 0.222629 0.302040
v -0.047684 0.222637 0.302084
v -0.047274 0.222686 0.302023
v -0.046835 0.222694 0.302067
v -0.046472 0.222770 0.301939
v -0.046033 0.222777 0.301982
v -0.045722 0.222877 0.301789
v -0.045283 0.222885 0.301832
v -0.045028 0.223007 0.301577
v -0.044590 0.223015 0.301620
v -0.044397 0.223158 0.301307
v -0.043958 0.223166 0.301350
v -0.043833 0.223328 0.300981
v -0.043395 0.223336 0.301024
v -0.043342 0.223516 0.300602
v -0.042903 0.223524 0.300645
v -0.042928 0.223721 0.300174
v -0.042489 0.223728 0.300217
v -0.042597 0.223940 0.299699
v -0.041772 0.223897 0.299908
v -0.042354 0.224172 0.299181
v -0.041529 0.224129 0.299391
v -0.042204 0.224415 0.298623
v -0.041766 0.224423 0.298667
v -0.042153 0.224668 0.298028
v -0.041714 0.224676 0.298071
v -0.042473 0.225299 0.296480
v -0.042034 0.225307 0.296523
v -0.043358 0.225809 0.295141
v -0.042920 0.225817 0.295184
v -0.044697 0.226229 0.293950
v -0.044258 0.226237 0.293993
v -0.046375 0.226592 0.292848
v -0.045936 0.226600 0.292891
v -0.048280 0.226930 0.291775
v -0.047841 0.226938 0.291818
v -0.050297 0.227274 0.290670
v -0.049858 0.227282 0.290713
v -0.052315 0.227657 0.289474
v -0.051876 0.227665 0.289517
v -0.054219 0.228110 0.288126
v -0.053780 0.228117 0.288169
v -0.055897 0.228665 0.286566
v -0.055458 0.228672 0.286610
v -0.057235 0.229354 0.284735
v -0.056796 0.229362 0.284779
v -0.058120 0.230209 0.282572
v -0.057681 0.230217 0.282615
v -0.058439 0.231263 0.280017
v -0.058000 0.231270 0.280061
v -0.058346 0.231827 0.278685
v -0.057908 0.231835 0.278729
v -0.058078 0.232371 0.277427
v -0.057639 0.232379 0.277471
v -0.057642 0.232890 0.276252
v -0.057203 0.232898 0.276295
v -0.057050 0.233380 0.275168
v -0.056612 0.233388 0.275211
v -0.056312 0.233838 0.274183
v -0.055873 0.233845 0.274226
v -0.055437 0.234258 0.273306
v -0.054998 0.234265 0.273349
v -0.054436 0.234636 0.272546
v -0.053997 0.234644 0.272589
v -0.053318 0.234969 0.271910
v -0.052879 0.234977 0.271954
v -0.052093 0.235252 0.271408
v -0.051655 0.235260 0.271452
v -0.050772 0.235482 0.271048
v -0.050334 0.235490 0.271092
v -0.049365 0.235653 0.270839
v -0.048926 0.235661 0.270882
v -0.047880 0.235762 0.270788
v -0.047442 0.235770 0.270832
v -0.046874 0.235804 0.270830
v -0.046435 0.235812 0.270874
v -0.045898 0.235827 0.270915
v -0.045459 0.235834 0.270959
v -0.044950 0.235829 0.271043
v -0.044511 0.235837 0.271086
v -0.044028 0.235812 0.271214
v -0.043589 0.235820 0.271258
v -0.043129 0.235775 0.271430
v -0.042691 0.235782 0.271474
v -0.042253 0.235717 0.271691
v -0.041814 0.235725 0.271734
v -0.041396 0.235640 0.271996
v -0.040957 0.235647 0.272040
v -0.040556 0.235542 0.272348
v -0.040117 0.235550 0.272391
v -0.039732 0.235424 0.272746
v -0.039293 0.235431 0.272790
v -0.038921 0.235285 0.273191
v -0.038482 0.235292 0.273235
v -0.038121 0.235125 0.273684
v -0.037682 0.235133 0.273728
v -0.037330 0.234945 0.274225
v -0.036892 0.234953 0.274269
v -0.037335 0.232287 0.280559
v -0.036896 0.232295 0.280602
v -0.038039 0.232581 0.279758
v -0.037601 0.232589 0.279801
v -0.038772 0.232848 0.279019
v -0.038334 0.232856 0.279063
v -0.039532 0.233086 0.278344
v -0.039093 0.233094 0.278387
v -0.040316 0.233296 0.277733
v -0.039877 0.233304 0.277776
v -0.041124 0.233477 0.277188
v -0.040685 0.233485 0.277231
v -0.041952 0.233629 0.276709
v -0.041513 0.233637 0.276752
v -0.042801 0.233752 0.276298
v -0.042362 0.233759 0.276341
v -0.043667 0.233844 0.275955
v -0.043228 0.233852 0.275999
v -0.044549 0.233906 0.275683
v -0.044110 0.233914 0.275726
v -0.045446 0.233937 0.275481
v -0.045007 0.233945 0.275524
v -0.046355 0.233938 0.275352
v -0.045917 0.233946 0.275395
v -0.047276 0.233907 0.275295
v -0.046837 0.233915 0.275339
v -0.048278 0.233835 0.275324
v -0.047840 0.233843 0.275367
v -0.049188 0.233730 0.275446
v -0.048749 0.233738 0.275490
v -0.050006 0.233595 0.275652
v -0.049567 0.233603 0.275695
v -0.050732 0.233435 0.275931
v -0.050293 0.233443 0.275974
v -0.051369 0.233254 0.276273
v -0.050930 0.233262 0.276316
v -0.051917 0.233056 0.276667
v -0.051479 0.233064 0.276711
v -0.052378 0.232845 0.277104
v -0.051940 0.232853 0.277147
v -0.052753 0.232626 0.277573
v -0.052314 0.232634 0.277616
v -0.053042 0.232403 0.278063
v -0.052604 0.232411 0.278106
v -0.053248 0.232181 0.278564
v -0.052809 0.232188 0.278608
v -0.053370 0.231962 0.279067
v -0.052932 0.231970 0.279110
v -0.053411 0.231753 0.279560
v -0.052972 0.231761 0.279604
v -0.053092 0.231066 0.281243
v -0.052653 0.231073 0.281286
v -0.052206 0.230496 0.282724
v -0.051767 0.230504 0.282768
v -0.050868 0.230018 0.284054
v -0.050429 0.230026 0.284097
v -0.049190 0.229602 0.285282
v -0.048751 0.229610 0.285325
v -0.047285 0.229221 0.286458
v -0.046846 0.229229 0.286502
v -0.045268 0.228847 0.287634
v -0.044829 0.228855 0.287677
v -0.043250 0.228453 0.288858
v -0.042811 0.228461 0.288901
v -0.041346 0.228010 0.290181
v -0.040907 0.228018 0.290225
v -0.039668 0.227491 0.291654
v -0.039229 0.227499 0.291698
v -0.037846 0.226797 0.293530
v -0.037501 0.226813 0.293531
v -0.036958 0.226024 0.295444
v -0.036612 0.226039 0.295446
v -0.036637 0.225095 0.297659
v -0.036291 0.225110 0.297661
v -0.036730 0.224507 0.299029
v -0.036384 0.224523 0.299030
v -0.037005 0.223951 0.300305
v -0.036659 0.223966 0.300306
v -0.037454 0.223428 0.301482
v -0.037108 0.223444 0.301483
v -0.038070 0.222942 0.302555
v -0.037724 0.222958 0.302556
v -0.038844 0.222496 0.303518
v -0.038499 0.222511 0.303519
v -0.039771 0.222091 0.304366
v -0.039425 0.222107 0.304368
v -0.040842 0.221731 0.305094
v -0.040496 0.221746 0.305096
v -0.042049 0.221418 0.305697
v -0.041703 0.221433 0.305698
v -0.043385 0.221154 0.306168
v -0.043040 0.221170 0.306170
v -0.044844 0.220943 0.306503
v -0.044498 0.220959 0.306504
v -0.046892 0.220835 0.306486
v -0.046453 0.220843 0.306529
v -0.048567 0.220719 0.306525
v -0.048129 0.220727 0.306569
v -0.049286 0.220690 0.306493
v -0.048847 0.220698 0.306537
v -0.050003 0.220675 0.306427
v -0.049564 0.220683 0.306471
v -0.050719 0.220674 0.306327
v -0.050280 0.220682 0.306371
v -0.051432 0.220688 0.306193
v -0.050993 0.220696 0.306237
v -0.052142 0.220717 0.306025
v -0.051703 0.220725 0.306069
v -0.052849 0.220760 0.305823
v -0.052410 0.220767 0.305867
v -0.053550 0.220817 0.305587
v -0.053112 0.220825 0.305631
v -0.054247 0.220889 0.305317
v -0.053808 0.220897 0.305361
v -0.054937 0.220976 0.305014
v -0.054498 0.220984 0.305057
v -0.055620 0.221077 0.304676
v -0.055182 0.221085 0.304719
v -0.056296 0.221193 0.304304
v -0.055857 0.221201 0.304348
v -0.056963 0.221323 0.303899
v -0.056525 0.221331 0.303942
v -0.056959 0.223704 0.298230
v -0.056521 0.223712 0.298274
v -0.066228 0.234421 0.271144
v -0.063353 0.234772 0.270960
v -0.066227 0.224600 0.293992
v -0.065302 0.224711 0.294005
v -0.071094 0.224080 0.293770
v -0.070169 0.224191 0.293782
v -0.071096 0.233901 0.270921
v -0.070170 0.234013 0.270934
v -0.068298 0.222552 0.298146
v -0.067372 0.222663 0.298159
v -0.067923 0.222561 0.298236
v -0.066997 0.222672 0.298248
v -0.067566 0.222548 0.298368
v -0.066640 0.222660 0.298381
v -0.067232 0.222517 0.298541
v -0.066306 0.222628 0.298554
v -0.066923 0.222466 0.298750
v -0.065997 0.222577 0.298763
v -0.066644 0.222397 0.298992
v -0.065718 0.222509 0.299004
v -0.066398 0.222312 0.299263
v -0.065472 0.222423 0.299275
v -0.066188 0.222211 0.299559
v -0.065263 0.222322 0.299572
v -0.066019 0.222095 0.299878
v -0.065094 0.222206 0.299891
v -0.065894 0.221966 0.300216
v -0.064968 0.222077 0.300228
v -0.065816 0.221824 0.300568
v -0.064890 0.221935 0.300581
v -0.065789 0.221670 0.300933
v -0.064864 0.221782 0.300945
v -0.065816 0.221511 0.301294
v -0.064890 0.221623 0.301307
v -0.065894 0.221353 0.301640
v -0.064968 0.221465 0.301653
v -0.066019 0.221197 0.301966
v -0.065093 0.221309 0.301979
v -0.066188 0.221045 0.302269
v -0.065263 0.221157 0.302282
v -0.066398 0.220899 0.302547
v -0.065472 0.221011 0.302559
v -0.066644 0.220761 0.302795
v -0.065718 0.220873 0.302808
v -0.066923 0.220633 0.303012
v -0.065997 0.220745 0.303024
v -0.067231 0.220516 0.303192
v -0.066306 0.220628 0.303205
v -0.067566 0.220413 0.303334
v -0.066640 0.220525 0.303347
v -0.067922 0.220325 0.303435
v -0.066997 0.220436 0.303447
v -0.068297 0.220254 0.303490
v -0.067372 0.220365 0.303503
v -0.068688 0.220201 0.303497
v -0.067762 0.220313 0.303510
v -0.069078 0.220170 0.303454
v -0.068152 0.220282 0.303467
v -0.069453 0.220161 0.303365
v -0.068527 0.220273 0.303377
v -0.069810 0.220173 0.303232
v -0.068884 0.220285 0.303244
v -0.070144 0.220205 0.303059
v -0.069218 0.220317 0.303072
v -0.070452 0.220256 0.302850
v -0.069527 0.220368 0.302863
v -0.070732 0.220325 0.302608
v -0.069806 0.220436 0.302621
v -0.070978 0.220410 0.302337
v -0.070052 0.220522 0.302350
v -0.071187 0.220511 0.302041
v -0.070262 0.220623 0.302053
v -0.071356 0.220627 0.301722
v -0.070431 0.220739 0.301735
v -0.071482 0.220756 0.301384
v -0.070556 0.220868 0.301397
v -0.071559 0.220898 0.301032
v -0.070634 0.221010 0.301044
v -0.071586 0.221051 0.300668
v -0.070661 0.221163 0.300680
v -0.071559 0.221210 0.300306
v -0.070634 0.221322 0.300318
v -0.071482 0.221369 0.299960
v -0.070556 0.221480 0.299973
v -0.071356 0.221525 0.299634
v -0.070431 0.221636 0.299647
v -0.071187 0.221677 0.299331
v -0.070262 0.221788 0.299343
v -0.070978 0.221823 0.299053
v -0.070052 0.221934 0.299066
v -0.070732 0.221960 0.298805
v -0.069806 0.222072 0.298817
v -0.070453 0.222089 0.298589
v -0.069527 0.222200 0.298601
v -0.070144 0.222205 0.298408
v -0.069219 0.222317 0.298421
v -0.069810 0.222309 0.298266
v -0.068884 0.222421 0.298278
v -0.069453 0.222397 0.298166
v -0.068528 0.222509 0.298178
v -0.069078 0.222468 0.298110
v -0.068153 0.222580 0.298123
v -0.068688 0.222521 0.298103
v -0.067762 0.222632 0.298116
v -0.082743 0.224126 0.290234
v -0.081818 0.224238 0.290247
v -0.083369 0.223818 0.290765
v -0.082443 0.223930 0.290778
v -0.083988 0.223533 0.291246
v -0.083062 0.223645 0.291259
v -0.084601 0.223270 0.291677
v -0.083675 0.223382 0.291690
v -0.085208 0.223029 0.292059
v -0.084282 0.223141 0.292072
v -0.085810 0.222810 0.292391
v -0.084884 0.222922 0.292404
v -0.086407 0.222613 0.292674
v -0.085481 0.222724 0.292687
v -0.087000 0.222437 0.292909
v -0.086074 0.222549 0.292922
v -0.087588 0.222282 0.293096
v -0.086662 0.222394 0.293108
v -0.088172 0.222148 0.293234
v -0.087247 0.222260 0.293247
v -0.088753 0.222036 0.293326
v -0.087828 0.222147 0.293338
v -0.089332 0.221943 0.293369
v -0.088406 0.222055 0.293382
v -0.089907 0.221872 0.293366
v -0.088981 0.221984 0.293379
v -0.090675 0.221802 0.293302
v -0.089749 0.221914 0.293314
v -0.091418 0.221761 0.293179
v -0.090493 0.221873 0.293192
v -0.092136 0.221747 0.292999
v -0.091211 0.221859 0.293012
v -0.093690 0.221734 0.292537
v -0.091902 0.221873 0.292776
v -0.094348 0.221760 0.292240
v -0.092565 0.221915 0.292484
v -0.094977 0.221814 0.291887
v -0.093868 0.221953 0.291957
v -0.095575 0.221895 0.291479
v -0.094466 0.222035 0.291549
v -0.096142 0.222004 0.291018
v -0.095032 0.222144 0.291088
v -0.096675 0.222141 0.290502
v -0.095566 0.222281 0.290573
v -0.097173 0.222306 0.289934
v -0.096064 0.222445 0.290005
v -0.097636 0.222498 0.289314
v -0.096527 0.222637 0.289384
v -0.098061 0.222718 0.288642
v -0.096952 0.222857 0.288712
v -0.098600 0.222414 0.289166
v -0.097491 0.222553 0.289236
v -0.099159 0.222116 0.289668
v -0.098050 0.222255 0.289738
v -0.099740 0.221826 0.290144
v -0.098631 0.221965 0.290214
v -0.100343 0.221546 0.290588
v -0.099234 0.221685 0.290658
v -0.100972 0.221278 0.290994
v -0.099863 0.221417 0.291064
v -0.101627 0.221024 0.291357
v -0.100517 0.221163 0.291427
v -0.102310 0.220786 0.291672
v -0.101201 0.220926 0.291742
v -0.103023 0.220567 0.291934
v -0.101914 0.220706 0.292004
v -0.103767 0.220368 0.292136
v -0.102658 0.220507 0.292206
v -0.104545 0.220191 0.292274
v -0.103436 0.220330 0.292344
v -0.105358 0.220038 0.292342
v -0.104249 0.220177 0.292412
v -0.106208 0.219911 0.292334
v -0.105099 0.220051 0.292405
v -0.107405 0.219787 0.292197
v -0.106296 0.219926 0.292267
v -0.108522 0.219733 0.291920
v -0.107413 0.219873 0.291991
v -0.111095 0.219360 0.291768
v -0.108446 0.219888 0.291582
v -0.112026 0.219410 0.291219
v -0.109390 0.219970 0.291048
v -0.112865 0.219530 0.290553
v -0.111410 0.219813 0.290585
v -0.113608 0.219718 0.289775
v -0.112153 0.220001 0.289808
v -0.114250 0.219973 0.288893
v -0.112794 0.220256 0.288926
v -0.114785 0.220292 0.287912
v -0.113330 0.220575 0.287945
v -0.115210 0.220674 0.286840
v -0.113755 0.220957 0.286872
v -0.115520 0.221117 0.285681
v -0.114065 0.221400 0.285714
v -0.115710 0.221620 0.284444
v -0.114255 0.221902 0.284476
v -0.115775 0.222179 0.283133
v -0.114320 0.222461 0.283166
v -0.114273 0.228756 0.268545
v -0.113164 0.228895 0.268615
v -0.109442 0.229383 0.268805
v -0.108333 0.229522 0.268875
v -0.109456 0.223378 0.282981
v -0.108347 0.223517 0.283051
v -0.109410 0.223030 0.283817
v -0.108301 0.223170 0.283887
v -0.109276 0.222723 0.284591
v -0.108167 0.222862 0.284662
v -0.109059 0.222455 0.285302
v -0.107950 0.222595 0.285372
v -0.108765 0.222226 0.285947
v -0.107656 0.222366 0.286018
v -0.108401 0.222037 0.286527
v -0.107292 0.222176 0.286597
v -0.107974 0.221885 0.287038
v -0.106865 0.222025 0.287108
v -0.107488 0.221772 0.287481
v -0.106379 0.221911 0.287551
v -0.106951 0.221696 0.287852
v -0.105842 0.221836 0.287923
v -0.106369 0.221658 0.288152
v -0.105260 0.221797 0.288223
v -0.105748 0.221657 0.288379
v -0.104639 0.221796 0.288449
v -0.105094 0.221692 0.288531
v -0.103985 0.221832 0.288601
v -0.104413 0.221764 0.288607
v -0.103304 0.221904 0.288677
v -0.104008 0.221823 0.288614
v -0.102899 0.221962 0.288684
v -0.103585 0.221906 0.288570
v -0.102476 0.222045 0.288641
v -0.103145 0.222012 0.288479
v -0.102036 0.222151 0.288549
v -0.102691 0.222139 0.288342
v -0.101582 0.222278 0.288412
v -0.102229 0.222285 0.288164
v -0.101119 0.222424 0.288234
v -0.101759 0.222449 0.287946
v -0.100650 0.222588 0.288016
v -0.101286 0.222628 0.287693
v -0.100177 0.222768 0.287763
v -0.100813 0.222822 0.287406
v -0.099704 0.222961 0.287477
v -0.100342 0.223027 0.287090
v -0.099233 0.223167 0.287160
v -0.099878 0.223243 0.286747
v -0.098769 0.223383 0.286817
v -0.099424 0.223468 0.286380
v -0.098315 0.223608 0.286450
v -0.098982 0.223700 0.285992
v -0.097873 0.223839 0.286062
v -0.098965 0.230742 0.269368
v -0.097856 0.230881 0.269439
v -0.094134 0.231368 0.269628
v -0.093025 0.231508 0.269698
v -0.094148 0.225342 0.283855
v -0.093039 0.225481 0.283925
v -0.094108 0.224972 0.284744
v -0.092999 0.225111 0.284814
v -0.093990 0.224649 0.285549
v -0.092881 0.224788 0.285619
v -0.093799 0.224371 0.286273
v -0.092690 0.224510 0.286343
v -0.093542 0.224137 0.286917
v -0.092433 0.224277 0.286987
v -0.093223 0.223946 0.287483
v -0.091437 0.224102 0.287729
v -0.092849 0.223796 0.287973
v -0.091060 0.223941 0.288214
v -0.091558 0.223707 0.288612
v -0.090632 0.223819 0.288625
v -0.091086 0.223622 0.288949
v -0.090160 0.223733 0.288962
v -0.090575 0.223572 0.289215
v -0.089650 0.223684 0.289227
v -0.090032 0.223557 0.289410
v -0.089106 0.223669 0.289423
v -0.089461 0.223575 0.289537
v -0.088535 0.223687 0.289550
v -0.088868 0.223624 0.289598
v -0.087943 0.223736 0.289610
v -0.088269 0.223695 0.289610
v -0.087344 0.223806 0.289622
v -0.087700 0.223776 0.289588
v -0.086775 0.223888 0.289601
v -0.087157 0.223869 0.289530
v -0.086232 0.223981 0.289543
v -0.086636 0.223977 0.289434
v -0.085711 0.224089 0.289447
v -0.086132 0.224100 0.289297
v -0.085207 0.224212 0.289309
v -0.085642 0.224240 0.289116
v -0.084716 0.224352 0.289128
v -0.085160 0.224398 0.288889
v -0.084235 0.224510 0.288901
v -0.084684 0.224577 0.288613
v -0.083758 0.224689 0.288626
v -0.084208 0.224778 0.288287
v -0.083282 0.224889 0.288300
v -0.083729 0.225002 0.287907
v -0.082803 0.225113 0.287920
v -0.083242 0.225251 0.287472
v -0.082316 0.225362 0.287484
v -0.082743 0.225526 0.286978
v -0.081818 0.225638 0.286990
v -0.082744 0.232657 0.270388
v -0.081819 0.232768 0.270401
v -0.077877 0.233177 0.270611
v -0.076951 0.233288 0.270623
v -0.077876 0.223355 0.293459
v -0.076950 0.223467 0.293472
v -0.082743 0.222835 0.293237
v -0.081817 0.222947 0.293249
v -0.224238 -0.081818 0.290247
v -0.223930 -0.082443 0.290778
v -0.223645 -0.083062 0.291259
v -0.223382 -0.083675 0.291690
v -0.223141 -0.084282 0.292072
v -0.222922 -0.084884 0.292404
v -0.222724 -0.085481 0.292687
v -0.222548 -0.086074 0.292922
v -0.222394 -0.086662 0.293108
v -0.222260 -0.087247 0.293247
v -0.222147 -0.087828 0.293338
v -0.222055 -0.088406 0.293382
v -0.221984 -0.088981 0.293379
v -0.221914 -0.089749 0.293314
v -0.221873 -0.090493 0.293192
v -0.221859 -0.091211 0.293012
v -0.221873 -0.091902 0.292776
v -0.221914 -0.092565 0.292484
v -0.221953 -0.093868 0.291957
v -0.222035 -0.094466 0.291549
v -0.222144 -0.095032 0.291088
v -0.222281 -0.095565 0.290573
v -0.222445 -0.096064 0.290005
v -0.222637 -0.096527 0.289384
v -0.222857 -0.096952 0.288712
v -0.222553 -0.097491 0.289236
v -0.222255 -0.098050 0.289738
v -0.221965 -0.098631 0.290214
v -0.221685 -0.099234 0.290658
v -0.221417 -0.099862 0.291064
v -0.221163 -0.100517 0.291427
v -0.220926 -0.101201 0.291742
v -0.220706 -0.101914 0.292004
v -0.220507 -0.102658 0.292206
v -0.220330 -0.103436 0.292344
v -0.220177 -0.104249 0.292412
v -0.220051 -0.105099 0.292405
v -0.219926 -0.106295 0.292267
v -0.219873 -0.107413 0.291991
v -0.219888 -0.108446 0.291582
v -0.219970 -0.109390 0.291048
v -0.219813 -0.111410 0.290585
v -0.220001 -0.112153 0.289808
v -0.220256 -0.112794 0.288926
v -0.220575 -0.113330 0.287945
v -0.220957 -0.113755 0.286872
v -0.221400 -0.114065 0.285714
v -0.221902 -0.114255 0.284476
v -0.222461 -0.114320 0.283166
v -0.228895 -0.113164 0.268615
v -0.229522 -0.108333 0.268875
v -0.223517 -0.108347 0.283051
v -0.223170 -0.108301 0.283887
v -0.222862 -0.108167 0.284662
v -0.222595 -0.107950 0.285372
v -0.222366 -0.107656 0.286018
v -0.222176 -0.107292 0.286597
v -0.222025 -0.106865 0.287108
v -0.221911 -0.106379 0.287551
v -0.221836 -0.105842 0.287923
v -0.221797 -0.105260 0.288223
v -0.221796 -0.104639 0.288449
v -0.221832 -0.103985 0.288601
v -0.221904 -0.103304 0.288677
v -0.221962 -0.102899 0.288684
v -0.222045 -0.102476 0.288641
v -0.222151 -0.102035 0.288549
v -0.222278 -0.101582 0.288412
v -0.222424 -0.101119 0.288234
v -0.222588 -0.100650 0.288016
v -0.222768 -0.100177 0.287763
v -0.222961 -0.099704 0.287477
v -0.223167 -0.099233 0.287160
v -0.223383 -0.098769 0.286817
v -0.223608 -0.098315 0.286450
v -0.223839 -0.097873 0.286062
v -0.230881 -0.097856 0.269439
v -0.231507 -0.093025 0.269698
v -0.225481 -0.093039 0.283925
v -0.225111 -0.092999 0.284814
v -0.224788 -0.092881 0.285619
v -0.224510 -0.092690 0.286343
v -0.224277 -0.092433 0.286988
v -0.224102 -0.091437 0.287729
v -0.223941 -0.091060 0.288214
v -0.223819 -0.090632 0.288625
v -0.223733 -0.090160 0.288962
v -0.223684 -0.089650 0.289227
v -0.223669 -0.089106 0.289423
v -0.223687 -0.088535 0.289550
v -0.223736 -0.087943 0.289610
v -0.223806 -0.087344 0.289622
v -0.223888 -0.086775 0.289601
v -0.223981 -0.086232 0.289543
v -0.224089 -0.085710 0.289447
v -0.224212 -0.085207 0.289309
v -0.224352 -0.084716 0.289128
v -0.224510 -0.084235 0.288901
v -0.224689 -0.083758 0.288626
v -0.224889 -0.083282 0.288300
v -0.225113 -0.082803 0.287920
v -0.225362 -0.082316 0.287484
v -0.225638 -0.081818 0.286990
v -0.232768 -0.081818 0.270401
v -0.233288 -0.076951 0.270623
v -0.223467 -0.076950 0.293472
v -0.222947 -0.081817 0.293249
v -0.222663 -0.067372 0.298159
v -0.222672 -0.066997 0.298248
v -0.222660 -0.066640 0.298381
v -0.222628 -0.066306 0.298554
v -0.222577 -0.065997 0.298763
v -0.222509 -0.065718 0.299004
v -0.222423 -0.065472 0.299275
v -0.222322 -0.065263 0.299572
v -0.222206 -0.065094 0.299891
v -0.222077 -0.064968 0.300228
v -0.221935 -0.064890 0.300581
v -0.221782 -0.064864 0.300945
v -0.221623 -0.064890 0.301307
v -0.221465 -0.064968 0.301653
v -0.221309 -0.065093 0.301979
v -0.221157 -0.065263 0.302282
v -0.221011 -0.065472 0.302560
v -0.220873 -0.065718 0.302808
v -0.220745 -0.065997 0.303024
v -0.220628 -0.066306 0.303205
v -0.220525 -0.066640 0.303347
v -0.220436 -0.066997 0.303447
v -0.220365 -0.067372 0.303503
v -0.220313 -0.067762 0.303510
v -0.220282 -0.068152 0.303467
v -0.220273 -0.068527 0.303377
v -0.220285 -0.068884 0.303244
v -0.220317 -0.069218 0.303072
v -0.220368 -0.069527 0.302863
v -0.220436 -0.069806 0.302621
v -0.220522 -0.070052 0.302350
v -0.220623 -0.070261 0.302053
v -0.220739 -0.070431 0.301735
v -0.220868 -0.070556 0.301397
v -0.221010 -0.070634 0.301044
v -0.221163 -0.070661 0.300680
v -0.221322 -0.070634 0.300318
v -0.221480 -0.070556 0.299973
v -0.221636 -0.070431 0.299647
v -0.221788 -0.070262 0.299343
v -0.221934 -0.070052 0.299066
v -0.222072 -0.069806 0.298817
v -0.222200 -0.069527 0.298601
v -0.222317 -0.069219 0.298421
v -0.222420 -0.068884 0.298278
v -0.222509 -0.068528 0.298178
v -0.222580 -0.068152 0.298123
v -0.222632 -0.067762 0.298116
v -0.234772 -0.063353 0.270960
v -0.224711 -0.065302 0.294005
v -0.224191 -0.070169 0.293782
v -0.234013 -0.070170 0.270934
v -0.223475 -0.055723 0.298952
v -0.223270 -0.054931 0.299551
v -0.223097 -0.054146 0.300075
v -0.222953 -0.053371 0.300528
v -0.222836 -0.052607 0.300914
v -0.222745 -0.051854 0.301237
v -0.222677 -0.051116 0.301502
v -0.222632 -0.050393 0.301711
v -0.222607 -0.049686 0.301870
v -0.222601 -0.048998 0.301983
v -0.222611 -0.048330 0.302053
v -0.222637 -0.047684 0.302084
v -0.222694 -0.046835 0.302067
v -0.222777 -0.046033 0.301982
v -0.222885 -0.045283 0.301832
v -0.223015 -0.044590 0.301620
v -0.223166 -0.043958 0.301350
v -0.223336 -0.043394 0.301024
v -0.223524 -0.042903 0.300645
v -0.223728 -0.042489 0.300217
v -0.223897 -0.041772 0.299908
v -0.224129 -0.041529 0.299391
v -0.224423 -0.041766 0.298667
v -0.224676 -0.041714 0.298071
v -0.225307 -0.042034 0.296523
v -0.225816 -0.042920 0.295184
v -0.226237 -0.044258 0.293993
v -0.226600 -0.045936 0.292891
v -0.226938 -0.047841 0.291818
v -0.227282 -0.049858 0.290713
v -0.227664 -0.051876 0.289517
v -0.228117 -0.053780 0.288169
v -0.228672 -0.055458 0.286610
v -0.229362 -0.056796 0.284779
v -0.230217 -0.057681 0.282616
v -0.231270 -0.058000 0.280061
v -0.231835 -0.057908 0.278729
v -0.232379 -0.057639 0.277471
v -0.232898 -0.057203 0.276295
v -0.233388 -0.056612 0.275211
v -0.233845 -0.055873 0.274226
v -0.234265 -0.054998 0.273349
v -0.234644 -0.053997 0.272589
v -0.234977 -0.052879 0.271954
v -0.235260 -0.051655 0.271452
v -0.235490 -0.050334 0.271092
v -0.235661 -0.048926 0.270882
v -0.235770 -0.047442 0.270832
v -0.235812 -0.046435 0.270874
v -0.235834 -0.045459 0.270959
v -0.235837 -0.044511 0.271086
v -0.235820 -0.043589 0.271258
v -0.235782 -0.042691 0.271474
v -0.235725 -0.041814 0.271734
v -0.235647 -0.040957 0.272040
v -0.235550 -0.040117 0.272391
v -0.235431 -0.039293 0.272790
v -0.235292 -0.038482 0.273235
v -0.235133 -0.037682 0.273728
v -0.234953 -0.036892 0.274269
v -0.232294 -0.036896 0.280602
v -0.232589 -0.037601 0.279801
v -0.232855 -0.038334 0.279063
v -0.233094 -0.039093 0.278387
v -0.233304 -0.039877 0.277776
v -0.233485 -0.040685 0.277231
v -0.233637 -0.041513 0.276752
v -0.233759 -0.042362 0.276341
v -0.233852 -0.043228 0.275999
v -0.233914 -0.044110 0.275726
v -0.233945 -0.045007 0.275525
v -0.233946 -0.045917 0.275395
v -0.233915 -0.046837 0.275339
v -0.233843 -0.047840 0.275367
v -0.233738 -0.048749 0.275490
v -0.233603 -0.049567 0.275695
v -0.233443 -0.050293 0.275974
v -0.233262 -0.050930 0.276316
v -0.233064 -0.051479 0.276711
v -0.232853 -0.051940 0.277147
v -0.232634 -0.052314 0.277616
v -0.232411 -0.052604 0.278106
v -0.232188 -0.052809 0.278608
v -0.231970 -0.052932 0.279110
v -0.231761 -0.052972 0.279604
v -0.231073 -0.052653 0.281286
v -0.230504 -0.051767 0.282768
v -0.230026 -0.050429 0.284097
v -0.229610 -0.048751 0.285325
v -0.229229 -0.046846 0.286502
v -0.228855 -0.044829 0.287677
v -0.228460 -0.042811 0.288901
v -0.228018 -0.040907 0.290225
v -0.227499 -0.039229 0.291698
v -0.226813 -0.037501 0.293531
v -0.226039 -0.036612 0.295446
v -0.225110 -0.036291 0.297661
v -0.224523 -0.036384 0.299030
v -0.223966 -0.036659 0.300306
v -0.223444 -0.037108 0.301483
v -0.222958 -0.037724 0.302556
v -0.222511 -0.038499 0.303519
v -0.222107 -0.039425 0.304368
v -0.221746 -0.040496 0.305096
v -0.221433 -0.041703 0.305698
v -0.221170 -0.043040 0.306170
v -0.220959 -0.044498 0.306505
v -0.220843 -0.046453 0.306529
v -0.220727 -0.048129 0.306569
v -0.220698 -0.048847 0.306537
v -0.220683 -0.049564 0.306471
v -0.220682 -0.050280 0.306371
v -0.220696 -0.050993 0.306237
v -0.220725 -0.051703 0.306069
v -0.220767 -0.052410 0.305867
v -0.220825 -0.053112 0.305631
v -0.220897 -0.053808 0.305361
v -0.220984 -0.054498 0.305057
v -0.221085 -0.055182 0.304719
v -0.221201 -0.055857 0.304348
v -0.221331 -0.056524 0.303942
v -0.223712 -0.056521 0.298274
v -0.231446 -0.030640 0.283406
v -0.232283 -0.030294 0.281476
v -0.233071 -0.029715 0.279690
v -0.233804 -0.028904 0.278057
v -0.234479 -0.027861 0.276587
v -0.235091 -0.026583 0.275288
v -0.235637 -0.025072 0.274171
v -0.236113 -0.023326 0.273244
v -0.236515 -0.021344 0.272518
v -0.236838 -0.019127 0.272000
v -0.237079 -0.016673 0.271702
v -0.237234 -0.013983 0.271631
v -0.237275 -0.011999 0.271751
v -0.237240 -0.010050 0.272047
v -0.237125 -0.008163 0.272522
v -0.236928 -0.006364 0.273180
v -0.236647 -0.004678 0.274025
v -0.236277 -0.003132 0.275062
v -0.235817 -0.001753 0.276293
v -0.235144 0.002833 0.277673
v -0.234407 0.003800 0.279269
v -0.233594 0.004523 0.281080
v -0.232702 0.004976 0.283111
v -0.231732 0.005132 0.285367
v -0.222527 0.005132 0.306978
v -0.222639 -0.003685 0.307023
v -0.231388 -0.003686 0.286483
v -0.231786 -0.003698 0.285548
v -0.232145 -0.003735 0.284701
v -0.232469 -0.003799 0.283933
v -0.232761 -0.003893 0.283236
v -0.233025 -0.004018 0.282604
v -0.233263 -0.004177 0.282028
v -0.233479 -0.004372 0.281500
v -0.233675 -0.004604 0.281012
v -0.233856 -0.004877 0.280557
v -0.234025 -0.005191 0.280127
v -0.234184 -0.005550 0.279713
v -0.234338 -0.005955 0.279309
v -0.234519 -0.006507 0.278824
v -0.234681 -0.007081 0.278381
v -0.234824 -0.007679 0.277980
v -0.234948 -0.008299 0.277620
v -0.235054 -0.008943 0.277302
v -0.235141 -0.009609 0.277025
v -0.235210 -0.010299 0.276789
v -0.235260 -0.011012 0.276593
v -0.235291 -0.011747 0.276439
v -0.235305 -0.012506 0.276325
v -0.235300 -0.013288 0.276251
v -0.235277 -0.014093 0.276217
v -0.235226 -0.015107 0.276225
v -0.235157 -0.016072 0.276282
v -0.235071 -0.016987 0.276385
v -0.234969 -0.017853 0.276530
v -0.234852 -0.018670 0.276715
v -0.234722 -0.019435 0.276937
v -0.234580 -0.020150 0.277193
v -0.234427 -0.020814 0.277479
v -0.234265 -0.021426 0.277793
v -0.234094 -0.021987 0.278132
v -0.233917 -0.022495 0.278493
v -0.233734 -0.022950 0.278873
v -0.233520 -0.023404 0.279327
v -0.233294 -0.023799 0.279814
v -0.233057 -0.024140 0.280333
v -0.232809 -0.024429 0.280885
v -0.232549 -0.024670 0.281468
v -0.232278 -0.024867 0.282084
v -0.231995 -0.025024 0.282730
v -0.231701 -0.025144 0.283408
v -0.231395 -0.025231 0.284117
v -0.231077 -0.025289 0.284857
v -0.230748 -0.025321 0.285627
v -0.230406 -0.025331 0.286428
v -0.221787 -0.025330 0.306662
v -0.221573 -0.030755 0.306571
v -0.230561 -0.030756 0.285470
v -0.223729 0.022094 0.301945
v -0.236463 0.022481 0.271853
v -0.236191 0.027895 0.271740
v -0.223514 0.027519 0.301855
v -0.222997 0.040584 0.301640
v -0.221117 0.040587 0.306137
v -0.222311 0.009441 0.306888
v -0.224222 0.009441 0.302402
v -0.219436 0.064353 0.306250
v -0.220000 0.061594 0.305919
v -0.220913 0.055906 0.304914
v -0.221447 0.053531 0.303903
v -0.222075 0.051393 0.302640
v -0.222787 0.049503 0.301147
v -0.223573 0.047872 0.299448
v -0.224424 0.046512 0.297565
v -0.225329 0.045434 0.295522
v -0.226277 0.044649 0.293340
v -0.227259 0.044169 0.291043
v -0.228265 0.044005 0.288654
v -0.229232 0.044161 0.286324
v -0.230159 0.044626 0.284054
v -0.231036 0.045393 0.281869
v -0.231852 0.046452 0.279797
v -0.232598 0.047795 0.277863
v -0.233261 0.049413 0.276094
v -0.233832 0.051297 0.274517
v -0.234300 0.053440 0.273158
v -0.234654 0.055832 0.272043
v -0.234883 0.058464 0.271199
v -0.234978 0.061329 0.270652
v -0.234399 0.067450 0.270673
v -0.233948 0.070382 0.270683
v -0.233382 0.073117 0.271028
v -0.232713 0.075644 0.271682
v -0.231954 0.077952 0.272621
v -0.231117 0.080030 0.273819
v -0.230216 0.081867 0.275252
v -0.229261 0.083451 0.276895
v -0.228267 0.084771 0.278723
v -0.227246 0.085817 0.280710
v -0.226469 0.085905 0.282484
v -0.225473 0.086379 0.284733
v -0.224481 0.086542 0.287064
v -0.223506 0.086384 0.289452
v -0.222600 0.085908 0.291771
v -0.221770 0.085128 0.293996
v -0.221027 0.084057 0.296104
v -0.220377 0.082707 0.298071
v -0.219830 0.081092 0.299872
v -0.219393 0.079225 0.301482
v -0.219076 0.077118 0.302879
v -0.218887 0.074785 0.304037
v -0.218833 0.072240 0.304933
v -0.218681 0.070223 0.305928
v -0.218984 0.067311 0.306254
v -0.233044 0.062241 0.275180
v -0.232980 0.060279 0.275552
v -0.232824 0.058437 0.276133
v -0.232579 0.056730 0.276908
v -0.232252 0.055171 0.277866
v -0.231847 0.053775 0.278993
v -0.231368 0.052555 0.280275
v -0.230820 0.051526 0.281700
v -0.230209 0.050702 0.283255
v -0.229540 0.050096 0.284925
v -0.228816 0.049723 0.286698
v -0.228043 0.049596 0.288561
v -0.227256 0.049726 0.290431
v -0.226499 0.050102 0.292199
v -0.225780 0.050710 0.293853
v -0.225102 0.051537 0.295381
v -0.224473 0.052569 0.296771
v -0.223898 0.053790 0.298010
v -0.223383 0.055188 0.299087
v -0.222933 0.056749 0.299989
v -0.222554 0.058457 0.300703
v -0.221672 0.063362 0.301447
v -0.221279 0.065286 0.301677
v -0.220968 0.067315 0.301680
v -0.220758 0.069332 0.301455
v -0.220657 0.071247 0.301016
v -0.220661 0.073045 0.300374
v -0.220776 0.074690 0.299531
v -0.221229 0.075558 0.298184
v -0.221548 0.076909 0.297011
v -0.221944 0.078109 0.295698
v -0.222422 0.079122 0.294246
v -0.222977 0.079934 0.292668
v -0.223607 0.080530 0.290977
v -0.224188 0.081239 0.289368
v -0.224848 0.081714 0.287680
v -0.225667 0.081590 0.285836
v -0.226476 0.081224 0.284099
v -0.227269 0.080631 0.282480
v -0.228037 0.079823 0.280992
v -0.228774 0.078816 0.279647
v -0.229472 0.077623 0.278458
v -0.230124 0.076257 0.277435
v -0.230722 0.074734 0.276591
v -0.231259 0.073066 0.275939
v -0.231728 0.071268 0.275491
v -0.232120 0.069354 0.275258
v -0.232430 0.067338 0.275253
v -0.229333 0.090194 0.274358
v -0.231272 0.090198 0.269886
v -0.229038 0.111719 0.268514
v -0.213964 0.113054 0.303489
v -0.214780 0.107764 0.303836
v -0.227739 0.106369 0.273250
v -0.224126 -0.082743 0.290234
v -0.223818 -0.083369 0.290765
v -0.223533 -0.083988 0.291246
v -0.223270 -0.084601 0.291677
v -0.223029 -0.085208 0.292059
v -0.222810 -0.085810 0.292391
v -0.222613 -0.086407 0.292674
v -0.222437 -0.086999 0.292909
v -0.222282 -0.087588 0.293096
v -0.222148 -0.088172 0.293234
v -0.222036 -0.088753 0.293326
v -0.221943 -0.089331 0.293369
v -0.221872 -0.089907 0.293366
v -0.221802 -0.090675 0.293302
v -0.221761 -0.091418 0.293179
v -0.221747 -0.092136 0.292999
v -0.221734 -0.093690 0.292537
v -0.221760 -0.094348 0.292240
v -0.221814 -0.094977 0.291887
v -0.221895 -0.095575 0.291479
v -0.222004 -0.096141 0.291018
v -0.222141 -0.096675 0.290502
v -0.222306 -0.097173 0.289934
v -0.222498 -0.097636 0.289314
v -0.222718 -0.098061 0.288642
v -0.222414 -0.098600 0.289166
v -0.222116 -0.099159 0.289668
v -0.221826 -0.099740 0.290144
v -0.221546 -0.100343 0.290588
v -0.221278 -0.100972 0.290994
v -0.221024 -0.101626 0.291357
v -0.220786 -0.102310 0.291672
v -0.220567 -0.103023 0.291934
v -0.220368 -0.103767 0.292136
v -0.220191 -0.104545 0.292274
v -0.220038 -0.105358 0.292342
v -0.219911 -0.106208 0.292334
v -0.219787 -0.107405 0.292197
v -0.219733 -0.108522 0.291920
v -0.219360 -0.111095 0.291768
v -0.219410 -0.112026 0.291219
v -0.219530 -0.112865 0.290553
v -0.219718 -0.113608 0.289775
v -0.219973 -0.114250 0.288893
v -0.220292 -0.114785 0.287912
v -0.220674 -0.115210 0.286840
v -0.221117 -0.115520 0.285681
v -0.221620 -0.115710 0.284444
v -0.222179 -0.115775 0.283133
v -0.228756 -0.114273 0.268545
v -0.229383 -0.109442 0.268805
v -0.223377 -0.109456 0.282981
v -0.223030 -0.109410 0.283817
v -0.222723 -0.109276 0.284591
v -0.222455 -0.109059 0.285302
v -0.222226 -0.108765 0.285947
v -0.222037 -0.108401 0.286527
v -0.221885 -0.107974 0.287038
v -0.221772 -0.107488 0.287481
v -0.221696 -0.106951 0.287852
v -0.221658 -0.106369 0.288152
v -0.221657 -0.105748 0.288379
v -0.221692 -0.105094 0.288531
v -0.221764 -0.104413 0.288607
v -0.221823 -0.104008 0.288614
v -0.221906 -0.103585 0.288570
v -0.222012 -0.103145 0.288479
v -0.222139 -0.102691 0.288342
v -0.222285 -0.102229 0.288164
v -0.222449 -0.101759 0.287946
v -0.222628 -0.101286 0.287693
v -0.222822 -0.100813 0.287406
v -0.223027 -0.100342 0.287090
v -0.223243 -0.099878 0.286747
v -0.223468 -0.099424 0.286380
v -0.223700 -0.098982 0.285992
v -0.230742 -0.098965 0.269369
v -0.231368 -0.094134 0.269628
v -0.225342 -0.094148 0.283855
v -0.224972 -0.094108 0.284744
v -0.224649 -0.093990 0.285549
v -0.224371 -0.093799 0.286273
v -0.224137 -0.093542 0.286917
v -0.223946 -0.093223 0.287483
v -0.223796 -0.092849 0.287973
v -0.223707 -0.091558 0.288612
v -0.223622 -0.091086 0.288949
v -0.223572 -0.090575 0.289215
v -0.223557 -0.090032 0.289410
v -0.223575 -0.089461 0.289537
v -0.223624 -0.088868 0.289598
v -0.223695 -0.088269 0.289610
v -0.223776 -0.087700 0.289588
v -0.223869 -0.087157 0.289530
v -0.223977 -0.086636 0.289434
v -0.224100 -0.086132 0.289297
v -0.224240 -0.085642 0.289116
v -0.224398 -0.085160 0.288889
v -0.224577 -0.084684 0.288613
v -0.224778 -0.084208 0.288287
v -0.225002 -0.083729 0.287907
v -0.225250 -0.083242 0.287472
v -0.225526 -0.082743 0.286978
v -0.232657 -0.082744 0.270388
v -0.233177 -0.077877 0.270611
v -0.223355 -0.077876 0.293459
v -0.222835 -0.082743 0.293237
v -0.222552 -0.068298 0.298146
v -0.222561 -0.067922 0.298236
v -0.222548 -0.067566 0.298368
v -0.222517 -0.067232 0.298541
v -0.222466 -0.066923 0.298750
v -0.222397 -0.066644 0.298992
v -0.222312 -0.066398 0.299263
v -0.222211 -0.066188 0.299559
v -0.222095 -0.066019 0.299878
v -0.221966 -0.065894 0.300216
v -0.221824 -0.065816 0.300568
v -0.221670 -0.065789 0.300933
v -0.221511 -0.065816 0.301294
v -0.221353 -0.065894 0.301640
v -0.221197 -0.066019 0.301966
v -0.221045 -0.066188 0.302269
v -0.220899 -0.066398 0.302547
v -0.220761 -0.066644 0.302795
v -0.220633 -0.066923 0.303012
v -0.220516 -0.067231 0.303192
v -0.220413 -0.067566 0.303334
v -0.220325 -0.067922 0.303435
v -0.220253 -0.068297 0.303490
v -0.220201 -0.068688 0.303497
v -0.220170 -0.069078 0.303454
v -0.220161 -0.069453 0.303365
v -0.220173 -0.069809 0.303232
v -0.220205 -0.070144 0.303059
v -0.220256 -0.070452 0.302850
v -0.220325 -0.070732 0.302608
v -0.220410 -0.070978 0.302337
v -0.220511 -0.071187 0.302041
v -0.220627 -0.071356 0.301722
v -0.220756 -0.071482 0.301384
v -0.220898 -0.071559 0.301032
v -0.221051 -0.071586 0.300668
v -0.221210 -0.071559 0.300306
v -0.221369 -0.071482 0.299960
v -0.221525 -0.071356 0.299634
v -0.221677 -0.071187 0.299331
v -0.221823 -0.070978 0.299053
v -0.221960 -0.070732 0.298805
v -0.222089 -0.070453 0.298589
v -0.222205 -0.070144 0.298408
v -0.222309 -0.069810 0.298266
v -0.222397 -0.069453 0.298166
v -0.222468 -0.069078 0.298110
v -0.222521 -0.068688 0.298103
v -0.234421 -0.066228 0.271144
v -0.224600 -0.066227 0.293992
v -0.224080 -0.071094 0.293770
v -0.233901 -0.071095 0.270921
v -0.223467 -0.056161 0.298908
v -0.223262 -0.055369 0.299507
v -0.223089 -0.054585 0.300031
v -0.222945 -0.053810 0.300484
v -0.222828 -0.053045 0.300870
v -0.222737 -0.052293 0.301194
v -0.222670 -0.051555 0.301458
v -0.222624 -0.050831 0.301668
v -0.222600 -0.050125 0.301827
v -0.222593 -0.049437 0.301939
v -0.222604 -0.048769 0.302009
v -0.222629 -0.048122 0.302040
v -0.222686 -0.047274 0.302023
v -0.222770 -0.046472 0.301939
v -0.222877 -0.045722 0.301789
v -0.223007 -0.045028 0.301577
v -0.223158 -0.044397 0.301307
v -0.223328 -0.043833 0.300981
v -0.223516 -0.043342 0.300602
v -0.223721 -0.042928 0.300174
v -0.223940 -0.042597 0.299699
v -0.224171 -0.042354 0.299181
v -0.224415 -0.042204 0.298623
v -0.224668 -0.042153 0.298028
v -0.225299 -0.042473 0.296480
v -0.225809 -0.043358 0.295141
v -0.226229 -0.044697 0.293950
v -0.226592 -0.046375 0.292848
v -0.226930 -0.048280 0.291775
v -0.227274 -0.050297 0.290670
v -0.227657 -0.052315 0.289474
v -0.228109 -0.054219 0.288126
v -0.228665 -0.055897 0.286566
v -0.229354 -0.057235 0.284735
v -0.230209 -0.058120 0.282572
v -0.231263 -0.058439 0.280017
v -0.231827 -0.058346 0.278685
v -0.232371 -0.058078 0.277427
v -0.232890 -0.057642 0.276252
v -0.233380 -0.057050 0.275168
v -0.233838 -0.056312 0.274183
v -0.234258 -0.055437 0.273306
v -0.234636 -0.054436 0.272546
v -0.234969 -0.053318 0.271910
v -0.235252 -0.052093 0.271408
v -0.235482 -0.050772 0.271048
v -0.235653 -0.049365 0.270839
v -0.235762 -0.047880 0.270788
v -0.235804 -0.046874 0.270830
v -0.235827 -0.045898 0.270915
v -0.235829 -0.044950 0.271043
v -0.235812 -0.044028 0.271214
v -0.235775 -0.043129 0.271430
v -0.235717 -0.042253 0.271691
v -0.235640 -0.041396 0.271996
v -0.235542 -0.040556 0.272348
v -0.235424 -0.039732 0.272746
v -0.235285 -0.038921 0.273191
v -0.235125 -0.038121 0.273684
v -0.234945 -0.037330 0.274225
v -0.232287 -0.037335 0.280559
v -0.232581 -0.038039 0.279758
v -0.232848 -0.038772 0.279019
v -0.233086 -0.039532 0.278344
v -0.233296 -0.040316 0.277733
v -0.233477 -0.041124 0.277188
v -0.233629 -0.041952 0.276709
v -0.233751 -0.042800 0.276298
v -0.233844 -0.043667 0.275955
v -0.233906 -0.044549 0.275683
v -0.233937 -0.045446 0.275481
v -0.233938 -0.046355 0.275352
v -0.233907 -0.047276 0.275295
v -0.233835 -0.048278 0.275324
v -0.233730 -0.049188 0.275446
v -0.233595 -0.050006 0.275652
v -0.233435 -0.050732 0.275931
v -0.233254 -0.051369 0.276273
v -0.233056 -0.051917 0.276667
v -0.232845 -0.052378 0.277104
v -0.232626 -0.052753 0.277573
v -0.232403 -0.053042 0.278063
v -0.232181 -0.053248 0.278564
v -0.231962 -0.053370 0.279067
v -0.231753 -0.053411 0.279560
v -0.231066 -0.053092 0.281243
v -0.230496 -0.052206 0.282724
v -0.230018 -0.050868 0.284054
v -0.229602 -0.049190 0.285282
v -0.229221 -0.047285 0.286458
v -0.228847 -0.045268 0.287634
v -0.228453 -0.043250 0.288858
v -0.228010 -0.041346 0.290181
v -0.227491 -0.039668 0.291654
v -0.226797 -0.037846 0.293530
v -0.226024 -0.036958 0.295444
v -0.225095 -0.036637 0.297659
v -0.224507 -0.036730 0.299029
v -0.223951 -0.037005 0.300305
v -0.223428 -0.037454 0.301482
v -0.222942 -0.038069 0.302555
v -0.222496 -0.038844 0.303518
v -0.222091 -0.039771 0.304366
v -0.221731 -0.040842 0.305094
v -0.221418 -0.042049 0.305697
v -0.221154 -0.043385 0.306168
v -0.220943 -0.044844 0.306503
v -0.220835 -0.046892 0.306486
v -0.220719 -0.048567 0.306525
v -0.220690 -0.049286 0.306493
v -0.220675 -0.050003 0.306427
v -0.220674 -0.050719 0.306327
v -0.220688 -0.051432 0.306193
v -0.220717 -0.052142 0.306025
v -0.220760 -0.052849 0.305823
v -0.220817 -0.053550 0.305587
v -0.220889 -0.054247 0.305317
v -0.220976 -0.054937 0.305014
v -0.221077 -0.055620 0.304676
v -0.221193 -0.056296 0.304304
v -0.221323 -0.056963 0.303899
v -0.223704 -0.056959 0.298230
v -0.231430 -0.030986 0.283405
v -0.232268 -0.030639 0.281475
v -0.233055 -0.030061 0.279689
v -0.233788 -0.029250 0.278056
v -0.234463 -0.028206 0.276585
v -0.235076 -0.026929 0.275287
v -0.235622 -0.025418 0.274170
v -0.236098 -0.023671 0.273243
v -0.236499 -0.021690 0.272516
v -0.236823 -0.019473 0.271999
v -0.237064 -0.017019 0.271700
v -0.237219 -0.014328 0.271630
v -0.237260 -0.012344 0.271750
v -0.237224 -0.010396 0.272045
v -0.237110 -0.008509 0.272520
v -0.236913 -0.006709 0.273179
v -0.236631 -0.005024 0.274024
v -0.236262 -0.003478 0.275061
v -0.235801 -0.002098 0.276292
v -0.235120 0.003271 0.277668
v -0.234383 0.004238 0.279264
v -0.233570 0.004961 0.281075
v -0.232678 0.005414 0.283106
v -0.231708 0.005571 0.285362
v -0.222503 0.005570 0.306973
v -0.222623 -0.004031 0.307022
v -0.231373 -0.004031 0.286482
v -0.231770 -0.004043 0.285547
v -0.232130 -0.004080 0.284699
v -0.232454 -0.004145 0.283931
v -0.232746 -0.004238 0.283235
v -0.233009 -0.004364 0.282603
v -0.233247 -0.004523 0.282026
v -0.233463 -0.004717 0.281498
v -0.233660 -0.004950 0.281011
v -0.233841 -0.005222 0.280556
v -0.234010 -0.005537 0.280125
v -0.234169 -0.005896 0.279712
v -0.234322 -0.006301 0.279308
v -0.234503 -0.006852 0.278823
v -0.234665 -0.007427 0.278380
v -0.234808 -0.008024 0.277979
v -0.234933 -0.008645 0.277619
v -0.235039 -0.009288 0.277301
v -0.235126 -0.009955 0.277023
v -0.235194 -0.010645 0.276787
v -0.235244 -0.011357 0.276592
v -0.235276 -0.012093 0.276437
v -0.235289 -0.012852 0.276323
v -0.235284 -0.013634 0.276249
v -0.235261 -0.014439 0.276216
v -0.235211 -0.015453 0.276224
v -0.235142 -0.016417 0.276281
v -0.235056 -0.017333 0.276383
v -0.234953 -0.018199 0.276529
v -0.234837 -0.019015 0.276714
v -0.234706 -0.019781 0.276936
v -0.234564 -0.020496 0.277191
v -0.234412 -0.021160 0.277478
v -0.234249 -0.021772 0.277792
v -0.234079 -0.022332 0.278131
v -0.233902 -0.022841 0.278492
v -0.233719 -0.023296 0.278871
v -0.233504 -0.023750 0.279326
v -0.233278 -0.024145 0.279813
v -0.233041 -0.024485 0.280332
v -0.232793 -0.024774 0.280884
v -0.232533 -0.025015 0.281467
v -0.232262 -0.025213 0.282082
v -0.231980 -0.025370 0.282729
v -0.231685 -0.025490 0.283407
v -0.231379 -0.025577 0.284116
v -0.231062 -0.025634 0.284855
v -0.230732 -0.025666 0.285626
v -0.230391 -0.025676 0.286426
v -0.221771 -0.025675 0.306661
v -0.221557 -0.031100 0.306570
v -0.230546 -0.031101 0.285469
v -0.223734 0.022439 0.301892
v -0.236439 0.022919 0.271848
v -0.236168 0.028333 0.271735
v -0.223520 0.027864 0.301803
v -0.223003 0.040929 0.301588
v -0.221123 0.040932 0.306085
v -0.222287 0.009879 0.306883
v -0.224198 0.009879 0.302398
v -0.219270 0.065460 0.306244
v -0.219834 0.062701 0.305913
v -0.220919 0.056251 0.304861
v -0.221453 0.053876 0.303851
v -0.222081 0.051738 0.302588
v -0.222793 0.049848 0.301095
v -0.223579 0.048217 0.299396
v -0.224430 0.046857 0.297513
v -0.225334 0.045779 0.295469
v -0.226283 0.044994 0.293288
v -0.227265 0.044514 0.290991
v -0.228271 0.044350 0.288602
v -0.229237 0.044506 0.286272
v -0.230164 0.044972 0.284001
v -0.231042 0.045738 0.281817
v -0.231858 0.046797 0.279745
v -0.232603 0.048140 0.277811
v -0.233267 0.049758 0.276042
v -0.233838 0.051643 0.274465
v -0.234306 0.053785 0.273106
v -0.234660 0.056177 0.271991
v -0.234889 0.058810 0.271147
v -0.234984 0.061674 0.270600
v -0.234233 0.068557 0.270666
v -0.233782 0.071488 0.270677
v -0.233216 0.074224 0.271021
v -0.232547 0.076751 0.271676
v -0.231788 0.079059 0.272614
v -0.230951 0.081137 0.273813
v -0.230050 0.082973 0.275246
v -0.229095 0.084557 0.276889
v -0.228101 0.085878 0.278716
v -0.227108 0.086848 0.280664
v -0.226393 0.086829 0.282388
v -0.225396 0.087303 0.284637
v -0.224405 0.087466 0.286968
v -0.223430 0.087308 0.289356
v -0.222523 0.086832 0.291675
v -0.221694 0.086052 0.293901
v -0.220950 0.084981 0.296009
v -0.220301 0.083631 0.297975
v -0.219753 0.082016 0.299776
v -0.219317 0.080148 0.301387
v -0.219000 0.078042 0.302783
v -0.218810 0.075709 0.303941
v -0.218757 0.073164 0.304837
v -0.218730 0.070762 0.305627
v -0.218818 0.068418 0.306247
v -0.232475 0.066415 0.275473
v -0.232986 0.060624 0.275500
v -0.232829 0.058782 0.276080
v -0.232585 0.057075 0.276856
v -0.232258 0.055516 0.277814
v -0.231852 0.054120 0.278941
v -0.231373 0.052900 0.280223
v -0.230826 0.051871 0.281648
v -0.230215 0.051047 0.283202
v -0.229545 0.050441 0.284873
v -0.228822 0.050068 0.286646
v -0.228049 0.049941 0.288509
v -0.227262 0.050071 0.290379
v -0.226505 0.050447 0.292147
v -0.225785 0.051055 0.293801
v -0.225108 0.051882 0.295329
v -0.224479 0.052914 0.296719
v -0.223904 0.054136 0.297958
v -0.223389 0.055534 0.299035
v -0.222939 0.057094 0.299936
v -0.221974 0.062662 0.300996
v -0.221506 0.064468 0.301441
v -0.221113 0.066393 0.301670
v -0.220802 0.068422 0.301674
v -0.220592 0.070438 0.301449
v -0.220491 0.072353 0.301009
v -0.220496 0.074151 0.300368
v -0.220923 0.074971 0.299096
v -0.221161 0.076459 0.298076
v -0.221472 0.077833 0.296915
v -0.221868 0.079033 0.295602
v -0.222345 0.080046 0.294150
v -0.222901 0.080858 0.292572
v -0.223530 0.081454 0.290881
v -0.224230 0.081820 0.289091
v -0.224820 0.082454 0.287483
v -0.225501 0.082696 0.285830
v -0.226310 0.082331 0.284092
v -0.227103 0.081737 0.282474
v -0.227871 0.080930 0.280986
v -0.228608 0.079922 0.279641
v -0.229306 0.078729 0.278451
v -0.229958 0.077364 0.277429
v -0.230556 0.075840 0.276585
v -0.231093 0.074173 0.275933
v -0.231562 0.072375 0.275485
v -0.231955 0.070461 0.275252
v -0.232264 0.068444 0.275247
v -0.229276 0.091012 0.274202
v -0.231106 0.091304 0.269879
v -0.228961 0.112643 0.268418
v -0.213745 0.114370 0.303442
v -0.214560 0.109081 0.303789
v -0.227663 0.107293 0.273154
v -0.229276 0.091012 0.274202
v -0.229333 0.090194 0.274358
v -0.231106 0.091304 0.269879
v -0.231272 0.090198 0.269886
v -0.228961 0.112643 0.268418
v -0.229038 0.111719 0.268514
v -0.213745 0.114370 0.303442
v -0.213964 0.113054 0.303489
v -0.214560 0.109081 0.303789
v -0.214780 0.107764 0.303836
v -0.227663 0.107293 0.273154
v -0.227739 0.106369 0.273250
v -0.219270 0.065460 0.306244
v -0.219436 0.064353 0.306250
v -0.219834 0.062701 0.305913
v -0.220000 0.061594 0.305919
v -0.220919 0.056251 0.304861
v -0.220913 0.055906 0.304914
v -0.221453 0.053876 0.303851
v -0.221447 0.053531 0.303903
v -0.222081 0.051738 0.302588
v -0.222075 0.051393 0.302640
v -0.222793 0.049848 0.301095
v -0.222787 0.049503 0.301147
v -0.223579 0.048217 0.299396
v -0.223573 0.047872 0.299448
v -0.224430 0.046857 0.297513
v -0.224424 0.046512 0.297565
v -0.225334 0.045779 0.295469
v -0.225329 0.045434 0.295522
v -0.226283 0.044994 0.293288
v -0.226277 0.044649 0.293340
v -0.227265 0.044514 0.290991
v -0.227259 0.044169 0.291043
v -0.228271 0.044350 0.288602
v -0.228265 0.044005 0.288654
v -0.229237 0.044506 0.286272
v -0.229232 0.044161 0.286324
v -0.230164 0.044972 0.284001
v -0.230159 0.044626 0.284054
v -0.231042 0.045738 0.281817
v -0.231036 0.045393 0.281869
v -0.231858 0.046797 0.279745
v -0.231852 0.046452 0.279797
v -0.232603 0.048140 0.277811
v -0.232598 0.047795 0.277863
v -0.233267 0.049758 0.276042
v -0.233261 0.049413 0.276094
v -0.233838 0.051643 0.274465
v -0.233832 0.051297 0.274517
v -0.234306 0.053785 0.273106
v -0.234300 0.053440 0.273158
v -0.234660 0.056177 0.271991
v -0.234654 0.055832 0.272043
v -0.234889 0.058810 0.271147
v -0.234883 0.058464 0.271199
v -0.234984 0.061674 0.270600
v -0.234978 0.061329 0.270652
v -0.234233 0.068557 0.270666
v -0.234399 0.067450 0.270673
v -0.233782 0.071488 0.270677
v -0.233948 0.070382 0.270683
v -0.233216 0.074224 0.271021
v -0.233382 0.073117 0.271028
v -0.232547 0.076751 0.271676
v -0.232713 0.075644 0.271682
v -0.231788 0.079059 0.272614
v -0.231954 0.077952 0.272621
v -0.230951 0.081137 0.273813
v -0.231117 0.080030 0.273819
v -0.230050 0.082973 0.275246
v -0.230216 0.081867 0.275252
v -0.229095 0.084557 0.276889
v -0.229261 0.083451 0.276895
v -0.228101 0.085878 0.278716
v -0.228267 0.084771 0.278723
v -0.227108 0.086848 0.280664
v -0.227246 0.085817 0.280710
v -0.226393 0.086829 0.282388
v -0.226469 0.085905 0.282484
v -0.225396 0.087303 0.284637
v -0.225473 0.086379 0.284733
v -0.224405 0.087466 0.286968
v -0.224481 0.086542 0.287064
v -0.223430 0.087308 0.289356
v -0.223506 0.086384 0.289452
v -0.222523 0.086832 0.291675
v -0.222600 0.085908 0.291771
v -0.221694 0.086052 0.293901
v -0.221770 0.085128 0.293996
v -0.220950 0.084981 0.296009
v -0.221027 0.084057 0.296104
v -0.220301 0.083631 0.297975
v -0.220377 0.082707 0.298071
v -0.219753 0.082016 0.299776
v -0.219830 0.081092 0.299872
v -0.219317 0.080148 0.301387
v -0.219393 0.079225 0.301482
v -0.219000 0.078042 0.302783
v -0.219076 0.077118 0.302879
v -0.218810 0.075709 0.303941
v -0.218887 0.074785 0.304037
v -0.218757 0.073164 0.304837
v -0.218833 0.072240 0.304933
v -0.218730 0.070762 0.305627
v -0.218681 0.070223 0.305928
v -0.218818 0.068418 0.306247
v -0.218984 0.067311 0.306254
v -0.232475 0.066415 0.275473
v -0.233044 0.062241 0.275180
v -0.232986 0.060624 0.275500
v -0.232980 0.060279 0.275552
v -0.232829 0.058782 0.276080
v -0.232824 0.058437 0.276133
v -0.232585 0.057075 0.276856
v -0.232579 0.056730 0.276908
v -0.232258 0.055516 0.277814
v -0.232252 0.055171 0.277866
v -0.231852 0.054120 0.278941
v -0.231847 0.053775 0.278993
v -0.231373 0.052900 0.280223
v -0.231368 0.052555 0.280275
v -0.230826 0.051871 0.281648
v -0.230820 0.051526 0.281700
v -0.230215 0.051047 0.283202
v -0.230209 0.050702 0.283255
v -0.229545 0.050441 0.284873
v -0.229540 0.050096 0.284925
v -0.228822 0.050068 0.286646
v -0.228816 0.049723 0.286698
v -0.228049 0.049941 0.288509
v -0.228043 0.049596 0.288561
v -0.227262 0.050071 0.290379
v -0.227256 0.049726 0.290431
v -0.226505 0.050447 0.292147
v -0.226499 0.050102 0.292199
v -0.225785 0.051055 0.293801
v -0.225780 0.050710 0.293853
v -0.225108 0.051882 0.295329
v -0.225102 0.051537 0.295381
v -0.224479 0.052914 0.296719
v -0.224473 0.052569 0.296771
v -0.223904 0.054136 0.297958
v -0.223898 0.053790 0.298010
v -0.223389 0.055534 0.299035
v -0.223383 0.055188 0.299087
v -0.222939 0.057094 0.299936
v -0.222933 0.056749 0.299989
v -0.221974 0.062662 0.300996
v -0.222554 0.058457 0.300703
v -0.221506 0.064468 0.301441
v -0.221672 0.063362 0.301447
v -0.221113 0.066393 0.301670
v -0.221279 0.065286 0.301677
v -0.220802 0.068422 0.301674
v -0.220968 0.067315 0.301680
v -0.220592 0.070438 0.301449
v -0.220758 0.069332 0.301455
v -0.220491 0.072353 0.301009
v -0.220657 0.071247 0.301016
v -0.220496 0.074151 0.300368
v -0.220661 0.073045 0.300374
v -0.220923 0.074971 0.299096
v -0.220776 0.074690 0.299531
v -0.221161 0.076459 0.298076
v -0.221229 0.075558 0.298184
v -0.221472 0.077833 0.296915
v -0.221548 0.076909 0.297011
v -0.221868 0.079033 0.295602
v -0.221944 0.078109 0.295698
v -0.222345 0.080046 0.294150
v -0.222422 0.079122 0.294246
v -0.222901 0.080858 0.292572
v -0.222977 0.079934 0.292668
v -0.223530 0.081454 0.290881
v -0.223607 0.080530 0.290977
v -0.224230 0.081820 0.289091
v -0.224188 0.081239 0.289368
v -0.224820 0.082454 0.287483
v -0.224848 0.081714 0.287680
v -0.225501 0.082696 0.285830
v -0.225667 0.081590 0.285836
v -0.226310 0.082331 0.284092
v -0.226476 0.081224 0.284099
v -0.227103 0.081737 0.282474
v -0.227269 0.080631 0.282480
v -0.227871 0.080930 0.280986
v -0.228037 0.079823 0.280992
v -0.228608 0.079922 0.279641
v -0.228774 0.078816 0.279647
v -0.229306 0.078729 0.278451
v -0.229472 0.077623 0.278458
v -0.229958 0.077364 0.277429
v -0.230124 0.076257 0.277435
v -0.230556 0.075840 0.276585
v -0.230722 0.074734 0.276591
v -0.231093 0.074173 0.275933
v -0.231259 0.073066 0.275939
v -0.231562 0.072375 0.275485
v -0.231728 0.071268 0.275491
v -0.231955 0.070461 0.275252
v -0.232120 0.069354 0.275258
v -0.232264 0.068444 0.275247
v -0.232430 0.067338 0.275253
v -0.223734 0.022439 0.301892
v -0.223729 0.022094 0.301945
v -0.236439 0.022919 0.271848
v -0.236463 0.022481 0.271853
v -0.236168 0.028333 0.271735
v -0.236191 0.027895 0.271740
v -0.223520 0.027864 0.301803
v -0.223514 0.027519 0.301855
v -0.223003 0.040929 0.301588
v -0.222997 0.040584 0.301640
v -0.221123 0.040932 0.306085
v -0.221117 0.040587 0.306137
v -0.222287 0.009879 0.306883
v -0.222311 0.009441 0.306888
v -0.224198 0.009879 0.302398
v -0.224222 0.009441 0.302402
v -0.231430 -0.030986 0.283405
v -0.231446 -0.030640 0.283406
v -0.232268 -0.030639 0.281475
v -0.232283 -0.030294 0.281476
v -0.233055 -0.030061 0.279689
v -0.233071 -0.029715 0.279690
v -0.233788 -0.029250 0.278056
v -0.233804 -0.028904 0.278057
v -0.234463 -0.028206 0.276585
v -0.234479 -0.027861 0.276587
v -0.235076 -0.026929 0.275287
v -0.235091 -0.026583 0.275288
v -0.235622 -0.025418 0.274170
v -0.235637 -0.025072 0.274171
v -0.236098 -0.023671 0.273243
v -0.236113 -0.023326 0.273244
v -0.236499 -0.021690 0.272516
v -0.236515 -0.021344 0.272518
v -0.236823 -0.019473 0.271999
v -0.236838 -0.019127 0.272000
v -0.237064 -0.017019 0.271700
v -0.237079 -0.016673 0.271702
v -0.237219 -0.014328 0.271630
v -0.237234 -0.013983 0.271631
v -0.237260 -0.012344 0.271750
v -0.237275 -0.011999 0.271751
v -0.237224 -0.010396 0.272045
v -0.237240 -0.010050 0.272047
v -0.237110 -0.008509 0.272520
v -0.237125 -0.008163 0.272522
v -0.236913 -0.006709 0.273179
v -0.236928 -0.006364 0.273180
v -0.236631 -0.005024 0.274024
v -0.236647 -0.004678 0.274025
v -0.236262 -0.003478 0.275061
v -0.236277 -0.003132 0.275062
v -0.235801 -0.002098 0.276292
v -0.235817 -0.001753 0.276293
v -0.235120 0.003271 0.277668
v -0.235144 0.002833 0.277673
v -0.234383 0.004238 0.279264
v -0.234407 0.003800 0.279269
v -0.233570 0.004961 0.281075
v -0.233594 0.004523 0.281080
v -0.232678 0.005414 0.283106
v -0.232702 0.004976 0.283111
v -0.231708 0.005571 0.285362
v -0.231732 0.005132 0.285367
v -0.222503 0.005570 0.306973
v -0.222527 0.005132 0.306978
v -0.222623 -0.004031 0.307022
v -0.222639 -0.003685 0.307023
v -0.231373 -0.004031 0.286482
v -0.231388 -0.003686 0.286483
v -0.231770 -0.004043 0.285547
v -0.231786 -0.003698 0.285548
v -0.232130 -0.004080 0.284699
v -0.232145 -0.003735 0.284701
v -0.232454 -0.004145 0.283931
v -0.232469 -0.003799 0.283933
v -0.232746 -0.004238 0.283235
v -0.232761 -0.003893 0.283236
v -0.233009 -0.004364 0.282603
v -0.233025 -0.004018 0.282604
v -0.233247 -0.004523 0.282026
v -0.233263 -0.004177 0.282028
v -0.233463 -0.004717 0.281498
v -0.233479 -0.004372 0.281500
v -0.233660 -0.004950 0.281011
v -0.233675 -0.004604 0.281012
v -0.233841 -0.005222 0.280556
v -0.233856 -0.004877 0.280557
v -0.234010 -0.005537 0.280125
v -0.234025 -0.005191 0.280127
v -0.234169 -0.005896 0.279712
v -0.234184 -0.005550 0.279713
v -0.234322 -0.006301 0.279308
v -0.234338 -0.005955 0.279309
v -0.234503 -0.006852 0.278823
v -0.234519 -0.006507 0.278824
v -0.234665 -0.007427 0.278380
v -0.234681 -0.007081 0.278381
v -0.234808 -0.008024 0.277979
v -0.234824 -0.007679 0.277980
v -0.234933 -0.008645 0.277619
v -0.234948 -0.008299 0.277620
v -0.235039 -0.009288 0.277301
v -0.235054 -0.008943 0.277302
v -0.235126 -0.009955 0.277023
v -0.235141 -0.009609 0.277025
v -0.235194 -0.010645 0.276787
v -0.235210 -0.010299 0.276789
v -0.235244 -0.011357 0.276592
v -0.235260 -0.011012 0.276593
v -0.235276 -0.012093 0.276437
v -0.235291 -0.011747 0.276439
v -0.235289 -0.012852 0.276323
v -0.235305 -0.012506 0.276325
v -0.235284 -0.013634 0.276249
v -0.235300 -0.013288 0.276251
v -0.235261 -0.014439 0.276216
v -0.235277 -0.014093 0.276217
v -0.235211 -0.015453 0.276224
v -0.235226 -0.015107 0.276225
v -0.235142 -0.016417 0.276281
v -0.235157 -0.016072 0.276282
v -0.235056 -0.017333 0.276383
v -0.235071 -0.016987 0.276385
v -0.234953 -0.018199 0.276529
v -0.234969 -0.017853 0.276530
v -0.234837 -0.019015 0.276714
v -0.234852 -0.018670 0.276715
v -0.234706 -0.019781 0.276936
v -0.234722 -0.019435 0.276937
v -0.234564 -0.020496 0.277191
v -0.234580 -0.020150 0.277193
v -0.234412 -0.021160 0.277478
v -0.234427 -0.020814 0.277479
v -0.234249 -0.021772 0.277792
v -0.234265 -0.021426 0.277793
v -0.234079 -0.022332 0.278131
v -0.234094 -0.021987 0.278132
v -0.233902 -0.022841 0.278492
v -0.233917 -0.022495 0.278493
v -0.233719 -0.023296 0.278871
v -0.233734 -0.022950 0.278873
v -0.233504 -0.023750 0.279326
v -0.233520 -0.023404 0.279327
v -0.233278 -0.024145 0.279813
v -0.233294 -0.023799 0.279814
v -0.233041 -0.024485 0.280332
v -0.233057 -0.024140 0.280333
v -0.232793 -0.024774 0.280884
v -0.232809 -0.024429 0.280885
v -0.232533 -0.025015 0.281467
v -0.232549 -0.024670 0.281468
v -0.232262 -0.025213 0.282082
v -0.232278 -0.024867 0.282084
v -0.231980 -0.025370 0.282729
v -0.231995 -0.025024 0.282730
v -0.231685 -0.025490 0.283407
v -0.231701 -0.025144 0.283408
v -0.231379 -0.025577 0.284116
v -0.231395 -0.025231 0.284117
v -0.231062 -0.025634 0.284855
v -0.231077 -0.025289 0.284857
v -0.230732 -0.025666 0.285626
v -0.230748 -0.025321 0.285627
v -0.230391 -0.025676 0.286426
v -0.230406 -0.025331 0.286428
v -0.221771 -0.025675 0.306661
v -0.221787 -0.025330 0.306662
v -0.221557 -0.031100 0.306570
v -0.221573 -0.030755 0.306571
v -0.230546 -0.031101 0.285469
v -0.230561 -0.030756 0.285470
v -0.223467 -0.056161 0.298908
v -0.223475 -0.055723 0.298952
v -0.223262 -0.055369 0.299507
v -0.223270 -0.054931 0.299551
v -0.223089 -0.054585 0.300031
v -0.223097 -0.054146 0.300075
v -0.222945 -0.053810 0.300484
v -0.222953 -0.053371 0.300528
v -0.222828 -0.053045 0.300870
v -0.222836 -0.052607 0.300914
v -0.222737 -0.052293 0.301194
v -0.222745 -0.051854 0.301237
v -0.222670 -0.051555 0.301458
v -0.222677 -0.051116 0.301502
v -0.222624 -0.050831 0.301668
v -0.222632 -0.050393 0.301711
v -0.222600 -0.050125 0.301827
v -0.222607 -0.049686 0.301870
v -0.222593 -0.049437 0.301939
v -0.222601 -0.048998 0.301983
v -0.222604 -0.048769 0.302009
v -0.222611 -0.048330 0.302053
v -0.222629 -0.048122 0.302040
v -0.222637 -0.047684 0.302084
v -0.222686 -0.047274 0.302023
v -0.222694 -0.046835 0.302067
v -0.222770 -0.046472 0.301939
v -0.222777 -0.046033 0.301982
v -0.222877 -0.045722 0.301789
v -0.222885 -0.045283 0.301832
v -0.223007 -0.045028 0.301577
v -0.223015 -0.044590 0.301620
v -0.223158 -0.044397 0.301307
v -0.223166 -0.043958 0.301350
v -0.223328 -0.043833 0.300981
v -0.223336 -0.043394 0.301024
v -0.223516 -0.043342 0.300602
v -0.223524 -0.042903 0.300645
v -0.223721 -0.042928 0.300174
v -0.223728 -0.042489 0.300217
v -0.223940 -0.042597 0.299699
v -0.223897 -0.041772 0.299908
v -0.224171 -0.042354 0.299181
v -0.224129 -0.041529 0.299391
v -0.224415 -0.042204 0.298623
v -0.224423 -0.041766 0.298667
v -0.224668 -0.042153 0.298028
v -0.224676 -0.041714 0.298071
v -0.225299 -0.042473 0.296480
v -0.225307 -0.042034 0.296523
v -0.225809 -0.043358 0.295141
v -0.225816 -0.042920 0.295184
v -0.226229 -0.044697 0.293950
v -0.226237 -0.044258 0.293993
v -0.226592 -0.046375 0.292848
v -0.226600 -0.045936 0.292891
v -0.226930 -0.048280 0.291775
v -0.226938 -0.047841 0.291818
v -0.227274 -0.050297 0.290670
v -0.227282 -0.049858 0.290713
v -0.227657 -0.052315 0.289474
v -0.227664 -0.051876 0.289517
v -0.228109 -0.054219 0.288126
v -0.228117 -0.053780 0.288169
v -0.228665 -0.055897 0.286566
v -0.228672 -0.055458 0.286610
v -0.229354 -0.057235 0.284735
v -0.229362 -0.056796 0.284779
v -0.230209 -0.058120 0.282572
v -0.230217 -0.057681 0.282616
v -0.231263 -0.058439 0.280017
v -0.231270 -0.058000 0.280061
v -0.231827 -0.058346 0.278685
v -0.231835 -0.057908 0.278729
v -0.232371 -0.058078 0.277427
v -0.232379 -0.057639 0.277471
v -0.232890 -0.057642 0.276252
v -0.232898 -0.057203 0.276295
v -0.233380 -0.057050 0.275168
v -0.233388 -0.056612 0.275211
v -0.233838 -0.056312 0.274183
v -0.233845 -0.055873 0.274226
v -0.234258 -0.055437 0.273306
v -0.234265 -0.054998 0.273349
v -0.234636 -0.054436 0.272546
v -0.234644 -0.053997 0.272589
v -0.234969 -0.053318 0.271910
v -0.234977 -0.052879 0.271954
v -0.235252 -0.052093 0.271408
v -0.235260 -0.051655 0.271452
v -0.235482 -0.050772 0.271048
v -0.235490 -0.050334 0.271092
v -0.235653 -0.049365 0.270839
v -0.235661 -0.048926 0.270882
v -0.235762 -0.047880 0.270788
v -0.235770 -0.047442 0.270832
v -0.235804 -0.046874 0.270830
v -0.235812 -0.046435 0.270874
v -0.235827 -0.045898 0.270915
v -0.235834 -0.045459 0.270959
v -0.235829 -0.044950 0.271043
v -0.235837 -0.044511 0.271086
v -0.235812 -0.044028 0.271214
v -0.235820 -0.043589 0.271258
v -0.235775 -0.043129 0.271430
v -0.235782 -0.042691 0.271474
v -0.235717 -0.042253 0.271691
v -0.235725 -0.041814 0.271734
v -0.235640 -0.041396 0.271996
v -0.235647 -0.040957 0.272040
v -0.235542 -0.040556 0.272348
v -0.235550 -0.040117 0.272391
v -0.235424 -0.039732 0.272746
v -0.235431 -0.039293 0.272790
v -0.235285 -0.038921 0.273191
v -0.235292 -0.038482 0.273235
v -0.235125 -0.038121 0.273684
v -0.235133 -0.037682 0.273728
v -0.234945 -0.037330 0.274225
v -0.234953 -0.036892 0.274269
v -0.232287 -0.037335 0.280559
v -0.232294 -0.036896 0.280602
v -0.232581 -0.038039 0.279758
v -0.232589 -0.037601 0.279801
v -0.232848 -0.038772 0.279019
v -0.232855 -0.038334 0.279063
v -0.233086 -0.039532 0.278344
v -0.233094 -0.039093 0.278387
v -0.233296 -0.040316 0.277733
v -0.233304 -0.039877 0.277776
v -0.233477 -0.041124 0.277188
v -0.233485 -0.040685 0.277231
v -0.233629 -0.041952 0.276709
v -0.233637 -0.041513 0.276752
v -0.233751 -0.042800 0.276298
v -0.233759 -0.042362 0.276341
v -0.233844 -0.043667 0.275955
v -0.233852 -0.043228 0.275999
v -0.233906 -0.044549 0.275683
v -0.233914 -0.044110 0.275726
v -0.233937 -0.045446 0.275481
v -0.233945 -0.045007 0.275525
v -0.233938 -0.046355 0.275352
v -0.233946 -0.045917 0.275395
v -0.233907 -0.047276 0.275295
v -0.233915 -0.046837 0.275339
v -0.233835 -0.048278 0.275324
v -0.233843 -0.047840 0.275367
v -0.233730 -0.049188 0.275446
v -0.233738 -0.048749 0.275490
v -0.233595 -0.050006 0.275652
v -0.233603 -0.049567 0.275695
v -0.233435 -0.050732 0.275931
v -0.233443 -0.050293 0.275974
v -0.233254 -0.051369 0.276273
v -0.233262 -0.050930 0.276316
v -0.233056 -0.051917 0.276667
v -0.233064 -0.051479 0.276711
v -0.232845 -0.052378 0.277104
v -0.232853 -0.051940 0.277147
v -0.232626 -0.052753 0.277573
v -0.232634 -0.052314 0.277616
v -0.232403 -0.053042 0.278063
v -0.232411 -0.052604 0.278106
v -0.232181 -0.053248 0.278564
v -0.232188 -0.052809 0.278608
v -0.231962 -0.053370 0.279067
v -0.231970 -0.052932 0.279110
v -0.231753 -0.053411 0.279560
v -0.231761 -0.052972 0.279604
v -0.231066 -0.053092 0.281243
v -0.231073 -0.052653 0.281286
v -0.230496 -0.052206 0.282724
v -0.230504 -0.051767 0.282768
v -0.230018 -0.050868 0.284054
v -0.230026 -0.050429 0.284097
v -0.229602 -0.049190 0.285282
v -0.229610 -0.048751 0.285325
v -0.229221 -0.047285 0.286458
v -0.229229 -0.046846 0.286502
v -0.228847 -0.045268 0.287634
v -0.228855 -0.044829 0.287677
v -0.228453 -0.043250 0.288858
v -0.228460 -0.042811 0.288901
v -0.228010 -0.041346 0.290181
v -0.228018 -0.040907 0.290225
v -0.227491 -0.039668 0.291654
v -0.227499 -0.039229 0.291698
v -0.226797 -0.037846 0.293530
v -0.226813 -0.037501 0.293531
v -0.226024 -0.036958 0.295444
v -0.226039 -0.036612 0.295446
v -0.225095 -0.036637 0.297659
v -0.225110 -0.036291 0.297661
v -0.224507 -0.036730 0.299029
v -0.224523 -0.036384 0.299030
v -0.223951 -0.037005 0.300305
v -0.223966 -0.036659 0.300306
v -0.223428 -0.037454 0.301482
v -0.223444 -0.037108 0.301483
v -0.222942 -0.038069 0.302555
v -0.222958 -0.037724 0.302556
v -0.222496 -0.038844 0.303518
v -0.222511 -0.038499 0.303519
v -0.222091 -0.039771 0.304366
v -0.222107 -0.039425 0.304368
v -0.221731 -0.040842 0.305094
v -0.221746 -0.040496 0.305096
v -0.221418 -0.042049 0.305697
v -0.221433 -0.041703 0.305698
v -0.221154 -0.043385 0.306168
v -0.221170 -0.043040 0.306170
v -0.220943 -0.044844 0.306503
v -0.220959 -0.044498 0.306505
v -0.220835 -0.046892 0.306486
v -0.220843 -0.046453 0.306529
v -0.220719 -0.048567 0.306525
v -0.220727 -0.048129 0.306569
v -0.220690 -0.049286 0.306493
v -0.220698 -0.048847 0.306537
v -0.220675 -0.050003 0.306427
v -0.220683 -0.049564 0.306471
v -0.220674 -0.050719 0.306327
v -0.220682 -0.050280 0.306371
v -0.220688 -0.051432 0.306193
v -0.220696 -0.050993 0.306237
v -0.220717 -0.052142 0.306025
v -0.220725 -0.051703 0.306069
v -0.220760 -0.052849 0.305823
v -0.220767 -0.052410 0.305867
v -0.220817 -0.053550 0.305587
v -0.220825 -0.053112 0.305631
v -0.220889 -0.054247 0.305317
v -0.220897 -0.053808 0.305361
v -0.220976 -0.054937 0.305014
v -0.220984 -0.054498 0.305057
v -0.221077 -0.055620 0.304676
v -0.221085 -0.055182 0.304719
v -0.221193 -0.056296 0.304304
v -0.221201 -0.055857 0.304348
v -0.221323 -0.056963 0.303899
v -0.221331 -0.056524 0.303942
v -0.223704 -0.056959 0.298230
v -0.223712 -0.056521 0.298274
v -0.234421 -0.066228 0.271144
v -0.234772 -0.063353 0.270960
v -0.224600 -0.066227 0.293992
v -0.224711 -0.065302 0.294005
v -0.224080 -0.071094 0.293770
v -0.224191 -0.070169 0.293782
v -0.233901 -0.071095 0.270921
v -0.234013 -0.070170 0.270934
v -0.222552 -0.068298 0.298146
v -0.222663 -0.067372 0.298159
v -0.222561 -0.067922 0.298236
v -0.222672 -0.066997 0.298248
v -0.222548 -0.067566 0.298368
v -0.222660 -0.066640 0.298381
v -0.222517 -0.067232 0.298541
v -0.222628 -0.066306 0.298554
v -0.222466 -0.066923 0.298750
v -0.222577 -0.065997 0.298763
v -0.222397 -0.066644 0.298992
v -0.222509 -0.065718 0.299004
v -0.222312 -0.066398 0.299263
v -0.222423 -0.065472 0.299275
v -0.222211 -0.066188 0.299559
v -0.222322 -0.065263 0.299572
v -0.222095 -0.066019 0.299878
v -0.222206 -0.065094 0.299891
v -0.221966 -0.065894 0.300216
v -0.222077 -0.064968 0.300228
v -0.221824 -0.065816 0.300568
v -0.221935 -0.064890 0.300581
v -0.221670 -0.065789 0.300933
v -0.221782 -0.064864 0.300945
v -0.221511 -0.065816 0.301294
v -0.221623 -0.064890 0.301307
v -0.221353 -0.065894 0.301640
v -0.221465 -0.064968 0.301653
v -0.221197 -0.066019 0.301966
v -0.221309 -0.065093 0.301979
v -0.221045 -0.066188 0.302269
v -0.221157 -0.065263 0.302282
v -0.220899 -0.066398 0.302547
v -0.221011 -0.065472 0.302560
v -0.220761 -0.066644 0.302795
v -0.220873 -0.065718 0.302808
v -0.220633 -0.066923 0.303012
v -0.220745 -0.065997 0.303024
v -0.220516 -0.067231 0.303192
v -0.220628 -0.066306 0.303205
v -0.220413 -0.067566 0.303334
v -0.220525 -0.066640 0.303347
v -0.220325 -0.067922 0.303435
v -0.220436 -0.066997 0.303447
v -0.220253 -0.068297 0.303490
v -0.220365 -0.067372 0.303503
v -0.220201 -0.068688 0.303497
v -0.220313 -0.067762 0.303510
v -0.220170 -0.069078 0.303454
v -0.220282 -0.068152 0.303467
v -0.220161 -0.069453 0.303365
v -0.220273 -0.068527 0.303377
v -0.220173 -0.069809 0.303232
v -0.220285 -0.068884 0.303244
v -0.220205 -0.070144 0.303059
v -0.220317 -0.069218 0.303072
v -0.220256 -0.070452 0.302850
v -0.220368 -0.069527 0.302863
v -0.220325 -0.070732 0.302608
v -0.220436 -0.069806 0.302621
v -0.220410 -0.070978 0.302337
v -0.220522 -0.070052 0.302350
v -0.220511 -0.071187 0.302041
v -0.220623 -0.070261 0.302053
v -0.220627 -0.071356 0.301722
v -0.220739 -0.070431 0.301735
v -0.220756 -0.071482 0.301384
v -0.220868 -0.070556 0.301397
v -0.220898 -0.071559 0.301032
v -0.221010 -0.070634 0.301044
v -0.221051 -0.071586 0.300668
v -0.221163 -0.070661 0.300680
v -0.221210 -0.071559 0.300306
v -0.221322 -0.070634 0.300318
v -0.221369 -0.071482 0.299960
v -0.221480 -0.070556 0.299973
v -0.221525 -0.071356 0.299634
v -0.221636 -0.070431 0.299647
v -0.221677 -0.071187 0.299331
v -0.221788 -0.070262 0.299343
v -0.221823 -0.070978 0.299053
v -0.221934 -0.070052 0.299066
v -0.221960 -0.070732 0.298805
v -0.222072 -0.069806 0.298817
v -0.222089 -0.070453 0.298589
v -0.222200 -0.069527 0.298601
v -0.222205 -0.070144 0.298408
v -0.222317 -0.069219 0.298421
v -0.222309 -0.069810 0.298266
v -0.222420 -0.068884 0.298278
v -0.222397 -0.069453 0.298166
v -0.222509 -0.068528 0.298178
v -0.222468 -0.069078 0.298110
v -0.222580 -0.068152 0.298123
v -0.222521 -0.068688 0.298103
v -0.222632 -0.067762 0.298116
v -0.224126 -0.082743 0.290234
v -0.224238 -0.081818 0.290247
v -0.223818 -0.083369 0.290765
v -0.223930 -0.082443 0.290778
v -0.223533 -0.083988 0.291246
v -0.223645 -0.083062 0.291259
v -0.223270 -0.084601 0.291677
v -0.223382 -0.083675 0.291690
v -0.223029 -0.085208 0.292059
v -0.223141 -0.084282 0.292072
v -0.222810 -0.085810 0.292391
v -0.222922 -0.084884 0.292404
v -0.222613 -0.086407 0.292674
v -0.222724 -0.085481 0.292687
v -0.222437 -0.086999 0.292909
v -0.222548 -0.086074 0.292922
v -0.222282 -0.087588 0.293096
v -0.222394 -0.086662 0.293108
v -0.222148 -0.088172 0.293234
v -0.222260 -0.087247 0.293247
v -0.222036 -0.088753 0.293326
v -0.222147 -0.087828 0.293338
v -0.221943 -0.089331 0.293369
v -0.222055 -0.088406 0.293382
v -0.221872 -0.089907 0.293366
v -0.221984 -0.088981 0.293379
v -0.221802 -0.090675 0.293302
v -0.221914 -0.089749 0.293314
v -0.221761 -0.091418 0.293179
v -0.221873 -0.090493 0.293192
v -0.221747 -0.092136 0.292999
v -0.221859 -0.091211 0.293012
v -0.221734 -0.093690 0.292537
v -0.221873 -0.091902 0.292776
v -0.221760 -0.094348 0.292240
v -0.221914 -0.092565 0.292484
v -0.221814 -0.094977 0.291887
v -0.221953 -0.093868 0.291957
v -0.221895 -0.095575 0.291479
v -0.222035 -0.094466 0.291549
v -0.222004 -0.096141 0.291018
v -0.222144 -0.095032 0.291088
v -0.222141 -0.096675 0.290502
v -0.222281 -0.095565 0.290573
v -0.222306 -0.097173 0.289934
v -0.222445 -0.096064 0.290005
v -0.222498 -0.097636 0.289314
v -0.222637 -0.096527 0.289384
v -0.222718 -0.098061 0.288642
v -0.222857 -0.096952 0.288712
v -0.222414 -0.098600 0.289166
v -0.222553 -0.097491 0.289236
v -0.222116 -0.099159 0.289668
v -0.222255 -0.098050 0.289738
v -0.221826 -0.099740 0.290144
v -0.221965 -0.098631 0.290214
v -0.221546 -0.100343 0.290588
v -0.221685 -0.099234 0.290658
v -0.221278 -0.100972 0.290994
v -0.221417 -0.099862 0.291064
v -0.221024 -0.101626 0.291357
v -0.221163 -0.100517 0.291427
v -0.220786 -0.102310 0.291672
v -0.220926 -0.101201 0.291742
v -0.220567 -0.103023 0.291934
v -0.220706 -0.101914 0.292004
v -0.220368 -0.103767 0.292136
v -0.220507 -0.102658 0.292206
v -0.220191 -0.104545 0.292274
v -0.220330 -0.103436 0.292344
v -0.220038 -0.105358 0.292342
v -0.220177 -0.104249 0.292412
v -0.219911 -0.106208 0.292334
v -0.220051 -0.105099 0.292405
v -0.219787 -0.107405 0.292197
v -0.219926 -0.106295 0.292267
v -0.219733 -0.108522 0.291920
v -0.219873 -0.107413 0.291991
v -0.219360 -0.111095 0.291768
v -0.219888 -0.108446 0.291582
v -0.219410 -0.112026 0.291219
v -0.219970 -0.109390 0.291048
v -0.219530 -0.112865 0.290553
v -0.219813 -0.111410 0.290585
v -0.219718 -0.113608 0.289775
v -0.220001 -0.112153 0.289808
v -0.219973 -0.114250 0.288893
v -0.220256 -0.112794 0.288926
v -0.220292 -0.114785 0.287912
v -0.220575 -0.113330 0.287945
v -0.220674 -0.115210 0.286840
v -0.220957 -0.113755 0.286872
v -0.221117 -0.115520 0.285681
v -0.221400 -0.114065 0.285714
v -0.221620 -0.115710 0.284444
v -0.221902 -0.114255 0.284476
v -0.222179 -0.115775 0.283133
v -0.222461 -0.114320 0.283166
v -0.228756 -0.114273 0.268545
v -0.228895 -0.113164 0.268615
v -0.229383 -0.109442 0.268805
v -0.229522 -0.108333 0.268875
v -0.223377 -0.109456 0.282981
v -0.223517 -0.108347 0.283051
v -0.223030 -0.109410 0.283817
v -0.223170 -0.108301 0.283887
v -0.222723 -0.109276 0.284591
v -0.222862 -0.108167 0.284662
v -0.222455 -0.109059 0.285302
v -0.222595 -0.107950 0.285372
v -0.222226 -0.108765 0.285947
v -0.222366 -0.107656 0.286018
v -0.222037 -0.108401 0.286527
v -0.222176 -0.107292 0.286597
v -0.221885 -0.107974 0.287038
v -0.222025 -0.106865 0.287108
v -0.221772 -0.107488 0.287481
v -0.221911 -0.106379 0.287551
v -0.221696 -0.106951 0.287852
v -0.221836 -0.105842 0.287923
v -0.221658 -0.106369 0.288152
v -0.221797 -0.105260 0.288223
v -0.221657 -0.105748 0.288379
v -0.221796 -0.104639 0.288449
v -0.221692 -0.105094 0.288531
v -0.221832 -0.103985 0.288601
v -0.221764 -0.104413 0.288607
v -0.221904 -0.103304 0.288677
v -0.221823 -0.104008 0.288614
v -0.221962 -0.102899 0.288684
v -0.221906 -0.103585 0.288570
v -0.222045 -0.102476 0.288641
v -0.222012 -0.103145 0.288479
v -0.222151 -0.102035 0.288549
v -0.222139 -0.102691 0.288342
v -0.222278 -0.101582 0.288412
v -0.222285 -0.102229 0.288164
v -0.222424 -0.101119 0.288234
v -0.222449 -0.101759 0.287946
v -0.222588 -0.100650 0.288016
v -0.222628 -0.101286 0.287693
v -0.222768 -0.100177 0.287763
v -0.222822 -0.100813 0.287406
v -0.222961 -0.099704 0.287477
v -0.223027 -0.100342 0.287090
v -0.223167 -0.099233 0.287160
v -0.223243 -0.099878 0.286747
v -0.223383 -0.098769 0.286817
v -0.223468 -0.099424 0.286380
v -0.223608 -0.098315 0.286450
v -0.223700 -0.098982 0.285992
v -0.223839 -0.097873 0.286062
v -0.230742 -0.098965 0.269369
v -0.230881 -0.097856 0.269439
v -0.231368 -0.094134 0.269628
v -0.231507 -0.093025 0.269698
v -0.225342 -0.094148 0.283855
v -0.225481 -0.093039 0.283925
v -0.224972 -0.094108 0.284744
v -0.225111 -0.092999 0.284814
v -0.224649 -0.093990 0.285549
v -0.224788 -0.092881 0.285619
v -0.224371 -0.093799 0.286273
v -0.224510 -0.092690 0.286343
v -0.224137 -0.093542 0.286917
v -0.224277 -0.092433 0.286988
v -0.223946 -0.093223 0.287483
v -0.224102 -0.091437 0.287729
v -0.223796 -0.092849 0.287973
v -0.223941 -0.091060 0.288214
v -0.223707 -0.091558 0.288612
v -0.223819 -0.090632 0.288625
v -0.223622 -0.091086 0.288949
v -0.223733 -0.090160 0.288962
v -0.223572 -0.090575 0.289215
v -0.223684 -0.089650 0.289227
v -0.223557 -0.090032 0.289410
v -0.223669 -0.089106 0.289423
v -0.223575 -0.089461 0.289537
v -0.223687 -0.088535 0.289550
v -0.223624 -0.088868 0.289598
v -0.223736 -0.087943 0.289610
v -0.223695 -0.088269 0.289610
v -0.223806 -0.087344 0.289622
v -0.223776 -0.087700 0.289588
v -0.223888 -0.086775 0.289601
v -0.223869 -0.087157 0.289530
v -0.223981 -0.086232 0.289543
v -0.223977 -0.086636 0.289434
v -0.224089 -0.085710 0.289447
v -0.224100 -0.086132 0.289297
v -0.224212 -0.085207 0.289309
v -0.224240 -0.085642 0.289116
v -0.224352 -0.084716 0.289128
v -0.224398 -0.085160 0.288889
v -0.224510 -0.084235 0.288901
v -0.224577 -0.084684 0.288613
v -0.224689 -0.083758 0.288626
v -0.224778 -0.084208 0.288287
v -0.224889 -0.083282 0.288300
v -0.225002 -0.083729 0.287907
v -0.225113 -0.082803 0.287920
v -0.225250 -0.083242 0.287472
v -0.225362 -0.082316 0.287484
v -0.225526 -0.082743 0.286978
v -0.225638 -0.081818 0.286990
v -0.232657 -0.082744 0.270388
v -0.232768 -0.081818 0.270401
v -0.233177 -0.077877 0.270611
v -0.233288 -0.076951 0.270623
v -0.223355 -0.077876 0.293459
v -0.223467 -0.076950 0.293472
v -0.222835 -0.082743 0.293237
v -0.222947 -0.081817 0.293249
v 0.081818 -0.224238 0.290247
v 0.082443 -0.223930 0.290778
v 0.083062 -0.223645 0.291259
v 0.083675 -0.223382 0.291690
v 0.084282 -0.223141 0.292072
v 0.084884 -0.222922 0.292404
v 0.085481 -0.222724 0.292687
v 0.086074 -0.222548 0.292922
v 0.086662 -0.222394 0.293108
v 0.087247 -0.222260 0.293247
v 0.087828 -0.222147 0.293338
v 0.088406 -0.222055 0.293382
v 0.088981 -0.221984 0.293379
v 0.089749 -0.221914 0.293314
v 0.090493 -0.221873 0.293192
v 0.091211 -0.221859 0.293012
v 0.091902 -0.221873 0.292776
v 0.092565 -0.221914 0.292484
v 0.093868 -0.221953 0.291957
v 0.094466 -0.222035 0.291549
v 0.095032 -0.222144 0.291088
v 0.095566 -0.222281 0.290573
v 0.096064 -0.222445 0.290005
v 0.096527 -0.222637 0.289384
v 0.096952 -0.222857 0.288712
v 0.097491 -0.222553 0.289236
v 0.098050 -0.222255 0.289738
v 0.098631 -0.221965 0.290214
v 0.099234 -0.221685 0.290658
v 0.099863 -0.221417 0.291064
v 0.100517 -0.221163 0.291427
v 0.101201 -0.220926 0.291742
v 0.101914 -0.220706 0.292004
v 0.102658 -0.220507 0.292206
v 0.103436 -0.220330 0.292344
v 0.104249 -0.220177 0.292412
v 0.105099 -0.220051 0.292405
v 0.106295 -0.219926 0.292267
v 0.107413 -0.219873 0.291991
v 0.108446 -0.219888 0.291582
v 0.109390 -0.219970 0.291048
v 0.111410 -0.219813 0.290585
v 0.112153 -0.220001 0.289808
v 0.112794 -0.220256 0.288926
v 0.113330 -0.220575 0.287945
v 0.113755 -0.220957 0.286872
v 0.114065 -0.221400 0.285714
v 0.114255 -0.221902 0.284476
v 0.114320 -0.222461 0.283166
v 0.113164 -0.228895 0.268615
v 0.108333 -0.229522 0.268875
v 0.108347 -0.223517 0.283051
v 0.108301 -0.223170 0.283887
v 0.108167 -0.222862 0.284662
v 0.107950 -0.222595 0.285372
v 0.107656 -0.222366 0.286018
v 0.107292 -0.222176 0.286597
v 0.106865 -0.222025 0.287108
v 0.106379 -0.221911 0.287551
v 0.105842 -0.221836 0.287923
v 0.105260 -0.221797 0.288223
v 0.104639 -0.221796 0.288449
v 0.103985 -0.221832 0.288601
v 0.103304 -0.221904 0.288677
v 0.102899 -0.221962 0.288684
v 0.102476 -0.222045 0.288641
v 0.102036 -0.222151 0.288549
v 0.101582 -0.222278 0.288412
v 0.101119 -0.222424 0.288234
v 0.100650 -0.222588 0.288016
v 0.100177 -0.222768 0.287763
v 0.099704 -0.222961 0.287477
v 0.099233 -0.223167 0.287160
v 0.098769 -0.223383 0.286817
v 0.098315 -0.223608 0.286450
v 0.097873 -0.223839 0.286062
v 0.097856 -0.230881 0.269439
v 0.093025 -0.231507 0.269698
v 0.093039 -0.225481 0.283925
v 0.092999 -0.225111 0.284814
v 0.092881 -0.224788 0.285619
v 0.092690 -0.224510 0.286343
v 0.092433 -0.224277 0.286987
v 0.091437 -0.224102 0.287729
v 0.091060 -0.223941 0.288214
v 0.090632 -0.223819 0.288625
v 0.090160 -0.223733 0.288962
v 0.089650 -0.223684 0.289228
v 0.089106 -0.223669 0.289423
v 0.088535 -0.223687 0.289550
v 0.087943 -0.223736 0.289610
v 0.087344 -0.223806 0.289622
v 0.086775 -0.223888 0.289601
v 0.086232 -0.223981 0.289543
v 0.085710 -0.224089 0.289447
v 0.085207 -0.224212 0.289309
v 0.084716 -0.224351 0.289128
v 0.084235 -0.224510 0.288901
v 0.083758 -0.224689 0.288626
v 0.083282 -0.224889 0.288300
v 0.082803 -0.225113 0.287920
v 0.082316 -0.225362 0.287484
v 0.081818 -0.225638 0.286990
v 0.081819 -0.232768 0.270401
v 0.076951 -0.233288 0.270623
v 0.076950 -0.223467 0.293472
v 0.081817 -0.222947 0.293249
v 0.067372 -0.222663 0.298159
v 0.066997 -0.222672 0.298248
v 0.066640 -0.222660 0.298381
v 0.066306 -0.222628 0.298554
v 0.065997 -0.222577 0.298763
v 0.065718 -0.222509 0.299004
v 0.065472 -0.222423 0.299275
v 0.065263 -0.222322 0.299572
v 0.065094 -0.222206 0.299891
v 0.064968 -0.222077 0.300228
v 0.064890 -0.221935 0.300581
v 0.064864 -0.221782 0.300945
v 0.064890 -0.221623 0.301307
v 0.064968 -0.221465 0.301653
v 0.065093 -0.221309 0.301979
v 0.065263 -0.221157 0.302282
v 0.065472 -0.221011 0.302560
v 0.065718 -0.220873 0.302808
v 0.065997 -0.220745 0.303024
v 0.066306 -0.220628 0.303205
v 0.066640 -0.220525 0.303347
v 0.066997 -0.220436 0.303447
v 0.067372 -0.220365 0.303503
v 0.067762 -0.220313 0.303510
v 0.068152 -0.220282 0.303467
v 0.068527 -0.220273 0.303377
v 0.068884 -0.220285 0.303244
v 0.069218 -0.220317 0.303072
v 0.069527 -0.220368 0.302863
v 0.069806 -0.220436 0.302621
v 0.070052 -0.220522 0.302350
v 0.070261 -0.220623 0.302053
v 0.070431 -0.220739 0.301735
v 0.070556 -0.220868 0.301397
v 0.070634 -0.221010 0.301044
v 0.070661 -0.221163 0.300680
v 0.070634 -0.221322 0.300318
v 0.070556 -0.221480 0.299973
v 0.070431 -0.221636 0.299647
v 0.070262 -0.221788 0.299343
v 0.070052 -0.221934 0.299066
v 0.069806 -0.222072 0.298817
v 0.069527 -0.222200 0.298601
v 0.069219 -0.222317 0.298421
v 0.068884 -0.222420 0.298278
v 0.068528 -0.222509 0.298178
v 0.068152 -0.222580 0.298123
v 0.067762 -0.222632 0.298116
v 0.063353 -0.234772 0.270960
v 0.065302 -0.224711 0.294005
v 0.070169 -0.224191 0.293782
v 0.070170 -0.234013 0.270934
v 0.055723 -0.223475 0.298952
v 0.054931 -0.223270 0.299551
v 0.054146 -0.223097 0.300075
v 0.053371 -0.222953 0.300528
v 0.052607 -0.222836 0.300914
v 0.051854 -0.222745 0.301237
v 0.051116 -0.222677 0.301502
v 0.050393 -0.222632 0.301711
v 0.049686 -0.222607 0.301870
v 0.048998 -0.222601 0.301983
v 0.048330 -0.222611 0.302053
v 0.047684 -0.222637 0.302084
v 0.046835 -0.222694 0.302067
v 0.046033 -0.222777 0.301982
v 0.045283 -0.222885 0.301832
v 0.044590 -0.223015 0.301620
v 0.043958 -0.223166 0.301350
v 0.043395 -0.223336 0.301024
v 0.042903 -0.223524 0.300645
v 0.042489 -0.223728 0.300217
v 0.041772 -0.223897 0.299908
v 0.041529 -0.224129 0.299391
v 0.041766 -0.224422 0.298667
v 0.041714 -0.224676 0.298071
v 0.042034 -0.225307 0.296523
v 0.042920 -0.225816 0.295184
v 0.044258 -0.226237 0.293993
v 0.045936 -0.226600 0.292891
v 0.047841 -0.226938 0.291818
v 0.049858 -0.227282 0.290713
v 0.051876 -0.227664 0.289517
v 0.053780 -0.228117 0.288169
v 0.055458 -0.228672 0.286610
v 0.056796 -0.229362 0.284779
v 0.057681 -0.230217 0.282616
v 0.058000 -0.231270 0.280061
v 0.057908 -0.231835 0.278729
v 0.057639 -0.232379 0.277471
v 0.057203 -0.232898 0.276295
v 0.056612 -0.233388 0.275211
v 0.055873 -0.233845 0.274226
v 0.054998 -0.234265 0.273349
v 0.053997 -0.234644 0.272589
v 0.052879 -0.234977 0.271954
v 0.051655 -0.235260 0.271452
v 0.050334 -0.235489 0.271092
v 0.048926 -0.235661 0.270882
v 0.047442 -0.235770 0.270832
v 0.046435 -0.235812 0.270874
v 0.045459 -0.235834 0.270959
v 0.044511 -0.235837 0.271086
v 0.043589 -0.235820 0.271258
v 0.042691 -0.235782 0.271474
v 0.041814 -0.235725 0.271734
v 0.040957 -0.235647 0.272040
v 0.040117 -0.235550 0.272391
v 0.039293 -0.235431 0.272790
v 0.038482 -0.235292 0.273235
v 0.037682 -0.235133 0.273728
v 0.036892 -0.234953 0.274269
v 0.036896 -0.232294 0.280602
v 0.037601 -0.232589 0.279801
v 0.038334 -0.232855 0.279063
v 0.039093 -0.233094 0.278387
v 0.039877 -0.233304 0.277776
v 0.040685 -0.233485 0.277231
v 0.041513 -0.233637 0.276752
v 0.042362 -0.233759 0.276341
v 0.043228 -0.233852 0.275999
v 0.044110 -0.233914 0.275726
v 0.045007 -0.233945 0.275525
v 0.045917 -0.233946 0.275395
v 0.046837 -0.233915 0.275339
v 0.047840 -0.233843 0.275367
v 0.048749 -0.233738 0.275490
v 0.049567 -0.233603 0.275695
v 0.050293 -0.233443 0.275974
v 0.050930 -0.233262 0.276316
v 0.051479 -0.233064 0.276711
v 0.051940 -0.232853 0.277147
v 0.052314 -0.232634 0.277616
v 0.052604 -0.232411 0.278106
v 0.052809 -0.232188 0.278608
v 0.052932 -0.231970 0.279110
v 0.052972 -0.231761 0.279604
v 0.052653 -0.231073 0.281287
v 0.051767 -0.230504 0.282768
v 0.050429 -0.230026 0.284097
v 0.048751 -0.229610 0.285325
v 0.046846 -0.229229 0.286502
v 0.044829 -0.228855 0.287677
v 0.042811 -0.228460 0.288901
v 0.040907 -0.228018 0.290225
v 0.039229 -0.227499 0.291698
v 0.037501 -0.226813 0.293531
v 0.036612 -0.226039 0.295446
v 0.036291 -0.225110 0.297661
v 0.036384 -0.224523 0.299030
v 0.036659 -0.223966 0.300306
v 0.037108 -0.223444 0.301483
v 0.037724 -0.222958 0.302556
v 0.038499 -0.222511 0.303519
v 0.039425 -0.222107 0.304368
v 0.040496 -0.221746 0.305096
v 0.041703 -0.221433 0.305698
v 0.043040 -0.221170 0.306170
v 0.044498 -0.220959 0.306505
v 0.046453 -0.220843 0.306529
v 0.048129 -0.220727 0.306569
v 0.048847 -0.220697 0.306537
v 0.049564 -0.220683 0.306471
v 0.050280 -0.220682 0.306371
v 0.050993 -0.220696 0.306237
v 0.051703 -0.220725 0.306069
v 0.052410 -0.220767 0.305867
v 0.053112 -0.220825 0.305631
v 0.053808 -0.220897 0.305361
v 0.054498 -0.220983 0.305057
v 0.055182 -0.221085 0.304719
v 0.055857 -0.221201 0.304348
v 0.056524 -0.221331 0.303942
v 0.056521 -0.223712 0.298274
v 0.030640 -0.231446 0.283406
v 0.030294 -0.232283 0.281476
v 0.029715 -0.233071 0.279690
v 0.028904 -0.233804 0.278057
v 0.027861 -0.234479 0.276587
v 0.026583 -0.235091 0.275288
v 0.025072 -0.235637 0.274171
v 0.023326 -0.236113 0.273244
v 0.021344 -0.236515 0.272518
v 0.019127 -0.236838 0.272000
v 0.016673 -0.237079 0.271702
v 0.013983 -0.237234 0.271631
v 0.011999 -0.237275 0.271751
v 0.010050 -0.237240 0.272047
v 0.008163 -0.237125 0.272522
v 0.006364 -0.236928 0.273180
v 0.004678 -0.236646 0.274025
v 0.003132 -0.236277 0.275062
v 0.001753 -0.235817 0.276293
v -0.002833 -0.235144 0.277673
v -0.003800 -0.234407 0.279269
v -0.004523 -0.233594 0.281080
v -0.004976 -0.232702 0.283111
v -0.005132 -0.231732 0.285367
v -0.005132 -0.222527 0.306978
v 0.003685 -0.222639 0.307023
v 0.003686 -0.231388 0.286483
v 0.003698 -0.231786 0.285548
v 0.003735 -0.232145 0.284701
v 0.003799 -0.232469 0.283933
v 0.003893 -0.232761 0.283236
v 0.004018 -0.233025 0.282604
v 0.004177 -0.233263 0.282028
v 0.004372 -0.233478 0.281500
v 0.004604 -0.233675 0.281012
v 0.004877 -0.233856 0.280557
v 0.005192 -0.234025 0.280127
v 0.005550 -0.234184 0.279714
v 0.005956 -0.234338 0.279309
v 0.006507 -0.234519 0.278824
v 0.007081 -0.234681 0.278381
v 0.007679 -0.234824 0.277980
v 0.008299 -0.234948 0.277620
v 0.008943 -0.235054 0.277302
v 0.009609 -0.235141 0.277025
v 0.010299 -0.235210 0.276789
v 0.011012 -0.235260 0.276593
v 0.011747 -0.235291 0.276439
v 0.012506 -0.235305 0.276325
v 0.013288 -0.235300 0.276251
v 0.014093 -0.235277 0.276217
v 0.015107 -0.235226 0.276225
v 0.016072 -0.235157 0.276282
v 0.016987 -0.235071 0.276385
v 0.017853 -0.234969 0.276530
v 0.018670 -0.234852 0.276715
v 0.019435 -0.234722 0.276937
v 0.020150 -0.234580 0.277193
v 0.020814 -0.234427 0.277479
v 0.021426 -0.234265 0.277794
v 0.021987 -0.234094 0.278132
v 0.022495 -0.233917 0.278493
v 0.022950 -0.233734 0.278873
v 0.023404 -0.233520 0.279327
v 0.023799 -0.233294 0.279814
v 0.024140 -0.233057 0.280333
v 0.024429 -0.232809 0.280885
v 0.024670 -0.232549 0.281468
v 0.024867 -0.232278 0.282084
v 0.025024 -0.231995 0.282730
v 0.025144 -0.231701 0.283408
v 0.025231 -0.231395 0.284117
v 0.025289 -0.231077 0.284857
v 0.025321 -0.230748 0.285627
v 0.025331 -0.230406 0.286428
v 0.025330 -0.221787 0.306662
v 0.030755 -0.221573 0.306571
v 0.030756 -0.230561 0.285470
v -0.022094 -0.223729 0.301945
v -0.022481 -0.236463 0.271853
v -0.027895 -0.236191 0.271740
v -0.027519 -0.223514 0.301855
v -0.040583 -0.222997 0.301640
v -0.040587 -0.221117 0.306137
v -0.009441 -0.222311 0.306888
v -0.009441 -0.224222 0.302402
v -0.064353 -0.219436 0.306250
v -0.061594 -0.220000 0.305919
v -0.055906 -0.220913 0.304914
v -0.053531 -0.221447 0.303903
v -0.051393 -0.222075 0.302640
v -0.049503 -0.222787 0.301147
v -0.047872 -0.223573 0.299448
v -0.046512 -0.224424 0.297565
v -0.045434 -0.225329 0.295522
v -0.044649 -0.226277 0.293340
v -0.044169 -0.227259 0.291043
v -0.044005 -0.228265 0.288654
v -0.044161 -0.229232 0.286324
v -0.044626 -0.230159 0.284054
v -0.045393 -0.231036 0.281869
v -0.046452 -0.231852 0.279797
v -0.047795 -0.232598 0.277863
v -0.049413 -0.233261 0.276094
v -0.051297 -0.233832 0.274517
v -0.053440 -0.234300 0.273158
v -0.055832 -0.234654 0.272043
v -0.058464 -0.234883 0.271199
v -0.061329 -0.234978 0.270652
v -0.067450 -0.234399 0.270673
v -0.070382 -0.233948 0.270683
v -0.073117 -0.233382 0.271028
v -0.075644 -0.232713 0.271682
v -0.077952 -0.231954 0.272621
v -0.080030 -0.231117 0.273819
v -0.081867 -0.230216 0.275252
v -0.083451 -0.229261 0.276895
v -0.084771 -0.228267 0.278723
v -0.085817 -0.227246 0.280710
v -0.085905 -0.226469 0.282484
v -0.086379 -0.225473 0.284733
v -0.086542 -0.224481 0.287064
v -0.086384 -0.223506 0.289452
v -0.085908 -0.222600 0.291771
v -0.085128 -0.221770 0.293996
v -0.084057 -0.221027 0.296104
v -0.082707 -0.220377 0.298071
v -0.081092 -0.219830 0.299872
v -0.079225 -0.219393 0.301482
v -0.077118 -0.219076 0.302879
v -0.074785 -0.218887 0.304037
v -0.072240 -0.218833 0.304933
v -0.070223 -0.218681 0.305928
v -0.067311 -0.218984 0.306254
v -0.062241 -0.233044 0.275180
v -0.060279 -0.232980 0.275552
v -0.058437 -0.232824 0.276133
v -0.056730 -0.232579 0.276908
v -0.055171 -0.232252 0.277866
v -0.053775 -0.231846 0.278993
v -0.052555 -0.231368 0.280275
v -0.051526 -0.230820 0.281700
v -0.050702 -0.230209 0.283255
v -0.050096 -0.229540 0.284925
v -0.049723 -0.228816 0.286698
v -0.049596 -0.228043 0.288561
v -0.049726 -0.227256 0.290431
v -0.050102 -0.226499 0.292199
v -0.050710 -0.225780 0.293853
v -0.051537 -0.225102 0.295381
v -0.052569 -0.224473 0.296771
v -0.053790 -0.223898 0.298010
v -0.055188 -0.223383 0.299087
v -0.056749 -0.222933 0.299989
v -0.058457 -0.222554 0.300703
v -0.063362 -0.221672 0.301447
v -0.065286 -0.221279 0.301677
v -0.067315 -0.220968 0.301680
v -0.069332 -0.220758 0.301455
v -0.071247 -0.220657 0.301016
v -0.073045 -0.220661 0.300374
v -0.074690 -0.220776 0.299531
v -0.075558 -0.221229 0.298184
v -0.076909 -0.221548 0.297011
v -0.078109 -0.221944 0.295698
v -0.079122 -0.222422 0.294246
v -0.079934 -0.222977 0.292668
v -0.080530 -0.223607 0.290977
v -0.081239 -0.224188 0.289368
v -0.081714 -0.224848 0.287680
v -0.081590 -0.225667 0.285836
v -0.081224 -0.226476 0.284099
v -0.080631 -0.227269 0.282480
v -0.079823 -0.228037 0.280992
v -0.078816 -0.228774 0.279647
v -0.077623 -0.229472 0.278458
v -0.076257 -0.230124 0.277435
v -0.074734 -0.230722 0.276591
v -0.073066 -0.231259 0.275939
v -0.071268 -0.231728 0.275491
v -0.069354 -0.232120 0.275258
v -0.067338 -0.232430 0.275253
v -0.090194 -0.229333 0.274358
v -0.090198 -0.231272 0.269886
v -0.111719 -0.229038 0.268514
v -0.113054 -0.213964 0.303489
v -0.107764 -0.214780 0.303836
v -0.106369 -0.227739 0.273250
v 0.082743 -0.224126 0.290234
v 0.083369 -0.223818 0.290765
v 0.083988 -0.223533 0.291246
v 0.084601 -0.223270 0.291677
v 0.085208 -0.223029 0.292059
v 0.085810 -0.222810 0.292391
v 0.086407 -0.222613 0.292674
v 0.086999 -0.222437 0.292909
v 0.087588 -0.222282 0.293096
v 0.088172 -0.222148 0.293234
v 0.088753 -0.222036 0.293326
v 0.089331 -0.221943 0.293369
v 0.089907 -0.221872 0.293366
v 0.090675 -0.221802 0.293302
v 0.091418 -0.221761 0.293179
v 0.092136 -0.221747 0.292999
v 0.093690 -0.221734 0.292537
v 0.094348 -0.221760 0.292240
v 0.094977 -0.221814 0.291887
v 0.095575 -0.221895 0.291479
v 0.096141 -0.222004 0.291018
v 0.096675 -0.222141 0.290502
v 0.097173 -0.222306 0.289934
v 0.097636 -0.222498 0.289314
v 0.098061 -0.222718 0.288642
v 0.098600 -0.222414 0.289166
v 0.099159 -0.222116 0.289668
v 0.099740 -0.221826 0.290144
v 0.100343 -0.221546 0.290588
v 0.100972 -0.221278 0.290994
v 0.101627 -0.221024 0.291357
v 0.102310 -0.220786 0.291672
v 0.103023 -0.220567 0.291934
v 0.103767 -0.220368 0.292136
v 0.104545 -0.220190 0.292274
v 0.105358 -0.220038 0.292342
v 0.106208 -0.219911 0.292334
v 0.107405 -0.219787 0.292197
v 0.108522 -0.219733 0.291920
v 0.111095 -0.219360 0.291768
v 0.112026 -0.219410 0.291219
v 0.112865 -0.219530 0.290553
v 0.113608 -0.219718 0.289775
v 0.114250 -0.219973 0.288893
v 0.114785 -0.220292 0.287912
v 0.115210 -0.220674 0.286840
v 0.115520 -0.221117 0.285681
v 0.115710 -0.221620 0.284444
v 0.115775 -0.222179 0.283133
v 0.114273 -0.228756 0.268545
v 0.109442 -0.229383 0.268805
v 0.109456 -0.223377 0.282981
v 0.109410 -0.223030 0.283817
v 0.109276 -0.222723 0.284591
v 0.109059 -0.222455 0.285302
v 0.108765 -0.222226 0.285947
v 0.108401 -0.222037 0.286527
v 0.107974 -0.221885 0.287038
v 0.107488 -0.221772 0.287481
v 0.106951 -0.221696 0.287852
v 0.106369 -0.221658 0.288152
v 0.105748 -0.221657 0.288379
v 0.105094 -0.221692 0.288531
v 0.104413 -0.221764 0.288607
v 0.104008 -0.221823 0.288614
v 0.103585 -0.221906 0.288570
v 0.103145 -0.222012 0.288479
v 0.102691 -0.222139 0.288342
v 0.102229 -0.222285 0.288164
v 0.101759 -0.222449 0.287946
v 0.101286 -0.222628 0.287693
v 0.100813 -0.222822 0.287406
v 0.100342 -0.223027 0.287090
v 0.099878 -0.223243 0.286747
v 0.099424 -0.223468 0.286380
v 0.098982 -0.223700 0.285992
v 0.098965 -0.230742 0.269368
v 0.094134 -0.231368 0.269628
v 0.094148 -0.225342 0.283855
v 0.094108 -0.224972 0.284744
v 0.093990 -0.224649 0.285549
v 0.093799 -0.224371 0.286273
v 0.093542 -0.224137 0.286917
v 0.093223 -0.223946 0.287483
v 0.092849 -0.223796 0.287973
v 0.091558 -0.223707 0.288612
v 0.091086 -0.223622 0.288949
v 0.090575 -0.223572 0.289215
v 0.090032 -0.223557 0.289410
v 0.089461 -0.223575 0.289537
v 0.088868 -0.223624 0.289598
v 0.088269 -0.223695 0.289610
v 0.087700 -0.223776 0.289588
v 0.087157 -0.223869 0.289530
v 0.086636 -0.223977 0.289434
v 0.086132 -0.224100 0.289297
v 0.085642 -0.224240 0.289116
v 0.085160 -0.224398 0.288889
v 0.084684 -0.224577 0.288613
v 0.084208 -0.224778 0.288287
v 0.083729 -0.225002 0.287907
v 0.083242 -0.225250 0.287471
v 0.082743 -0.225526 0.286978
v 0.082744 -0.232657 0.270388
v 0.077877 -0.233177 0.270611
v 0.077876 -0.223355 0.293459
v 0.082743 -0.222835 0.293237
v 0.068298 -0.222552 0.298146
v 0.067922 -0.222561 0.298236
v 0.067566 -0.222548 0.298368
v 0.067232 -0.222516 0.298541
v 0.066923 -0.222466 0.298750
v 0.066644 -0.222397 0.298992
v 0.066398 -0.222312 0.299263
v 0.066188 -0.222210 0.299559
v 0.066019 -0.222095 0.299878
v 0.065894 -0.221965 0.300216
v 0.065816 -0.221824 0.300568
v 0.065789 -0.221670 0.300933
v 0.065816 -0.221511 0.301295
v 0.065894 -0.221353 0.301640
v 0.066019 -0.221197 0.301966
v 0.066188 -0.221045 0.302269
v 0.066398 -0.220899 0.302547
v 0.066644 -0.220761 0.302795
v 0.066923 -0.220633 0.303012
v 0.067231 -0.220516 0.303192
v 0.067566 -0.220413 0.303334
v 0.067922 -0.220325 0.303435
v 0.068297 -0.220253 0.303490
v 0.068688 -0.220201 0.303497
v 0.069078 -0.220170 0.303454
v 0.069453 -0.220161 0.303365
v 0.069809 -0.220173 0.303232
v 0.070144 -0.220205 0.303059
v 0.070452 -0.220256 0.302850
v 0.070732 -0.220325 0.302608
v 0.070978 -0.220410 0.302337
v 0.071187 -0.220511 0.302041
v 0.071356 -0.220627 0.301722
v 0.071482 -0.220756 0.301384
v 0.071559 -0.220898 0.301032
v 0.071586 -0.221051 0.300668
v 0.071559 -0.221210 0.300306
v 0.071482 -0.221369 0.299960
v 0.071356 -0.221525 0.299634
v 0.071187 -0.221677 0.299331
v 0.070978 -0.221823 0.299053
v 0.070732 -0.221960 0.298805
v 0.070453 -0.222089 0.298589
v 0.070144 -0.222205 0.298408
v 0.069810 -0.222309 0.298266
v 0.069453 -0.222397 0.298166
v 0.069078 -0.222468 0.298110
v 0.068688 -0.222521 0.298103
v 0.066228 -0.234421 0.271144
v 0.066227 -0.224599 0.293992
v 0.071094 -0.224080 0.293770
v 0.071096 -0.233901 0.270921
v 0.056161 -0.223467 0.298908
v 0.055369 -0.223262 0.299507
v 0.054585 -0.223089 0.300031
v 0.053810 -0.222945 0.300484
v 0.053045 -0.222828 0.300870
v 0.052293 -0.222737 0.301194
v 0.051555 -0.222670 0.301458
v 0.050831 -0.222624 0.301668
v 0.050125 -0.222600 0.301827
v 0.049437 -0.222593 0.301939
v 0.048769 -0.222604 0.302009
v 0.048123 -0.222629 0.302040
v 0.047274 -0.222686 0.302023
v 0.046472 -0.222769 0.301939
v 0.045722 -0.222877 0.301789
v 0.045028 -0.223007 0.301577
v 0.044397 -0.223158 0.301307
v 0.043833 -0.223328 0.300981
v 0.043342 -0.223516 0.300602
v 0.042928 -0.223721 0.300174
v 0.042597 -0.223940 0.299699
v 0.042354 -0.224171 0.299181
v 0.042204 -0.224415 0.298623
v 0.042153 -0.224668 0.298028
v 0.042473 -0.225299 0.296480
v 0.043358 -0.225809 0.295141
v 0.044697 -0.226229 0.293950
v 0.046375 -0.226592 0.292848
v 0.048280 -0.226930 0.291775
v 0.050297 -0.227274 0.290670
v 0.052315 -0.227657 0.289474
v 0.054219 -0.228109 0.288126
v 0.055897 -0.228665 0.286566
v 0.057235 -0.229354 0.284735
v 0.058120 -0.230209 0.282572
v 0.058439 -0.231263 0.280017
v 0.058346 -0.231827 0.278685
v 0.058078 -0.232371 0.277427
v 0.057642 -0.232890 0.276252
v 0.057050 -0.233380 0.275168
v 0.056312 -0.233838 0.274183
v 0.055437 -0.234258 0.273306
v 0.054436 -0.234636 0.272546
v 0.053318 -0.234969 0.271910
v 0.052093 -0.235252 0.271408
v 0.050772 -0.235482 0.271048
v 0.049365 -0.235653 0.270839
v 0.047880 -0.235762 0.270788
v 0.046874 -0.235804 0.270830
v 0.045898 -0.235827 0.270915
v 0.044950 -0.235829 0.271043
v 0.044028 -0.235812 0.271214
v 0.043129 -0.235775 0.271430
v 0.042253 -0.235717 0.271691
v 0.041396 -0.235640 0.271996
v 0.040556 -0.235542 0.272348
v 0.039732 -0.235424 0.272746
v 0.038921 -0.235285 0.273191
v 0.038121 -0.235125 0.273684
v 0.037330 -0.234945 0.274225
v 0.037335 -0.232287 0.280559
v 0.038039 -0.232581 0.279758
v 0.038772 -0.232848 0.279019
v 0.039532 -0.233086 0.278344
v 0.040316 -0.233296 0.277733
v 0.041124 -0.233477 0.277188
v 0.041952 -0.233629 0.276709
v 0.042800 -0.233751 0.276298
v 0.043667 -0.233844 0.275955
v 0.044549 -0.233906 0.275683
v 0.045446 -0.233937 0.275481
v 0.046355 -0.233938 0.275352
v 0.047276 -0.233907 0.275296
v 0.048278 -0.233835 0.275324
v 0.049188 -0.233730 0.275446
v 0.050006 -0.233595 0.275652
v 0.050732 -0.233435 0.275931
v 0.051369 -0.233254 0.276273
v 0.051917 -0.233056 0.276667
v 0.052378 -0.232845 0.277104
v 0.052753 -0.232626 0.277573
v 0.053042 -0.232403 0.278063
v 0.053248 -0.232181 0.278564
v 0.053370 -0.231962 0.279067
v 0.053411 -0.231753 0.279560
v 0.053092 -0.231066 0.281243
v 0.052206 -0.230496 0.282724
v 0.050868 -0.230018 0.284054
v 0.049190 -0.229602 0.285282
v 0.047285 -0.229221 0.286458
v 0.045268 -0.228847 0.287634
v 0.043250 -0.228453 0.288858
v 0.041346 -0.228010 0.290181
v 0.039668 -0.227491 0.291654
v 0.037846 -0.226797 0.293530
v 0.036958 -0.226024 0.295444
v 0.036637 -0.225095 0.297659
v 0.036730 -0.224507 0.299029
v 0.037005 -0.223951 0.300305
v 0.037454 -0.223428 0.301482
v 0.038070 -0.222942 0.302555
v 0.038844 -0.222496 0.303518
v 0.039771 -0.222091 0.304366
v 0.040842 -0.221731 0.305094
v 0.042049 -0.221418 0.305697
v 0.043385 -0.221154 0.306168
v 0.044844 -0.220943 0.306503
v 0.046892 -0.220835 0.306486
v 0.048567 -0.220719 0.306525
v 0.049286 -0.220690 0.306493
v 0.050003 -0.220675 0.306427
v 0.050719 -0.220674 0.306327
v 0.051432 -0.220688 0.306193
v 0.052142 -0.220717 0.306025
v 0.052849 -0.220760 0.305823
v 0.053550 -0.220817 0.305587
v 0.054247 -0.220889 0.305317
v 0.054937 -0.220976 0.305014
v 0.055620 -0.221077 0.304676
v 0.056296 -0.221193 0.304304
v 0.056963 -0.221323 0.303899
v 0.056959 -0.223704 0.298230
v 0.030986 -0.231430 0.283405
v 0.030639 -0.232268 0.281475
v 0.030061 -0.233055 0.279689
v 0.029250 -0.233788 0.278056
v 0.028206 -0.234463 0.276585
v 0.026929 -0.235076 0.275287
v 0.025418 -0.235622 0.274170
v 0.023671 -0.236098 0.273243
v 0.021690 -0.236499 0.272516
v 0.019473 -0.236823 0.271999
v 0.017019 -0.237064 0.271700
v 0.014328 -0.237219 0.271630
v 0.012344 -0.237260 0.271750
v 0.010396 -0.237224 0.272045
v 0.008509 -0.237110 0.272520
v 0.006709 -0.236913 0.273179
v 0.005024 -0.236631 0.274024
v 0.003478 -0.236261 0.275061
v 0.002098 -0.235801 0.276292
v -0.003271 -0.235120 0.277668
v -0.004238 -0.234383 0.279264
v -0.004961 -0.233570 0.281075
v -0.005414 -0.232678 0.283106
v -0.005571 -0.231708 0.285362
v -0.005570 -0.222503 0.306973
v 0.004031 -0.222623 0.307022
v 0.004031 -0.231373 0.286482
v 0.004043 -0.231770 0.285547
v 0.004080 -0.232129 0.284699
v 0.004145 -0.232454 0.283931
v 0.004238 -0.232746 0.283235
v 0.004364 -0.233009 0.282603
v 0.004523 -0.233247 0.282026
v 0.004717 -0.233463 0.281498
v 0.004950 -0.233660 0.281011
v 0.005223 -0.233841 0.280556
v 0.005537 -0.234010 0.280125
v 0.005896 -0.234169 0.279712
v 0.006301 -0.234322 0.279308
v 0.006852 -0.234503 0.278823
v 0.007427 -0.234665 0.278380
v 0.008024 -0.234808 0.277979
v 0.008645 -0.234933 0.277619
v 0.009288 -0.235038 0.277301
v 0.009955 -0.235126 0.277023
v 0.010645 -0.235194 0.276787
v 0.011357 -0.235244 0.276592
v 0.012093 -0.235276 0.276437
v 0.012852 -0.235289 0.276323
v 0.013634 -0.235284 0.276249
v 0.014439 -0.235261 0.276216
v 0.015453 -0.235211 0.276224
v 0.016417 -0.235142 0.276281
v 0.017333 -0.235055 0.276383
v 0.018199 -0.234953 0.276529
v 0.019015 -0.234837 0.276714
v 0.019781 -0.234706 0.276936
v 0.020496 -0.234564 0.277191
v 0.021160 -0.234411 0.277478
v 0.021772 -0.234249 0.277792
v 0.022332 -0.234079 0.278131
v 0.022841 -0.233902 0.278492
v 0.023296 -0.233719 0.278871
v 0.023750 -0.233504 0.279326
v 0.024145 -0.233278 0.279813
v 0.024485 -0.233041 0.280332
v 0.024774 -0.232793 0.280883
v 0.025016 -0.232533 0.281467
v 0.025213 -0.232262 0.282082
v 0.025370 -0.231980 0.282729
v 0.025490 -0.231685 0.283407
v 0.025577 -0.231379 0.284116
v 0.025634 -0.231062 0.284856
v 0.025666 -0.230732 0.285626
v 0.025676 -0.230391 0.286426
v 0.025675 -0.221771 0.306661
v 0.031100 -0.221557 0.306570
v 0.031101 -0.230546 0.285469
v -0.022439 -0.223734 0.301892
v -0.022919 -0.236439 0.271849
v -0.028333 -0.236168 0.271735
v -0.027864 -0.223520 0.301803
v -0.040929 -0.223003 0.301588
v -0.040932 -0.221123 0.306085
v -0.009879 -0.222287 0.306883
v -0.009879 -0.224198 0.302398
v -0.065460 -0.219270 0.306244
v -0.062701 -0.219834 0.305913
v -0.056251 -0.220919 0.304861
v -0.053876 -0.221453 0.303851
v -0.051738 -0.222081 0.302588
v -0.049848 -0.222793 0.301095
v -0.048217 -0.223579 0.299396
v -0.046857 -0.224430 0.297513
v -0.045779 -0.225334 0.295469
v -0.044994 -0.226283 0.293288
v -0.044514 -0.227265 0.290991
v -0.044350 -0.228271 0.288602
v -0.044506 -0.229237 0.286272
v -0.044971 -0.230164 0.284001
v -0.045738 -0.231042 0.281817
v -0.046797 -0.231858 0.279745
v -0.048140 -0.232603 0.277811
v -0.049758 -0.233267 0.276042
v -0.051643 -0.233838 0.274465
v -0.053785 -0.234305 0.273106
v -0.056177 -0.234659 0.271991
v -0.058810 -0.234889 0.271147
v -0.061674 -0.234984 0.270600
v -0.068556 -0.234233 0.270666
v -0.071488 -0.233782 0.270677
v -0.074224 -0.233216 0.271021
v -0.076751 -0.232547 0.271676
v -0.079059 -0.231788 0.272614
v -0.081137 -0.230951 0.273813
v -0.082973 -0.230050 0.275246
v -0.084557 -0.229095 0.276889
v -0.085878 -0.228101 0.278716
v -0.086848 -0.227108 0.280664
v -0.086829 -0.226393 0.282388
v -0.087303 -0.225396 0.284637
v -0.087466 -0.224405 0.286968
v -0.087308 -0.223430 0.289356
v -0.086832 -0.222523 0.291675
v -0.086052 -0.221694 0.293900
v -0.084981 -0.220950 0.296009
v -0.083631 -0.220301 0.297975
v -0.082016 -0.219753 0.299776
v -0.080148 -0.219317 0.301387
v -0.078042 -0.219000 0.302783
v -0.075709 -0.218810 0.303941
v -0.073164 -0.218757 0.304837
v -0.070762 -0.218730 0.305627
v -0.068418 -0.218818 0.306247
v -0.066415 -0.232475 0.275473
v -0.060624 -0.232986 0.275500
v -0.058782 -0.232829 0.276080
v -0.057075 -0.232585 0.276856
v -0.055516 -0.232258 0.277814
v -0.054120 -0.231852 0.278941
v -0.052900 -0.231373 0.280223
v -0.051871 -0.230826 0.281648
v -0.051047 -0.230215 0.283202
v -0.050441 -0.229545 0.284873
v -0.050068 -0.228822 0.286646
v -0.049941 -0.228049 0.288509
v -0.050071 -0.227262 0.290379
v -0.050447 -0.226505 0.292147
v -0.051055 -0.225785 0.293801
v -0.051882 -0.225108 0.295329
v -0.052914 -0.224479 0.296719
v -0.054135 -0.223904 0.297958
v -0.055534 -0.223389 0.299035
v -0.057094 -0.222939 0.299936
v -0.062662 -0.221974 0.300996
v -0.064468 -0.221506 0.301441
v -0.066393 -0.221113 0.301670
v -0.068422 -0.220802 0.301674
v -0.070438 -0.220592 0.301449
v -0.072353 -0.220491 0.301010
v -0.074151 -0.220496 0.300368
v -0.074971 -0.220922 0.299096
v -0.076459 -0.221161 0.298076
v -0.077833 -0.221472 0.296915
v -0.079033 -0.221868 0.295602
v -0.080046 -0.222345 0.294150
v -0.080858 -0.222901 0.292572
v -0.081454 -0.223530 0.290881
v -0.081820 -0.224230 0.289091
v -0.082454 -0.224820 0.287483
v -0.082696 -0.225501 0.285830
v -0.082331 -0.226310 0.284092
v -0.081737 -0.227103 0.282474
v -0.080930 -0.227871 0.280986
v -0.079922 -0.228608 0.279641
v -0.078729 -0.229306 0.278451
v -0.077364 -0.229958 0.277429
v -0.075840 -0.230556 0.276585
v -0.074173 -0.231093 0.275933
v -0.072375 -0.231562 0.275485
v -0.070461 -0.231955 0.275252
v -0.068444 -0.232264 0.275247
v -0.091012 -0.229276 0.274202
v -0.091304 -0.231106 0.269879
v -0.112643 -0.228961 0.268418
v -0.114370 -0.213745 0.303442
v -0.109081 -0.214560 0.303789
v -0.107293 -0.227663 0.273154
v -0.091012 -0.229276 0.274202
v -0.090194 -0.229333 0.274358
v -0.091304 -0.231106 0.269879
v -0.090198 -0.231272 0.269886
v -0.112643 -0.228961 0.268418
v -0.111719 -0.229038 0.268514
v -0.114370 -0.213745 0.303442
v -0.113054 -0.213964 0.303489
v -0.109081 -0.214560 0.303789
v -0.107764 -0.214780 0.303836
v -0.107293 -0.227663 0.273154
v -0.106369 -0.227739 0.273250
v -0.065460 -0.219270 0.306244
v -0.064353 -0.219436 0.306250
v -0.062701 -0.219834 0.305913
v -0.061594 -0.220000 0.305919
v -0.056251 -0.220919 0.304861
v -0.055906 -0.220913 0.304914
v -0.053876 -0.221453 0.303851
v -0.053531 -0.221447 0.303903
v -0.051738 -0.222081 0.302588
v -0.051393 -0.222075 0.302640
v -0.049848 -0.222793 0.301095
v -0.049503 -0.222787 0.301147
v -0.048217 -0.223579 0.299396
v -0.047872 -0.223573 0.299448
v -0.046857 -0.224430 0.297513
v -0.046512 -0.224424 0.297565
v -0.045779 -0.225334 0.295469
v -0.045434 -0.225329 0.295522
v -0.044994 -0.226283 0.293288
v -0.044649 -0.226277 0.293340
v -0.044514 -0.227265 0.290991
v -0.044169 -0.227259 0.291043
v -0.044350 -0.228271 0.288602
v -0.044005 -0.228265 0.288654
v -0.044506 -0.229237 0.286272
v -0.044161 -0.229232 0.286324
v -0.044971 -0.230164 0.284001
v -0.044626 -0.230159 0.284054
v -0.045738 -0.231042 0.281817
v -0.045393 -0.231036 0.281869
v -0.046797 -0.231858 0.279745
v -0.046452 -0.231852 0.279797
v -0.048140 -0.232603 0.277811
v -0.047795 -0.232598 0.277863
v -0.049758 -0.233267 0.276042
v -0.049413 -0.233261 0.276094
v -0.051643 -0.233838 0.274465
v -0.051297 -0.233832 0.274517
v -0.053785 -0.234305 0.273106
v -0.053440 -0.234300 0.273158
v -0.056177 -0.234659 0.271991
v -0.055832 -0.234654 0.272043
v -0.058810 -0.234889 0.271147
v -0.058464 -0.234883 0.271199
v -0.061674 -0.234984 0.270600
v -0.061329 -0.234978 0.270652
v -0.068556 -0.234233 0.270666
v -0.067450 -0.234399 0.270673
v -0.071488 -0.233782 0.270677
v -0.070382 -0.233948 0.270683
v -0.074224 -0.233216 0.271021
v -0.073117 -0.233382 0.271028
v -0.076751 -0.232547 0.271676
v -0.075644 -0.232713 0.271682
v -0.079059 -0.231788 0.272614
v -0.077952 -0.231954 0.272621
v -0.081137 -0.230951 0.273813
v -0.080030 -0.231117 0.273819
v -0.082973 -0.230050 0.275246
v -0.081867 -0.230216 0.275252
v -0.084557 -0.229095 0.276889
v -0.083451 -0.229261 0.276895
v -0.085878 -0.228101 0.278716
v -0.084771 -0.228267 0.278723
v -0.086848 -0.227108 0.280664
v -0.085817 -0.227246 0.280710
v -0.086829 -0.226393 0.282388
v -0.085905 -0.226469 0.282484
v -0.087303 -0.225396 0.284637
v -0.086379 -0.225473 0.284733
v -0.087466 -0.224405 0.286968
v -0.086542 -0.224481 0.287064
v -0.087308 -0.223430 0.289356
v -0.086384 -0.223506 0.289452
v -0.086832 -0.222523 0.291675
v -0.085908 -0.222600 0.291771
v -0.086052 -0.221694 0.293900
v -0.085128 -0.221770 0.293996
v -0.084981 -0.220950 0.296009
v -0.084057 -0.221027 0.296104
v -0.083631 -0.220301 0.297975
v -0.082707 -0.220377 0.298071
v -0.082016 -0.219753 0.299776
v -0.081092 -0.219830 0.299872
v -0.080148 -0.219317 0.301387
v -0.079225 -0.219393 0.301482
v -0.078042 -0.219000 0.302783
v -0.077118 -0.219076 0.302879
v -0.075709 -0.218810 0.303941
v -0.074785 -0.218887 0.304037
v -0.073164 -0.218757 0.304837
v -0.072240 -0.218833 0.304933
v -0.070762 -0.218730 0.305627
v -0.070223 -0.218681 0.305928
v -0.068418 -0.218818 0.306247
v -0.067311 -0.218984 0.306254
v -0.066415 -0.232475 0.275473
v -0.062241 -0.233044 0.275180
v -0.060624 -0.232986 0.275500
v -0.060279 -0.232980 0.275552
v -0.058782 -0.232829 0.276080
v -0.058437 -0.232824 0.276133
v -0.057075 -0.232585 0.276856
v -0.056730 -0.232579 0.276908
v -0.055516 -0.232258 0.277814
v -0.055171 -0.232252 0.277866
v -0.054120 -0.231852 0.278941
v -0.053775 -0.231846 0.278993
v -0.052900 -0.231373 0.280223
v -0.052555 -0.231368 0.280275
v -0.051871 -0.230826 0.281648
v -0.051526 -0.230820 0.281700
v -0.051047 -0.230215 0.283202
v -0.050702 -0.230209 0.283255
v -0.050441 -0.229545 0.284873
v -0.050096 -0.229540 0.284925
v -0.050068 -0.228822 0.286646
v -0.049723 -0.228816 0.286698
v -0.049941 -0.228049 0.288509
v -0.049596 -0.228043 0.288561
v -0.050071 -0.227262 0.290379
v -0.049726 -0.227256 0.290431
v -0.050447 -0.226505 0.292147
v -0.050102 -0.226499 0.292199
v -0.051055 -0.225785 0.293801
v -0.050710 -0.225780 0.293853
v -0.051882 -0.225108 0.295329
v -0.051537 -0.225102 0.295381
v -0.052914 -0.224479 0.296719
v -0.052569 -0.224473 0.296771
v -0.054135 -0.223904 0.297958
v -0.053790 -0.223898 0.298010
v -0.055534 -0.223389 0.299035
v -0.055188 -0.223383 0.299087
v -0.057094 -0.222939 0.299936
v -0.056749 -0.222933 0.299989
v -0.062662 -0.221974 0.300996
v -0.058457 -0.222554 0.300703
v -0.064468 -0.221506 0.301441
v -0.063362 -0.221672 0.301447
v -0.066393 -0.221113 0.301670
v -0.065286 -0.221279 0.301677
v -0.068422 -0.220802 0.301674
v -0.067315 -0.220968 0.301680
v -0.070438 -0.220592 0.301449
v -0.069332 -0.220758 0.301455
v -0.072353 -0.220491 0.301010
v -0.071247 -0.220657 0.301016
v -0.074151 -0.220496 0.300368
v -0.073045 -0.220661 0.300374
v -0.074971 -0.220922 0.299096
v -0.074690 -0.220776 0.299531
v -0.076459 -0.221161 0.298076
v -0.075558 -0.221229 0.298184
v -0.077833 -0.221472 0.296915
v -0.076909 -0.221548 0.297011
v -0.079033 -0.221868 0.295602
v -0.078109 -0.221944 0.295698
v -0.080046 -0.222345 0.294150
v -0.079122 -0.222422 0.294246
v -0.080858 -0.222901 0.292572
v -0.079934 -0.222977 0.292668
v -0.081454 -0.223530 0.290881
v -0.080530 -0.223607 0.290977
v -0.081820 -0.224230 0.289091
v -0.081239 -0.224188 0.289368
v -0.082454 -0.224820 0.287483
v -0.081714 -0.224848 0.287680
v -0.082696 -0.225501 0.285830
v -0.081590 -0.225667 0.285836
v -0.082331 -0.226310 0.284092
v -0.081224 -0.226476 0.284099
v -0.081737 -0.227103 0.282474
v -0.080631 -0.227269 0.282480
v -0.080930 -0.227871 0.280986
v -0.079823 -0.228037 0.280992
v -0.079922 -0.228608 0.279641
v -0.078816 -0.228774 0.279647
v -0.078729 -0.229306 0.278451
v -0.077623 -0.229472 0.278458
v -0.077364 -0.229958 0.277429
v -0.076257 -0.230124 0.277435
v -0.075840 -0.230556 0.276585
v -0.074734 -0.230722 0.276591
v -0.074173 -0.231093 0.275933
v -0.073066 -0.231259 0.275939
v -0.072375 -0.231562 0.275485
v -0.071268 -0.231728 0.275491
v -0.070461 -0.231955 0.275252
v -0.069354 -0.232120 0.275258
v -0.068444 -0.232264 0.275247
v -0.067338 -0.232430 0.275253
v -0.022439 -0.223734 0.301892
v -0.022094 -0.223729 0.301945
v -0.022919 -0.236439 0.271849
v -0.022481 -0.236463 0.271853
v -0.028333 -0.236168 0.271735
v -0.027895 -0.236191 0.271740
v -0.027864 -0.223520 0.301803
v -0.027519 -0.223514 0.301855
v -0.040929 -0.223003 0.301588
v -0.040583 -0.222997 0.301640
v -0.040932 -0.221123 0.306085
v -0.040587 -0.221117 0.306137
v -0.009879 -0.222287 0.306883
v -0.009441 -0.222311 0.306888
v -0.009879 -0.224198 0.302398
v -0.009441 -0.224222 0.302402
v 0.030986 -0.231430 0.283405
v 0.030640 -0.231446 0.283406
v 0.030639 -0.232268 0.281475
v 0.030294 -0.232283 0.281476
v 0.030061 -0.233055 0.279689
v 0.029715 -0.233071 0.279690
v 0.029250 -0.233788 0.278056
v 0.028904 -0.233804 0.278057
v 0.028206 -0.234463 0.276585
v 0.027861 -0.234479 0.276587
v 0.026929 -0.235076 0.275287
v 0.026583 -0.235091 0.275288
v 0.025418 -0.235622 0.274170
v 0.025072 -0.235637 0.274171
v 0.023671 -0.236098 0.273243
v 0.023326 -0.236113 0.273244
v 0.021690 -0.236499 0.272516
v 0.021344 -0.236515 0.272518
v 0.019473 -0.236823 0.271999
v 0.019127 -0.236838 0.272000
v 0.017019 -0.237064 0.271700
v 0.016673 -0.237079 0.271702
v 0.014328 -0.237219 0.271630
v 0.013983 -0.237234 0.271631
v 0.012344 -0.237260 0.271750
v 0.011999 -0.237275 0.271751
v 0.010396 -0.237224 0.272045
v 0.010050 -0.237240 0.272047
v 0.008509 -0.237110 0.272520
v 0.008163 -0.237125 0.272522
v 0.006709 -0.236913 0.273179
v 0.006364 -0.236928 0.273180
v 0.005024 -0.236631 0.274024
v 0.004678 -0.236646 0.274025
v 0.003478 -0.236261 0.275061
v 0.003132 -0.236277 0.275062
v 0.002098 -0.235801 0.276292
v 0.001753 -0.235817 0.276293
v -0.003271 -0.235120 0.277668
v -0.002833 -0.235144 0.277673
v -0.004238 -0.234383 0.279264
v -0.003800 -0.234407 0.279269
v -0.004961 -0.233570 0.281075
v -0.004523 -0.233594 0.281080
v -0.005414 -0.232678 0.283106
v -0.004976 -0.232702 0.283111
v -0.005571 -0.231708 0.285362
v -0.005132 -0.231732 0.285367
v -0.005570 -0.222503 0.306973
v -0.005132 -0.222527 0.306978
v 0.004031 -0.222623 0.307022
v 0.003685 -0.222639 0.307023
v 0.004031 -0.231373 0.286482
v 0.003686 -0.231388 0.286483
v 0.004043 -0.231770 0.285547
v 0.003698 -0.231786 0.285548
v 0.004080 -0.232129 0.284699
v 0.003735 -0.232145 0.284701
v 0.004145 -0.232454 0.283931
v 0.003799 -0.232469 0.283933
v 0.004238 -0.232746 0.283235
v 0.003893 -0.232761 0.283236
v 0.004364 -0.233009 0.282603
v 0.004018 -0.233025 0.282604
v 0.004523 -0.233247 0.282026
v 0.004177 -0.233263 0.282028
v 0.004717 -0.233463 0.281498
v 0.004372 -0.233478 0.281500
v 0.004950 -0.233660 0.281011
v 0.004604 -0.233675 0.281012
v 0.005223 -0.233841 0.280556
v 0.004877 -0.233856 0.280557
v 0.005537 -0.234010 0.280125
v 0.005192 -0.234025 0.280127
v 0.005896 -0.234169 0.279712
v 0.005550 -0.234184 0.279714
v 0.006301 -0.234322 0.279308
v 0.005956 -0.234338 0.279309
v 0.006852 -0.234503 0.278823
v 0.006507 -0.234519 0.278824
v 0.007427 -0.234665 0.278380
v 0.007081 -0.234681 0.278381
v 0.008024 -0.234808 0.277979
v 0.007679 -0.234824 0.277980
v 0.008645 -0.234933 0.277619
v 0.008299 -0.234948 0.277620
v 0.009288 -0.235038 0.277301
v 0.008943 -0.235054 0.277302
v 0.009955 -0.235126 0.277023
v 0.009609 -0.235141 0.277025
v 0.010645 -0.235194 0.276787
v 0.010299 -0.235210 0.276789
v 0.011357 -0.235244 0.276592
v 0.011012 -0.235260 0.276593
v 0.012093 -0.235276 0.276437
v 0.011747 -0.235291 0.276439
v 0.012852 -0.235289 0.276323
v 0.012506 -0.235305 0.276325
v 0.013634 -0.235284 0.276249
v 0.013288 -0.235300 0.276251
v 0.014439 -0.235261 0.276216
v 0.014093 -0.235277 0.276217
v 0.015453 -0.235211 0.276224
v 0.015107 -0.235226 0.276225
v 0.016417 -0.235142 0.276281
v 0.016072 -0.235157 0.276282
v 0.017333 -0.235055 0.276383
v 0.016987 -0.235071 0.276385
v 0.018199 -0.234953 0.276529
v 0.017853 -0.234969 0.276530
v 0.019015 -0.234837 0.276714
v 0.018670 -0.234852 0.276715
v 0.019781 -0.234706 0.276936
v 0.019435 -0.234722 0.276937
v 0.020496 -0.234564 0.277191
v 0.020150 -0.234580 0.277193
v 0.021160 -0.234411 0.277478
v 0.020814 -0.234427 0.277479
v 0.021772 -0.234249 0.277792
v 0.021426 -0.234265 0.277794
v 0.022332 -0.234079 0.278131
v 0.021987 -0.234094 0.278132
v 0.022841 -0.233902 0.278492
v 0.022495 -0.233917 0.278493
v 0.023296 -0.233719 0.278871
v 0.022950 -0.233734 0.278873
v 0.023750 -0.233504 0.279326
v 0.023404 -0.233520 0.279327
v 0.024145 -0.233278 0.279813
v 0.023799 -0.233294 0.279814
v 0.024485 -0.233041 0.280332
v 0.024140 -0.233057 0.280333
v 0.024774 -0.232793 0.280883
v 0.024429 -0.232809 0.280885
v 0.025016 -0.232533 0.281467
v 0.024670 -0.232549 0.281468
v 0.025213 -0.232262 0.282082
v 0.024867 -0.232278 0.282084
v 0.025370 -0.231980 0.282729
v 0.025024 -0.231995 0.282730
v 0.025490 -0.231685 0.283407
v 0.025144 -0.231701 0.283408
v 0.025577 -0.231379 0.284116
v 0.025231 -0.231395 0.284117
v 0.025634 -0.231062 0.284856
v 0.025289 -0.231077 0.284857
v 0.025666 -0.230732 0.285626
v 0.025321 -0.230748 0.285627
v 0.025676 -0.230391 0.286426
v 0.025331 -0.230406 0.286428
v 0.025675 -0.221771 0.306661
v 0.025330 -0.221787 0.306662
v 0.031100 -0.221557 0.306570
v 0.030755 -0.221573 0.306571
v 0.031101 -0.230546 0.285469
v 0.030756 -0.230561 0.285470
v 0.056161 -0.223467 0.298908
v 0.055723 -0.223475 0.298952
v 0.055369 -0.223262 0.299507
v 0.054931 -0.223270 0.299551
v 0.054585 -0.223089 0.300031
v 0.054146 -0.223097 0.300075
v 0.053810 -0.222945 0.300484
v 0.053371 -0.222953 0.300528
v 0.053045 -0.222828 0.300870
v 0.052607 -0.222836 0.300914
v 0.052293 -0.222737 0.301194
v 0.051854 -0.222745 0.301237
v 0.051555 -0.222670 0.301458
v 0.051116 -0.222677 0.301502
v 0.050831 -0.222624 0.301668
v 0.050393 -0.222632 0.301711
v 0.050125 -0.222600 0.301827
v 0.049686 -0.222607 0.301870
v 0.049437 -0.222593 0.301939
v 0.048998 -0.222601 0.301983
v 0.048769 -0.222604 0.302009
v 0.048330 -0.222611 0.302053
v 0.048123 -0.222629 0.302040
v 0.047684 -0.222637 0.302084
v 0.047274 -0.222686 0.302023
v 0.046835 -0.222694 0.302067
v 0.046472 -0.222769 0.301939
v 0.046033 -0.222777 0.301982
v 0.045722 -0.222877 0.301789
v 0.045283 -0.222885 0.301832
v 0.045028 -0.223007 0.301577
v 0.044590 -0.223015 0.301620
v 0.044397 -0.223158 0.301307
v 0.043958 -0.223166 0.301350
v 0.043833 -0.223328 0.300981
v 0.043395 -0.223336 0.301024
v 0.043342 -0.223516 0.300602
v 0.042903 -0.223524 0.300645
v 0.042928 -0.223721 0.300174
v 0.042489 -0.223728 0.300217
v 0.042597 -0.223940 0.299699
v 0.041772 -0.223897 0.299908
v 0.042354 -0.224171 0.299181
v 0.041529 -0.224129 0.299391
v 0.042204 -0.224415 0.298623
v 0.041766 -0.224422 0.298667
v 0.042153 -0.224668 0.298028
v 0.041714 -0.224676 0.298071
v 0.042473 -0.225299 0.296480
v 0.042034 -0.225307 0.296523
v 0.043358 -0.225809 0.295141
v 0.042920 -0.225816 0.295184
v 0.044697 -0.226229 0.293950
v 0.044258 -0.226237 0.293993
v 0.046375 -0.226592 0.292848
v 0.045936 -0.226600 0.292891
v 0.048280 -0.226930 0.291775
v 0.047841 -0.226938 0.291818
v 0.050297 -0.227274 0.290670
v 0.049858 -0.227282 0.290713
v 0.052315 -0.227657 0.289474
v 0.051876 -0.227664 0.289517
v 0.054219 -0.228109 0.288126
v 0.053780 -0.228117 0.288169
v 0.055897 -0.228665 0.286566
v 0.055458 -0.228672 0.286610
v 0.057235 -0.229354 0.284735
v 0.056796 -0.229362 0.284779
v 0.058120 -0.230209 0.282572
v 0.057681 -0.230217 0.282616
v 0.058439 -0.231263 0.280017
v 0.058000 -0.231270 0.280061
v 0.058346 -0.231827 0.278685
v 0.057908 -0.231835 0.278729
v 0.058078 -0.232371 0.277427
v 0.057639 -0.232379 0.277471
v 0.057642 -0.232890 0.276252
v 0.057203 -0.232898 0.276295
v 0.057050 -0.233380 0.275168
v 0.056612 -0.233388 0.275211
v 0.056312 -0.233838 0.274183
v 0.055873 -0.233845 0.274226
v 0.055437 -0.234258 0.273306
v 0.054998 -0.234265 0.273349
v 0.054436 -0.234636 0.272546
v 0.053997 -0.234644 0.272589
v 0.053318 -0.234969 0.271910
v 0.052879 -0.234977 0.271954
v 0.052093 -0.235252 0.271408
v 0.051655 -0.235260 0.271452
v 0.050772 -0.235482 0.271048
v 0.050334 -0.235489 0.271092
v 0.049365 -0.235653 0.270839
v 0.048926 -0.235661 0.270882
v 0.047880 -0.235762 0.270788
v 0.047442 -0.235770 0.270832
v 0.046874 -0.235804 0.270830
v 0.046435 -0.235812 0.270874
v 0.045898 -0.235827 0.270915
v 0.045459 -0.235834 0.270959
v 0.044950 -0.235829 0.271043
v 0.044511 -0.235837 0.271086
v 0.044028 -0.235812 0.271214
v 0.043589 -0.235820 0.271258
v 0.043129 -0.235775 0.271430
v 0.042691 -0.235782 0.271474
v 0.042253 -0.235717 0.271691
v 0.041814 -0.235725 0.271734
v 0.041396 -0.235640 0.271996
v 0.040957 -0.235647 0.272040
v 0.040556 -0.235542 0.272348
v 0.040117 -0.235550 0.272391
v 0.039732 -0.235424 0.272746
v 0.039293 -0.235431 0.272790
v 0.038921 -0.235285 0.273191
v 0.038482 -0.235292 0.273235
v 0.038121 -0.235125 0.273684
v 0.037682 -0.235133 0.273728
v 0.037330 -0.234945 0.274225
v 0.036892 -0.234953 0.274269
v 0.037335 -0.232287 0.280559
v 0.036896 -0.232294 0.280602
v 0.038039 -0.232581 0.279758
v 0.037601 -0.232589 0.279801
v 0.038772 -0.232848 0.279019
v 0.038334 -0.232855 0.279063
v 0.039532 -0.233086 0.278344
v 0.039093 -0.233094 0.278387
v 0.040316 -0.233296 0.277733
v 0.039877 -0.233304 0.277776
v 0.041124 -0.233477 0.277188
v 0.040685 -0.233485 0.277231
v 0.041952 -0.233629 0.276709
v 0.041513 -0.233637 0.276752
v 0.042800 -0.233751 0.276298
v 0.042362 -0.233759 0.276341
v 0.043667 -0.233844 0.275955
v 0.043228 -0.233852 0.275999
v 0.044549 -0.233906 0.275683
v 0.044110 -0.233914 0.275726
v 0.045446 -0.233937 0.275481
v 0.045007 -0.233945 0.275525
v 0.046355 -0.233938 0.275352
v 0.045917 -0.233946 0.275395
v 0.047276 -0.233907 0.275296
v 0.046837 -0.233915 0.275339
v 0.048278 -0.233835 0.275324
v 0.047840 -0.233843 0.275367
v 0.049188 -0.233730 0.275446
v 0.048749 -0.233738 0.275490
v 0.050006 -0.233595 0.275652
v 0.049567 -0.233603 0.275695
v 0.050732 -0.233435 0.275931
v 0.050293 -0.233443 0.275974
v 0.051369 -0.233254 0.276273
v 0.050930 -0.233262 0.276316
v 0.051917 -0.233056 0.276667
v 0.051479 -0.233064 0.276711
v 0.052378 -0.232845 0.277104
v 0.051940 -0.232853 0.277147
v 0.052753 -0.232626 0.277573
v 0.052314 -0.232634 0.277616
v 0.053042 -0.232403 0.278063
v 0.052604 -0.232411 0.278106
v 0.053248 -0.232181 0.278564
v 0.052809 -0.232188 0.278608
v 0.053370 -0.231962 0.279067
v 0.052932 -0.231970 0.279110
v 0.053411 -0.231753 0.279560
v 0.052972 -0.231761 0.279604
v 0.053092 -0.231066 0.281243
v 0.052653 -0.231073 0.281287
v 0.052206 -0.230496 0.282724
v 0.051767 -0.230504 0.282768
v 0.050868 -0.230018 0.284054
v 0.050429 -0.230026 0.284097
v 0.049190 -0.229602 0.285282
v 0.048751 -0.229610 0.285325
v 0.047285 -0.229221 0.286458
v 0.046846 -0.229229 0.286502
v 0.045268 -0.228847 0.287634
v 0.044829 -0.228855 0.287677
v 0.043250 -0.228453 0.288858
v 0.042811 -0.228460 0.288901
v 0.041346 -0.228010 0.290181
v 0.040907 -0.228018 0.290225
v 0.039668 -0.227491 0.291654
v 0.039229 -0.227499 0.291698
v 0.037846 -0.226797 0.293530
v 0.037501 -0.226813 0.293531
v 0.036958 -0.226024 0.295444
v 0.036612 -0.226039 0.295446
v 0.036637 -0.225095 0.297659
v 0.036291 -0.225110 0.297661
v 0.036730 -0.224507 0.299029
v 0.036384 -0.224523 0.299030
v 0.037005 -0.223951 0.300305
v 0.036659 -0.223966 0.300306
v 0.037454 -0.223428 0.301482
v 0.037108 -0.223444 0.301483
v 0.038070 -0.222942 0.302555
v 0.037724 -0.222958 0.302556
v 0.038844 -0.222496 0.303518
v 0.038499 -0.222511 0.303519
v 0.039771 -0.222091 0.304366
v 0.039425 -0.222107 0.304368
v 0.040842 -0.221731 0.305094
v 0.040496 -0.221746 0.305096
v 0.042049 -0.221418 0.305697
v 0.041703 -0.221433 0.305698
v 0.043385 -0.221154 0.306168
v 0.043040 -0.221170 0.306170
v 0.044844 -0.220943 0.306503
v 0.044498 -0.220959 0.306505
v 0.046892 -0.220835 0.306486
v 0.046453 -0.220843 0.306529
v 0.048567 -0.220719 0.306525
v 0.048129 -0.220727 0.306569
v 0.049286 -0.220690 0.306493
v 0.048847 -0.220697 0.306537
v 0.050003 -0.220675 0.306427
v 0.049564 -0.220683 0.306471
v 0.050719 -0.220674 0.306327
v 0.050280 -0.220682 0.306371
v 0.051432 -0.220688 0.306193
v 0.050993 -0.220696 0.306237
v 0.052142 -0.220717 0.306025
v 0.051703 -0.220725 0.306069
v 0.052849 -0.220760 0.305823
v 0.052410 -0.220767 0.305867
v 0.053550 -0.220817 0.305587
v 0.053112 -0.220825 0.305631
v 0.054247 -0.220889 0.305317
v 0.053808 -0.220897 0.305361
v 0.054937 -0.220976 0.305014
v 0.054498 -0.220983 0.305057
v 0.055620 -0.221077 0.304676
v 0.055182 -0.221085 0.304719
v 0.056296 -0.221193 0.304304
v 0.055857 -0.221201 0.304348
v 0.056963 -0.221323 0.303899
v 0.056524 -0.221331 0.303942
v 0.056959 -0.223704 0.298230
v 0.056521 -0.223712 0.298274
v 0.066228 -0.234421 0.271144
v 0.063353 -0.234772 0.270960
v 0.066227 -0.224599 0.293992
v 0.065302 -0.224711 0.294005
v 0.071094 -0.224080 0.293770
v 0.070169 -0.224191 0.293782
v 0.071096 -0.233901 0.270921
v 0.070170 -0.234013 0.270934
v 0.068298 -0.222552 0.298146
v 0.067372 -0.222663 0.298159
v 0.067922 -0.222561 0.298236
v 0.066997 -0.222672 0.298248
v 0.067566 -0.222548 0.298368
v 0.066640 -0.222660 0.298381
v 0.067232 -0.222516 0.298541
v 0.066306 -0.222628 0.298554
v 0.066923 -0.222466 0.298750
v 0.065997 -0.222577 0.298763
v 0.066644 -0.222397 0.298992
v 0.065718 -0.222509 0.299004
v 0.066398 -0.222312 0.299263
v 0.065472 -0.222423 0.299275
v 0.066188 -0.222210 0.299559
v 0.065263 -0.222322 0.299572
v 0.066019 -0.222095 0.299878
v 0.065094 -0.222206 0.299891
v 0.065894 -0.221965 0.300216
v 0.064968 -0.222077 0.300228
v 0.065816 -0.221824 0.300568
v 0.064890 -0.221935 0.300581
v 0.065789 -0.221670 0.300933
v 0.064864 -0.221782 0.300945
v 0.065816 -0.221511 0.301295
v 0.064890 -0.221623 0.301307
v 0.065894 -0.221353 0.301640
v 0.064968 -0.221465 0.301653
v 0.066019 -0.221197 0.301966
v 0.065093 -0.221309 0.301979
v 0.066188 -0.221045 0.302269
v 0.065263 -0.221157 0.302282
v 0.066398 -0.220899 0.302547
v 0.065472 -0.221011 0.302560
v 0.066644 -0.220761 0.302795
v 0.065718 -0.220873 0.302808
v 0.066923 -0.220633 0.303012
v 0.065997 -0.220745 0.303024
v 0.067231 -0.220516 0.303192
v 0.066306 -0.220628 0.303205
v 0.067566 -0.220413 0.303334
v 0.066640 -0.220525 0.303347
v 0.067922 -0.220325 0.303435
v 0.066997 -0.220436 0.303447
v 0.068297 -0.220253 0.303490
v 0.067372 -0.220365 0.303503
v 0.068688 -0.220201 0.303497
v 0.067762 -0.220313 0.303510
v 0.069078 -0.220170 0.303454
v 0.068152 -0.220282 0.303467
v 0.069453 -0.220161 0.303365
v 0.068527 -0.220273 0.303377
v 0.069809 -0.220173 0.303232
v 0.068884 -0.220285 0.303244
v 0.070144 -0.220205 0.303059
v 0.069218 -0.220317 0.303072
v 0.070452 -0.220256 0.302850
v 0.069527 -0.220368 0.302863
v 0.070732 -0.220325 0.302608
v 0.069806 -0.220436 0.302621
v 0.070978 -0.220410 0.302337
v 0.070052 -0.220522 0.302350
v 0.071187 -0.220511 0.302041
v 0.070261 -0.220623 0.302053
v 0.071356 -0.220627 0.301722
v 0.070431 -0.220739 0.301735
v 0.071482 -0.220756 0.301384
v 0.070556 -0.220868 0.301397
v 0.071559 -0.220898 0.301032
v 0.070634 -0.221010 0.301044
v 0.071586 -0.221051 0.300668
v 0.070661 -0.221163 0.300680
v 0.071559 -0.221210 0.300306
v 0.070634 -0.221322 0.300318
v 0.071482 -0.221369 0.299960
v 0.070556 -0.221480 0.299973
v 0.071356 -0.221525 0.299634
v 0.070431 -0.221636 0.299647
v 0.071187 -0.221677 0.299331
v 0.070262 -0.221788 0.299343
v 0.070978 -0.221823 0.299053
v 0.070052 -0.221934 0.299066
v 0.070732 -0.221960 0.298805
v 0.069806 -0.222072 0.298817
v 0.070453 -0.222089 0.298589
v 0.069527 -0.222200 0.298601
v 0.070144 -0.222205 0.298408
v 0.069219 -0.222317 0.298421
v 0.069810 -0.222309 0.298266
v 0.068884 -0.222420 0.298278
v 0.069453 -0.222397 0.298166
v 0.068528 -0.222509 0.298178
v 0.069078 -0.222468 0.298110
v 0.068152 -0.222580 0.298123
v 0.068688 -0.222521 0.298103
v 0.067762 -0.222632 0.298116
v 0.082743 -0.224126 0.290234
v 0.081818 -0.224238 0.290247
v 0.083369 -0.223818 0.290765
v 0.082443 -0.223930 0.290778
v 0.083988 -0.223533 0.291246
v 0.083062 -0.223645 0.291259
v 0.084601 -0.223270 0.291677
v 0.083675 -0.223382 0.291690
v 0.085208 -0.223029 0.292059
v 0.084282 -0.223141 0.292072
v 0.085810 -0.222810 0.292391
v 0.084884 -0.222922 0.292404
v 0.086407 -0.222613 0.292674
v 0.085481 -0.222724 0.292687
v 0.086999 -0.222437 0.292909
v 0.086074 -0.222548 0.292922
v 0.087588 -0.222282 0.293096
v 0.086662 -0.222394 0.293108
v 0.088172 -0.222148 0.293234
v 0.087247 -0.222260 0.293247
v 0.088753 -0.222036 0.293326
v 0.087828 -0.222147 0.293338
v 0.089331 -0.221943 0.293369
v 0.088406 -0.222055 0.293382
v 0.089907 -0.221872 0.293366
v 0.088981 -0.221984 0.293379
v 0.090675 -0.221802 0.293302
v 0.089749 -0.221914 0.293314
v 0.091418 -0.221761 0.293179
v 0.090493 -0.221873 0.293192
v 0.092136 -0.221747 0.292999
v 0.091211 -0.221859 0.293012
v 0.093690 -0.221734 0.292537
v 0.091902 -0.221873 0.292776
v 0.094348 -0.221760 0.292240
v 0.092565 -0.221914 0.292484
v 0.094977 -0.221814 0.291887
v 0.093868 -0.221953 0.291957
v 0.095575 -0.221895 0.291479
v 0.094466 -0.222035 0.291549
v 0.096141 -0.222004 0.291018
v 0.095032 -0.222144 0.291088
v 0.096675 -0.222141 0.290502
v 0.095566 -0.222281 0.290573
v 0.097173 -0.222306 0.289934
v 0.096064 -0.222445 0.290005
v 0.097636 -0.222498 0.289314
v 0.096527 -0.222637 0.289384
v 0.098061 -0.222718 0.288642
v 0.096952 -0.222857 0.288712
v 0.098600 -0.222414 0.289166
v 0.097491 -0.222553 0.289236
v 0.099159 -0.222116 0.289668
v 0.098050 -0.222255 0.289738
v 0.099740 -0.221826 0.290144
v 0.098631 -0.221965 0.290214
v 0.100343 -0.221546 0.290588
v 0.099234 -0.221685 0.290658
v 0.100972 -0.221278 0.290994
v 0.099863 -0.221417 0.291064
v 0.101627 -0.221024 0.291357
v 0.100517 -0.221163 0.291427
v 0.102310 -0.220786 0.291672
v 0.101201 -0.220926 0.291742
v 0.103023 -0.220567 0.291934
v 0.101914 -0.220706 0.292004
v 0.103767 -0.220368 0.292136
v 0.102658 -0.220507 0.292206
v 0.104545 -0.220190 0.292274
v 0.103436 -0.220330 0.292344
v 0.105358 -0.220038 0.292342
v 0.104249 -0.220177 0.292412
v 0.106208 -0.219911 0.292334
v 0.105099 -0.220051 0.292405
v 0.107405 -0.219787 0.292197
v 0.106295 -0.219926 0.292267
v 0.108522 -0.219733 0.291920
v 0.107413 -0.219873 0.291991
v 0.111095 -0.219360 0.291768
v 0.108446 -0.219888 0.291582
v 0.112026 -0.219410 0.291219
v 0.109390 -0.219970 0.291048
v 0.112865 -0.219530 0.290553
v 0.111410 -0.219813 0.290585
v 0.113608 -0.219718 0.289775
v 0.112153 -0.220001 0.289808
v 0.114250 -0.219973 0.288893
v 0.112794 -0.220256 0.288926
v 0.114785 -0.220292 0.287912
v 0.113330 -0.220575 0.287945
v 0.115210 -0.220674 0.286840
v 0.113755 -0.220957 0.286872
v 0.115520 -0.221117 0.285681
v 0.114065 -0.221400 0.285714
v 0.115710 -0.221620 0.284444
v 0.114255 -0.221902 0.284476
v 0.115775 -0.222179 0.283133
v 0.114320 -0.222461 0.283166
v 0.114273 -0.228756 0.268545
v 0.113164 -0.228895 0.268615
v 0.109442 -0.229383 0.268805
v 0.108333 -0.229522 0.268875
v 0.109456 -0.223377 0.282981
v 0.108347 -0.223517 0.283051
v 0.109410 -0.223030 0.283817
v 0.108301 -0.223170 0.283887
v 0.109276 -0.222723 0.284591
v 0.108167 -0.222862 0.284662
v 0.109059 -0.222455 0.285302
v 0.107950 -0.222595 0.285372
v 0.108765 -0.222226 0.285947
v 0.107656 -0.222366 0.286018
v 0.108401 -0.222037 0.286527
v 0.107292 -0.222176 0.286597
v 0.107974 -0.221885 0.287038
v 0.106865 -0.222025 0.287108
v 0.107488 -0.221772 0.287481
v 0.106379 -0.221911 0.287551
v 0.106951 -0.221696 0.287852
v 0.105842 -0.221836 0.287923
v 0.106369 -0.221658 0.288152
v 0.105260 -0.221797 0.288223
v 0.105748 -0.221657 0.288379
v 0.104639 -0.221796 0.288449
v 0.105094 -0.221692 0.288531
v 0.103985 -0.221832 0.288601
v 0.104413 -0.221764 0.288607
v 0.103304 -0.221904 0.288677
v 0.104008 -0.221823 0.288614
v 0.102899 -0.221962 0.288684
v 0.103585 -0.221906 0.288570
v 0.102476 -0.222045 0.288641
v 0.103145 -0.222012 0.288479
v 0.102036 -0.222151 0.288549
v 0.102691 -0.222139 0.288342
v 0.101582 -0.222278 0.288412
v 0.102229 -0.222285 0.288164
v 0.101119 -0.222424 0.288234
v 0.101759 -0.222449 0.287946
v 0.100650 -0.222588 0.288016
v 0.101286 -0.222628 0.287693
v 0.100177 -0.222768 0.287763
v 0.100813 -0.222822 0.287406
v 0.099704 -0.222961 0.287477
v 0.100342 -0.223027 0.287090
v 0.099233 -0.223167 0.287160
v 0.099878 -0.223243 0.286747
v 0.098769 -0.223383 0.286817
v 0.099424 -0.223468 0.286380
v 0.098315 -0.223608 0.286450
v 0.098982 -0.223700 0.285992
v 0.097873 -0.223839 0.286062
v 0.098965 -0.230742 0.269368
v 0.097856 -0.230881 0.269439
v 0.094134 -0.231368 0.269628
v 0.093025 -0.231507 0.269698
v 0.094148 -0.225342 0.283855
v 0.093039 -0.225481 0.283925
v 0.094108 -0.224972 0.284744
v 0.092999 -0.225111 0.284814
v 0.093990 -0.224649 0.285549
v 0.092881 -0.224788 0.285619
v 0.093799 -0.224371 0.286273
v 0.092690 -0.224510 0.286343
v 0.093542 -0.224137 0.286917
v 0.092433 -0.224277 0.286987
v 0.093223 -0.223946 0.287483
v 0.091437 -0.224102 0.287729
v 0.092849 -0.223796 0.287973
v 0.091060 -0.223941 0.288214
v 0.091558 -0.223707 0.288612
v 0.090632 -0.223819 0.288625
v 0.091086 -0.223622 0.288949
v 0.090160 -0.223733 0.288962
v 0.090575 -0.223572 0.289215
v 0.089650 -0.223684 0.289228
v 0.090032 -0.223557 0.289410
v 0.089106 -0.223669 0.289423
v 0.089461 -0.223575 0.289537
v 0.088535 -0.223687 0.289550
v 0.088868 -0.223624 0.289598
v 0.087943 -0.223736 0.289610
v 0.088269 -0.223695 0.289610
v 0.087344 -0.223806 0.289622
v 0.087700 -0.223776 0.289588
v 0.086775 -0.223888 0.289601
v 0.087157 -0.223869 0.289530
v 0.086232 -0.223981 0.289543
v 0.086636 -0.223977 0.289434
v 0.085710 -0.224089 0.289447
v 0.086132 -0.224100 0.289297
v 0.085207 -0.224212 0.289309
v 0.085642 -0.224240 0.289116
v 0.084716 -0.224351 0.289128
v 0.085160 -0.224398 0.288889
v 0.084235 -0.224510 0.288901
v 0.084684 -0.224577 0.288613
v 0.083758 -0.224689 0.288626
v 0.084208 -0.224778 0.288287
v 0.083282 -0.224889 0.288300
v 0.083729 -0.225002 0.287907
v 0.082803 -0.225113 0.287920
v 0.083242 -0.225250 0.287471
v 0.082316 -0.225362 0.287484
v 0.082743 -0.225526 0.286978
v 0.081818 -0.225638 0.286990
v 0.082744 -0.232657 0.270388
v 0.081819 -0.232768 0.270401
v 0.077877 -0.233177 0.270611
v 0.076951 -0.233288 0.270623
v 0.077876 -0.223355 0.293459
v 0.076950 -0.223467 0.293472
v 0.082743 -0.222835 0.293237
v 0.081817 -0.222947 0.293249
v 0.224238 0.081818 0.290247
v 0.223930 0.082443 0.290778
v 0.223645 0.083062 0.291259
v 0.223382 0.083675 0.291690
v 0.223141 0.084282 0.292072
v 0.222922 0.084884 0.292404
v 0.222724 0.085481 0.292687
v 0.222548 0.086074 0.292922
v 0.222394 0.086662 0.293108
v 0.222260 0.087247 0.293247
v 0.222147 0.087828 0.293338
v 0.222055 0.088406 0.293382
v 0.221984 0.088981 0.293379
v 0.221914 0.089749 0.293314
v 0.221873 0.090493 0.293192
v 0.221859 0.091211 0.293012
v 0.221873 0.091902 0.292776
v 0.221914 0.092565 0.292484
v 0.221953 0.093868 0.291957
v 0.222035 0.094466 0.291549
v 0.222144 0.095032 0.291088
v 0.222281 0.095566 0.290573
v 0.222445 0.096064 0.290005
v 0.222637 0.096527 0.289384
v 0.222857 0.096952 0.288712
v 0.222553 0.097491 0.289236
v 0.222255 0.098050 0.289738
v 0.221965 0.098631 0.290214
v 0.221685 0.099234 0.290658
v 0.221417 0.099863 0.291064
v 0.221163 0.100517 0.291427
v 0.220926 0.101201 0.291742
v 0.220706 0.101914 0.292004
v 0.220507 0.102658 0.292206
v 0.220330 0.103436 0.292344
v 0.220177 0.104249 0.292412
v 0.220051 0.105099 0.292405
v 0.219926 0.106296 0.292267
v 0.219873 0.107413 0.291991
v 0.219888 0.108446 0.291582
v 0.219970 0.109390 0.291048
v 0.219813 0.111410 0.290585
v 0.220001 0.112153 0.289808
v 0.220256 0.112795 0.288926
v 0.220575 0.113330 0.287945
v 0.220957 0.113755 0.286872
v 0.221400 0.114065 0.285714
v 0.221902 0.114255 0.284476
v 0.222461 0.114320 0.283166
v 0.228895 0.113164 0.268615
v 0.229522 0.108333 0.268875
v 0.223517 0.108347 0.283051
v 0.223170 0.108301 0.283887
v 0.222862 0.108167 0.284662
v 0.222595 0.107950 0.285372
v 0.222366 0.107656 0.286018
v 0.222176 0.107292 0.286597
v 0.222025 0.106865 0.287108
v 0.221911 0.106379 0.287551
v 0.221836 0.105842 0.287923
v 0.221797 0.105260 0.288223
v 0.221796 0.104639 0.288449
v 0.221832 0.103985 0.288601
v 0.221904 0.103304 0.288677
v 0.221962 0.102899 0.288684
v 0.222045 0.102476 0.288641
v 0.222151 0.102036 0.288549
v 0.222278 0.101582 0.288412
v 0.222424 0.101120 0.288234
v 0.222588 0.100650 0.288016
v 0.222768 0.100177 0.287763
v 0.222961 0.099704 0.287477
v 0.223167 0.099233 0.287160
v 0.223383 0.098769 0.286817
v 0.223608 0.098315 0.286450
v 0.223839 0.097873 0.286062
v 0.230881 0.097856 0.269439
v 0.231507 0.093025 0.269698
v 0.225481 0.093039 0.283925
v 0.225111 0.092999 0.284814
v 0.224788 0.092881 0.285619
v 0.224510 0.092690 0.286343
v 0.224277 0.092433 0.286987
v 0.224102 0.091437 0.287729
v 0.223941 0.091060 0.288214
v 0.223819 0.090632 0.288625
v 0.223733 0.090161 0.288962
v 0.223684 0.089650 0.289227
v 0.223669 0.089106 0.289423
v 0.223687 0.088535 0.289550
v 0.223736 0.087943 0.289610
v 0.223806 0.087344 0.289622
v 0.223888 0.086775 0.289601
v 0.223981 0.086232 0.289543
v 0.224089 0.085711 0.289447
v 0.224212 0.085207 0.289309
v 0.224352 0.084716 0.289128
v 0.224510 0.084235 0.288901
v 0.224689 0.083758 0.288626
v 0.224889 0.083282 0.288300
v 0.225113 0.082803 0.287920
v 0.225362 0.082316 0.287484
v 0.225638 0.081818 0.286990
v 0.232768 0.081819 0.270401
v 0.233288 0.076951 0.270623
v 0.223467 0.076950 0.293472
v 0.222947 0.081817 0.293249
v 0.222663 0.067372 0.298159
v 0.222672 0.066997 0.298248
v 0.222660 0.066640 0.298381
v 0.222628 0.066306 0.298554
v 0.222577 0.065997 0.298763
v 0.222509 0.065718 0.299004
v 0.222423 0.065472 0.299275
v 0.222322 0.065263 0.299572
v 0.222206 0.065094 0.299891
v 0.222077 0.064968 0.300228
v 0.221935 0.064890 0.300581
v 0.221782 0.064864 0.300945
v 0.221623 0.064890 0.301307
v 0.221465 0.064968 0.301653
v 0.221309 0.065094 0.301979
v 0.221157 0.065263 0.302282
v 0.221011 0.065472 0.302560
v 0.220873 0.065718 0.302808
v 0.220745 0.065997 0.303024
v 0.220628 0.066306 0.303205
v 0.220525 0.066640 0.303347
v 0.220436 0.066997 0.303447
v 0.220365 0.067372 0.303503
v 0.220313 0.067762 0.303510
v 0.220282 0.068152 0.303467
v 0.220273 0.068527 0.303377
v 0.220285 0.068884 0.303244
v 0.220317 0.069218 0.303072
v 0.220368 0.069527 0.302863
v 0.220436 0.069806 0.302621
v 0.220522 0.070052 0.302350
v 0.220623 0.070262 0.302053
v 0.220739 0.070431 0.301735
v 0.220868 0.070556 0.301397
v 0.221010 0.070634 0.301044
v 0.221163 0.070661 0.300680
v 0.221322 0.070634 0.300318
v 0.221480 0.070556 0.299973
v 0.221636 0.070431 0.299647
v 0.221788 0.070262 0.299343
v 0.221934 0.070052 0.299066
v 0.222072 0.069806 0.298817
v 0.222200 0.069527 0.298601
v 0.222317 0.069219 0.298421
v 0.222420 0.068884 0.298278
v 0.222509 0.068528 0.298178
v 0.222580 0.068153 0.298123
v 0.222632 0.067762 0.298116
v 0.234772 0.063353 0.270960
v 0.224711 0.065302 0.294005
v 0.224191 0.070169 0.293782
v 0.234013 0.070170 0.270934
v 0.223475 0.055723 0.298952
v 0.223270 0.054931 0.299551
v 0.223097 0.054146 0.300075
v 0.222953 0.053371 0.300528
v 0.222836 0.052607 0.300914
v 0.222745 0.051854 0.301237
v 0.222677 0.051116 0.301502
v 0.222632 0.050393 0.301711
v 0.222607 0.049686 0.301870
v 0.222601 0.048998 0.301983
v 0.222611 0.048330 0.302053
v 0.222637 0.047684 0.302084
v 0.222694 0.046835 0.302067
v 0.222777 0.046033 0.301982
v 0.222885 0.045283 0.301832
v 0.223015 0.044590 0.301620
v 0.223166 0.043959 0.301350
v 0.223336 0.043395 0.301024
v 0.223524 0.042903 0.300645
v 0.223728 0.042489 0.300217
v 0.223897 0.041772 0.299908
v 0.224129 0.041529 0.299391
v 0.224423 0.041766 0.298667
v 0.224676 0.041714 0.298071
v 0.225307 0.042034 0.296523
v 0.225816 0.042920 0.295184
v 0.226237 0.044258 0.293993
v 0.226600 0.045936 0.292891
v 0.226938 0.047841 0.291818
v 0.227282 0.049858 0.290713
v 0.227664 0.051876 0.289517
v 0.228117 0.053780 0.288169
v 0.228672 0.055458 0.286610
v 0.229362 0.056796 0.284779
v 0.230217 0.057681 0.282616
v 0.231270 0.058000 0.280061
v 0.231835 0.057908 0.278729
v 0.232379 0.057639 0.277471
v 0.232898 0.057204 0.276295
v 0.233388 0.056612 0.275211
v 0.233845 0.055873 0.274226
v 0.234265 0.054999 0.273349
v 0.234644 0.053997 0.272589
v 0.234977 0.052879 0.271954
v 0.235260 0.051655 0.271452
v 0.235490 0.050334 0.271092
v 0.235661 0.048926 0.270882
v 0.235770 0.047442 0.270832
v 0.235812 0.046435 0.270874
v 0.235834 0.045459 0.270959
v 0.235837 0.044511 0.271086
v 0.235820 0.043589 0.271258
v 0.235782 0.042691 0.271474
v 0.235725 0.041814 0.271734
v 0.235647 0.040957 0.272040
v 0.235550 0.040117 0.272391
v 0.235431 0.039293 0.272790
v 0.235292 0.038482 0.273235
v 0.235133 0.037682 0.273728
v 0.234953 0.036892 0.274269
v 0.232294 0.036896 0.280602
v 0.232589 0.037601 0.279801
v 0.232855 0.038334 0.279063
v 0.233094 0.039093 0.278387
v 0.233304 0.039878 0.277776
v 0.233485 0.040685 0.277231
v 0.233637 0.041514 0.276752
v 0.233759 0.042362 0.276341
v 0.233852 0.043228 0.275999
v 0.233914 0.044110 0.275726
v 0.233945 0.045007 0.275525
v 0.233946 0.045917 0.275395
v 0.233915 0.046837 0.275339
v 0.233843 0.047840 0.275367
v 0.233738 0.048749 0.275490
v 0.233603 0.049567 0.275695
v 0.233443 0.050294 0.275974
v 0.233262 0.050930 0.276316
v 0.233064 0.051479 0.276711
v 0.232853 0.051940 0.277147
v 0.232634 0.052314 0.277616
v 0.232411 0.052604 0.278106
v 0.232188 0.052809 0.278608
v 0.231970 0.052932 0.279110
v 0.231761 0.052972 0.279604
v 0.231073 0.052653 0.281286
v 0.230504 0.051767 0.282768
v 0.230026 0.050429 0.284097
v 0.229610 0.048751 0.285325
v 0.229229 0.046847 0.286502
v 0.228855 0.044829 0.287677
v 0.228460 0.042811 0.288901
v 0.228018 0.040907 0.290225
v 0.227499 0.039229 0.291698
v 0.226813 0.037501 0.293531
v 0.226039 0.036612 0.295446
v 0.225110 0.036291 0.297661
v 0.224523 0.036384 0.299030
v 0.223966 0.036659 0.300306
v 0.223444 0.037108 0.301483
v 0.222958 0.037724 0.302556
v 0.222511 0.038499 0.303519
v 0.222107 0.039425 0.304368
v 0.221746 0.040496 0.305096
v 0.221433 0.041703 0.305698
v 0.221170 0.043040 0.306170
v 0.220959 0.044498 0.306504
v 0.220843 0.046453 0.306529
v 0.220727 0.048129 0.306569
v 0.220698 0.048847 0.306537
v 0.220683 0.049564 0.306471
v 0.220682 0.050280 0.306371
v 0.220696 0.050993 0.306237
v 0.220725 0.051704 0.306069
v 0.220767 0.052410 0.305867
v 0.220825 0.053112 0.305631
v 0.220897 0.053808 0.305361
v 0.220984 0.054498 0.305057
v 0.221085 0.055182 0.304719
v 0.221201 0.055857 0.304348
v 0.221331 0.056525 0.303942
v 0.223712 0.056521 0.298274
v 0.231446 0.030640 0.283406
v 0.232283 0.030294 0.281476
v 0.233071 0.029715 0.279690
v 0.233804 0.028905 0.278057
v 0.234479 0.027861 0.276587
v 0.235091 0.026583 0.275288
v 0.235637 0.025072 0.274171
v 0.236113 0.023326 0.273244
v 0.236515 0.021344 0.272518
v 0.236838 0.019127 0.272000
v 0.237079 0.016673 0.271702
v 0.237234 0.013983 0.271631
v 0.237275 0.011999 0.271751
v 0.237240 0.010050 0.272047
v 0.237125 0.008163 0.272522
v 0.236928 0.006364 0.273180
v 0.236647 0.004678 0.274025
v 0.236277 0.003132 0.275062
v 0.235817 0.001753 0.276293
v 0.235144 -0.002833 0.277673
v 0.234407 -0.003800 0.279269
v 0.233594 -0.004523 0.281080
v 0.232702 -0.004976 0.283111
v 0.231732 -0.005132 0.285367
v 0.222527 -0.005132 0.306978
v 0.222639 0.003685 0.307023
v 0.231388 0.003686 0.286483
v 0.231786 0.003698 0.285548
v 0.232145 0.003735 0.284701
v 0.232469 0.003799 0.283933
v 0.232761 0.003893 0.283236
v 0.233025 0.004018 0.282604
v 0.233263 0.004177 0.282028
v 0.233479 0.004372 0.281500
v 0.233675 0.004604 0.281012
v 0.233856 0.004877 0.280557
v 0.234025 0.005192 0.280127
v 0.234184 0.005550 0.279713
v 0.234338 0.005956 0.279309
v 0.234519 0.006507 0.278824
v 0.234681 0.007081 0.278381
v 0.234824 0.007679 0.277980
v 0.234948 0.008299 0.277620
v 0.235054 0.008943 0.277302
v 0.235141 0.009609 0.277025
v 0.235210 0.010299 0.276789
v 0.235260 0.011012 0.276593
v 0.235291 0.011747 0.276439
v 0.235305 0.012506 0.276325
v 0.235300 0.013288 0.276251
v 0.235277 0.014093 0.276217
v 0.235226 0.015107 0.276225
v 0.235157 0.016072 0.276282
v 0.235071 0.016987 0.276385
v 0.234969 0.017854 0.276530
v 0.234852 0.018670 0.276715
v 0.234722 0.019435 0.276937
v 0.234580 0.020150 0.277193
v 0.234427 0.020814 0.277479
v 0.234265 0.021426 0.277793
v 0.234094 0.021987 0.278132
v 0.233917 0.022495 0.278493
v 0.233734 0.022950 0.278873
v 0.233520 0.023404 0.279327
v 0.233294 0.023800 0.279814
v 0.233057 0.024140 0.280333
v 0.232809 0.024429 0.280885
v 0.232549 0.024670 0.281468
v 0.232278 0.024867 0.282084
v 0.231995 0.025024 0.282730
v 0.231701 0.025144 0.283408
v 0.231395 0.025231 0.284117
v 0.231077 0.025289 0.284857
v 0.230748 0.025321 0.285627
v 0.230406 0.025331 0.286428
v 0.221787 0.025330 0.306662
v 0.221573 0.030755 0.306571
v 0.230561 0.030756 0.285470
v 0.223729 -0.022094 0.301945
v 0.236463 -0.022481 0.271853
v 0.236191 -0.027895 0.271740
v 0.223514 -0.027519 0.301855
v 0.222997 -0.040583 0.301640
v 0.221117 -0.040587 0.306137
v 0.222311 -0.009441 0.306888
v 0.224222 -0.009441 0.302402
v 0.219436 -0.064353 0.306250
v 0.220000 -0.061594 0.305919
v 0.220913 -0.055905 0.304914
v 0.221447 -0.053531 0.303903
v 0.222075 -0.051393 0.302640
v 0.222787 -0.049503 0.301147
v 0.223574 -0.047872 0.299448
v 0.224424 -0.046512 0.297565
v 0.225329 -0.045433 0.295522
v 0.226277 -0.044649 0.293340
v 0.227259 -0.044169 0.291043
v 0.228265 -0.044005 0.288654
v 0.229232 -0.044161 0.286324
v 0.230159 -0.044626 0.284054
v 0.231036 -0.045393 0.281869
v 0.231852 -0.046452 0.279797
v 0.232598 -0.047795 0.277863
v 0.233261 -0.049413 0.276094
v 0.233832 -0.051297 0.274517
v 0.234300 -0.053440 0.273158
v 0.234654 -0.055832 0.272043
v 0.234883 -0.058464 0.271199
v 0.234978 -0.061329 0.270652
v 0.234399 -0.067450 0.270673
v 0.233948 -0.070382 0.270683
v 0.233382 -0.073117 0.271028
v 0.232713 -0.075644 0.271682
v 0.231954 -0.077952 0.272621
v 0.231117 -0.080030 0.273819
v 0.230216 -0.081867 0.275252
v 0.229261 -0.083451 0.276895
v 0.228267 -0.084771 0.278723
v 0.227246 -0.085817 0.280710
v 0.226469 -0.085905 0.282484
v 0.225473 -0.086379 0.284733
v 0.224481 -0.086542 0.287064
v 0.223506 -0.086384 0.289452
v 0.222600 -0.085908 0.291771
v 0.221770 -0.085128 0.293996
v 0.221027 -0.084057 0.296104
v 0.220377 -0.082707 0.298071
v 0.219830 -0.081092 0.299872
v 0.219393 -0.079224 0.301482
v 0.219076 -0.077118 0.302879
v 0.218887 -0.074785 0.304037
v 0.218834 -0.072240 0.304933
v 0.218681 -0.070223 0.305928
v 0.218984 -0.067311 0.306254
v 0.233044 -0.062241 0.275180
v 0.232980 -0.060279 0.275552
v 0.232824 -0.058437 0.276133
v 0.232579 -0.056730 0.276908
v 0.232252 -0.055171 0.277866
v 0.231847 -0.053775 0.278993
v 0.231368 -0.052555 0.280275
v 0.230820 -0.051526 0.281700
v 0.230209 -0.050701 0.283255
v 0.229540 -0.050096 0.284925
v 0.228816 -0.049723 0.286698
v 0.228043 -0.049596 0.288561
v 0.227256 -0.049726 0.290431
v 0.226499 -0.050102 0.292199
v 0.225780 -0.050710 0.293853
v 0.225102 -0.051537 0.295381
v 0.224473 -0.052569 0.296771
v 0.223898 -0.053790 0.298010
v 0.223383 -0.055188 0.299087
v 0.222933 -0.056749 0.299989
v 0.222554 -0.058457 0.300703
v 0.221672 -0.063362 0.301447
v 0.221279 -0.065286 0.301677
v 0.220968 -0.067315 0.301680
v 0.220758 -0.069332 0.301455
v 0.220657 -0.071247 0.301016
v 0.220661 -0.073045 0.300374
v 0.220776 -0.074690 0.299531
v 0.221229 -0.075558 0.298184
v 0.221548 -0.076909 0.297011
v 0.221944 -0.078109 0.295698
v 0.222422 -0.079122 0.294246
v 0.222977 -0.079934 0.292668
v 0.223607 -0.080530 0.290977
v 0.224188 -0.081239 0.289368
v 0.224848 -0.081714 0.287680
v 0.225667 -0.081590 0.285836
v 0.226476 -0.081224 0.284099
v 0.227269 -0.080630 0.282480
v 0.228037 -0.079823 0.280992
v 0.228774 -0.078816 0.279647
v 0.229472 -0.077623 0.278458
v 0.230124 -0.076257 0.277435
v 0.230722 -0.074734 0.276591
v 0.231259 -0.073066 0.275939
v 0.231728 -0.071268 0.275491
v 0.232120 -0.069354 0.275258
v 0.232430 -0.067337 0.275253
v 0.229333 -0.090194 0.274358
v 0.231273 -0.090198 0.269886
v 0.229038 -0.111719 0.268514
v 0.213964 -0.113054 0.303489
v 0.214780 -0.107764 0.303836
v 0.227739 -0.106369 0.273250
v 0.224126 0.082743 0.290234
v 0.223818 0.083369 0.290765
v 0.223533 0.083988 0.291246
v 0.223270 0.084601 0.291677
v 0.223029 0.085208 0.292059
v 0.222810 0.085810 0.292391
v 0.222613 0.086407 0.292674
v 0.222437 0.087000 0.292909
v 0.222282 0.087588 0.293096
v 0.222148 0.088172 0.293234
v 0.222036 0.088753 0.293326
v 0.221943 0.089332 0.293369
v 0.221872 0.089907 0.293366
v 0.221802 0.090675 0.293302
v 0.221761 0.091418 0.293179
v 0.221747 0.092136 0.292999
v 0.221734 0.093690 0.292537
v 0.221760 0.094348 0.292240
v 0.221814 0.094977 0.291887
v 0.221895 0.095575 0.291479
v 0.222004 0.096142 0.291018
v 0.222141 0.096675 0.290502
v 0.222306 0.097173 0.289934
v 0.222498 0.097636 0.289314
v 0.222718 0.098061 0.288642
v 0.222414 0.098601 0.289166
v 0.222116 0.099159 0.289668
v 0.221826 0.099740 0.290144
v 0.221546 0.100343 0.290588
v 0.221278 0.100972 0.290994
v 0.221024 0.101627 0.291357
v 0.220786 0.102310 0.291672
v 0.220567 0.103023 0.291934
v 0.220368 0.103767 0.292136
v 0.220190 0.104545 0.292274
v 0.220038 0.105358 0.292342
v 0.219911 0.106208 0.292334
v 0.219787 0.107405 0.292197
v 0.219733 0.108522 0.291920
v 0.219360 0.111095 0.291768
v 0.219410 0.112026 0.291219
v 0.219530 0.112866 0.290553
v 0.219718 0.113608 0.289775
v 0.219973 0.114250 0.288893
v 0.220292 0.114785 0.287912
v 0.220674 0.115210 0.286840
v 0.221117 0.115520 0.285681
v 0.221620 0.115710 0.284444
v 0.222179 0.115776 0.283133
v 0.228756 0.114273 0.268545
v 0.229383 0.109442 0.268805
v 0.223377 0.109456 0.282981
v 0.223030 0.109410 0.283817
v 0.222723 0.109276 0.284591
v 0.222455 0.109059 0.285302
v 0.222226 0.108765 0.285947
v 0.222037 0.108402 0.286527
v 0.221885 0.107974 0.287038
v 0.221772 0.107488 0.287481
v 0.221696 0.106951 0.287852
v 0.221658 0.106369 0.288152
v 0.221657 0.105748 0.288379
v 0.221692 0.105094 0.288531
v 0.221764 0.104413 0.288607
v 0.221823 0.104009 0.288614
v 0.221906 0.103585 0.288570
v 0.222012 0.103145 0.288479
v 0.222139 0.102692 0.288342
v 0.222285 0.102229 0.288164
v 0.222449 0.101759 0.287946
v 0.222628 0.101286 0.287693
v 0.222822 0.100813 0.287406
v 0.223027 0.100342 0.287090
v 0.223243 0.099878 0.286747
v 0.223468 0.099424 0.286380
v 0.223700 0.098982 0.285992
v 0.230742 0.098965 0.269368
v 0.231368 0.094134 0.269628
v 0.225342 0.094148 0.283855
v 0.224972 0.094108 0.284744
v 0.224649 0.093990 0.285549
v 0.224371 0.093799 0.286273
v 0.224137 0.093542 0.286917
v 0.223946 0.093223 0.287483
v 0.223796 0.092849 0.287973
v 0.223707 0.091558 0.288612
v 0.223622 0.091086 0.288949
v 0.223572 0.090575 0.289215
v 0.223557 0.090032 0.289410
v 0.223575 0.089461 0.289537
v 0.223624 0.088868 0.289598
v 0.223695 0.088269 0.289610
v 0.223776 0.087701 0.289588
v 0.223869 0.087158 0.289530
v 0.223977 0.086636 0.289434
v 0.224100 0.086132 0.289297
v 0.224240 0.085642 0.289116
v 0.224398 0.085160 0.288889
v 0.224577 0.084684 0.288613
v 0.224778 0.084208 0.288287
v 0.225002 0.083729 0.287907
v 0.225250 0.083242 0.287472
v 0.225526 0.082743 0.286978
v 0.232657 0.082744 0.270388
v 0.233177 0.077877 0.270611
v 0.223355 0.077876 0.293459
v 0.222835 0.082743 0.293237
v 0.222552 0.068298 0.298146
v 0.222561 0.067923 0.298236
v 0.222548 0.067566 0.298368
v 0.222517 0.067232 0.298541
v 0.222466 0.066923 0.298750
v 0.222397 0.066644 0.298992
v 0.222312 0.066398 0.299263
v 0.222211 0.066188 0.299559
v 0.222095 0.066019 0.299878
v 0.221966 0.065894 0.300216
v 0.221824 0.065816 0.300568
v 0.221670 0.065789 0.300933
v 0.221511 0.065816 0.301295
v 0.221353 0.065894 0.301640
v 0.221197 0.066019 0.301966
v 0.221045 0.066188 0.302269
v 0.220899 0.066398 0.302547
v 0.220761 0.066644 0.302795
v 0.220633 0.066923 0.303012
v 0.220516 0.067231 0.303192
v 0.220413 0.067566 0.303334
v 0.220325 0.067922 0.303435
v 0.220253 0.068297 0.303490
v 0.220201 0.068688 0.303497
v 0.220170 0.069078 0.303454
v 0.220161 0.069453 0.303365
v 0.220173 0.069810 0.303232
v 0.220205 0.070144 0.303059
v 0.220256 0.070452 0.302850
v 0.220325 0.070732 0.302608
v 0.220410 0.070978 0.302337
v 0.220511 0.071187 0.302041
v 0.220627 0.071356 0.301722
v 0.220756 0.071482 0.301384
v 0.220898 0.071559 0.301032
v 0.221051 0.071586 0.300668
v 0.221210 0.071560 0.300306
v 0.221369 0.071482 0.299960
v 0.221525 0.071356 0.299634
v 0.221677 0.071187 0.299331
v 0.221823 0.070978 0.299053
v 0.221960 0.070732 0.298805
v 0.222089 0.070453 0.298589
v 0.222205 0.070144 0.298408
v 0.222309 0.069810 0.298266
v 0.222397 0.069453 0.298166
v 0.222468 0.069078 0.298110
v 0.222521 0.068688 0.298103
v 0.234421 0.066228 0.271144
v 0.224600 0.066227 0.293992
v 0.224080 0.071094 0.293770
v 0.233901 0.071096 0.270921
v 0.223467 0.056161 0.298908
v 0.223262 0.055369 0.299507
v 0.223089 0.054585 0.300031
v 0.222945 0.053810 0.300484
v 0.222828 0.053045 0.300870
v 0.222737 0.052293 0.301194
v 0.222670 0.051555 0.301458
v 0.222624 0.050831 0.301668
v 0.222600 0.050125 0.301827
v 0.222593 0.049437 0.301939
v 0.222604 0.048769 0.302009
v 0.222629 0.048123 0.302040
v 0.222686 0.047274 0.302023
v 0.222770 0.046472 0.301939
v 0.222877 0.045722 0.301789
v 0.223007 0.045028 0.301577
v 0.223158 0.044397 0.301307
v 0.223328 0.043833 0.300981
v 0.223516 0.043342 0.300602
v 0.223721 0.042928 0.300174
v 0.223940 0.042597 0.299699
v 0.224171 0.042354 0.299181
v 0.224415 0.042205 0.298623
v 0.224668 0.042153 0.298028
v 0.225299 0.042473 0.296480
v 0.225809 0.043359 0.295141
v 0.226229 0.044697 0.293950
v 0.226592 0.046375 0.292848
v 0.226930 0.048280 0.291775
v 0.227274 0.050297 0.290670
v 0.227657 0.052315 0.289474
v 0.228109 0.054219 0.288126
v 0.228665 0.055897 0.286566
v 0.229354 0.057235 0.284735
v 0.230209 0.058120 0.282572
v 0.231263 0.058439 0.280017
v 0.231827 0.058346 0.278685
v 0.232371 0.058078 0.277427
v 0.232890 0.057642 0.276252
v 0.233380 0.057050 0.275168
v 0.233838 0.056312 0.274183
v 0.234258 0.055437 0.273306
v 0.234636 0.054436 0.272546
v 0.234969 0.053318 0.271910
v 0.235252 0.052093 0.271408
v 0.235482 0.050772 0.271048
v 0.235653 0.049365 0.270839
v 0.235762 0.047880 0.270788
v 0.235804 0.046874 0.270831
v 0.235827 0.045898 0.270915
v 0.235829 0.044950 0.271043
v 0.235812 0.044028 0.271214
v 0.235775 0.043129 0.271430
v 0.235717 0.042253 0.271691
v 0.235640 0.041396 0.271996
v 0.235542 0.040556 0.272348
v 0.235424 0.039732 0.272746
v 0.235285 0.038921 0.273191
v 0.235125 0.038121 0.273684
v 0.234945 0.037330 0.274225
v 0.232287 0.037335 0.280559
v 0.232581 0.038040 0.279758
v 0.232848 0.038772 0.279019
v 0.233086 0.039532 0.278344
v 0.233296 0.040316 0.277733
v 0.233477 0.041124 0.277188
v 0.233629 0.041952 0.276709
v 0.233751 0.042801 0.276298
v 0.233844 0.043667 0.275955
v 0.233906 0.044549 0.275683
v 0.233937 0.045446 0.275481
v 0.233938 0.046355 0.275352
v 0.233907 0.047276 0.275295
v 0.233835 0.048279 0.275324
v 0.233730 0.049188 0.275446
v 0.233595 0.050006 0.275652
v 0.233435 0.050732 0.275931
v 0.233254 0.051369 0.276273
v 0.233056 0.051918 0.276667
v 0.232845 0.052378 0.277104
v 0.232626 0.052753 0.277573
v 0.232403 0.053042 0.278063
v 0.232181 0.053248 0.278564
v 0.231962 0.053370 0.279067
v 0.231753 0.053411 0.279560
v 0.231066 0.053092 0.281243
v 0.230496 0.052206 0.282724
v 0.230018 0.050868 0.284054
v 0.229602 0.049190 0.285282
v 0.229221 0.047285 0.286458
v 0.228847 0.045268 0.287634
v 0.228453 0.043250 0.288858
v 0.228010 0.041346 0.290181
v 0.227491 0.039668 0.291654
v 0.226797 0.037846 0.293530
v 0.226024 0.036958 0.295444
v 0.225095 0.036637 0.297659
v 0.224507 0.036730 0.299029
v 0.223951 0.037005 0.300305
v 0.223428 0.037454 0.301482
v 0.222942 0.038070 0.302555
v 0.222496 0.038844 0.303518
v 0.222091 0.039771 0.304366
v 0.221731 0.040842 0.305094
v 0.221418 0.042049 0.305697
v 0.221154 0.043386 0.306168
v 0.220943 0.044844 0.306503
v 0.220835 0.046892 0.306486
v 0.220719 0.048568 0.306525
v 0.220690 0.049286 0.306493
v 0.220675 0.050003 0.306427
v 0.220674 0.050719 0.306327
v 0.220688 0.051432 0.306193
v 0.220717 0.052142 0.306025
v 0.220760 0.052849 0.305823
v 0.220817 0.053551 0.305587
v 0.220889 0.054247 0.305317
v 0.220976 0.054937 0.305014
v 0.221077 0.055621 0.304676
v 0.221193 0.056296 0.304304
v 0.221323 0.056963 0.303899
v 0.223704 0.056960 0.298230
v 0.231430 0.030986 0.283405
v 0.232268 0.030639 0.281475
v 0.233055 0.030061 0.279689
v 0.233788 0.029250 0.278056
v 0.234463 0.028206 0.276585
v 0.235076 0.026929 0.275287
v 0.235622 0.025418 0.274170
v 0.236098 0.023672 0.273243
v 0.236499 0.021690 0.272516
v 0.236823 0.019473 0.271999
v 0.237064 0.017019 0.271700
v 0.237219 0.014328 0.271630
v 0.237260 0.012344 0.271750
v 0.237224 0.010396 0.272045
v 0.237110 0.008509 0.272520
v 0.236913 0.006709 0.273179
v 0.236631 0.005024 0.274024
v 0.236262 0.003478 0.275061
v 0.235801 0.002098 0.276292
v 0.235120 -0.003271 0.277668
v 0.234383 -0.004238 0.279264
v 0.233570 -0.004961 0.281075
v 0.232678 -0.005414 0.283106
v 0.231708 -0.005570 0.285362
v 0.222503 -0.005570 0.306973
v 0.222623 0.004031 0.307022
v 0.231373 0.004031 0.286482
v 0.231770 0.004043 0.285547
v 0.232130 0.004080 0.284699
v 0.232454 0.004145 0.283931
v 0.232746 0.004239 0.283235
v 0.233009 0.004364 0.282603
v 0.233247 0.004523 0.282026
v 0.233463 0.004717 0.281498
v 0.233660 0.004950 0.281011
v 0.233841 0.005223 0.280556
v 0.234010 0.005537 0.280125
v 0.234169 0.005896 0.279712
v 0.234322 0.006301 0.279308
v 0.234503 0.006853 0.278823
v 0.234665 0.007427 0.278380
v 0.234808 0.008024 0.277979
v 0.234933 0.008645 0.277619
v 0.235039 0.009288 0.277301
v 0.235126 0.009955 0.277023
v 0.235194 0.010645 0.276787
v 0.235244 0.011357 0.276592
v 0.235276 0.012093 0.276437
v 0.235289 0.012852 0.276323
v 0.235284 0.013634 0.276249
v 0.235261 0.014439 0.276216
v 0.235211 0.015453 0.276224
v 0.235142 0.016417 0.276281
v 0.235056 0.017333 0.276383
v 0.234953 0.018199 0.276529
v 0.234837 0.019015 0.276714
v 0.234706 0.019781 0.276936
v 0.234564 0.020496 0.277191
v 0.234412 0.021160 0.277478
v 0.234249 0.021772 0.277792
v 0.234079 0.022333 0.278131
v 0.233902 0.022841 0.278492
v 0.233719 0.023296 0.278871
v 0.233504 0.023750 0.279326
v 0.233278 0.024145 0.279813
v 0.233041 0.024485 0.280332
v 0.232793 0.024774 0.280883
v 0.232533 0.025016 0.281467
v 0.232262 0.025213 0.282082
v 0.231980 0.025370 0.282729
v 0.231685 0.025490 0.283407
v 0.231379 0.025577 0.284116
v 0.231062 0.025635 0.284856
v 0.230732 0.025666 0.285626
v 0.230391 0.025676 0.286426
v 0.221771 0.025676 0.306661
v 0.221557 0.031101 0.306570
v 0.230546 0.031101 0.285469
v 0.223734 -0.022439 0.301892
v 0.236439 -0.022919 0.271848
v 0.236168 -0.028333 0.271735
v 0.223520 -0.027864 0.301803
v 0.223003 -0.040929 0.301588
v 0.221123 -0.040932 0.306085
v 0.222287 -0.009879 0.306883
v 0.224198 -0.009879 0.302398
v 0.219270 -0.065460 0.306244
v 0.219834 -0.062701 0.305913
v 0.220919 -0.056251 0.304861
v 0.221453 -0.053876 0.303851
v 0.222081 -0.051738 0.302588
v 0.222793 -0.049848 0.301095
v 0.223579 -0.048217 0.299396
v 0.224430 -0.046857 0.297513
v 0.225334 -0.045779 0.295469
v 0.226283 -0.044994 0.293288
v 0.227265 -0.044514 0.290991
v 0.228271 -0.044350 0.288602
v 0.229237 -0.044506 0.286272
v 0.230165 -0.044971 0.284001
v 0.231042 -0.045738 0.281817
v 0.231858 -0.046797 0.279745
v 0.232603 -0.048140 0.277811
v 0.233267 -0.049758 0.276042
v 0.233838 -0.051643 0.274465
v 0.234306 -0.053785 0.273106
v 0.234660 -0.056177 0.271991
v 0.234889 -0.058809 0.271147
v 0.234984 -0.061674 0.270600
v 0.234233 -0.068556 0.270666
v 0.233782 -0.071488 0.270677
v 0.233216 -0.074224 0.271021
v 0.232547 -0.076751 0.271676
v 0.231788 -0.079059 0.272614
v 0.230951 -0.081137 0.273813
v 0.230050 -0.082973 0.275246
v 0.229095 -0.084557 0.276889
v 0.228101 -0.085878 0.278716
v 0.227108 -0.086848 0.280664
v 0.226393 -0.086829 0.282388
v 0.225396 -0.087303 0.284637
v 0.224405 -0.087466 0.286968
v 0.223430 -0.087308 0.289356
v 0.222523 -0.086832 0.291675
v 0.221694 -0.086052 0.293900
v 0.220950 -0.084981 0.296009
v 0.220301 -0.083631 0.297975
v 0.219753 -0.082016 0.299776
v 0.219317 -0.080148 0.301387
v 0.219000 -0.078042 0.302783
v 0.218811 -0.075709 0.303941
v 0.218757 -0.073164 0.304837
v 0.218730 -0.070762 0.305627
v 0.218818 -0.068418 0.306247
v 0.232475 -0.066415 0.275473
v 0.232986 -0.060624 0.275500
v 0.232829 -0.058782 0.276080
v 0.232585 -0.057075 0.276856
v 0.232258 -0.055516 0.277814
v 0.231852 -0.054120 0.278941
v 0.231373 -0.052900 0.280223
v 0.230826 -0.051871 0.281648
v 0.230215 -0.051047 0.283202
v 0.229545 -0.050441 0.284873
v 0.228822 -0.050068 0.286646
v 0.228049 -0.049941 0.288509
v 0.227262 -0.050071 0.290379
v 0.226505 -0.050447 0.292147
v 0.225785 -0.051055 0.293801
v 0.225108 -0.051882 0.295329
v 0.224479 -0.052914 0.296719
v 0.223904 -0.054135 0.297958
v 0.223389 -0.055533 0.299035
v 0.222939 -0.057094 0.299936
v 0.221974 -0.062662 0.300996
v 0.221506 -0.064468 0.301441
v 0.221113 -0.066393 0.301670
v 0.220802 -0.068422 0.301674
v 0.220592 -0.070438 0.301449
v 0.220491 -0.072353 0.301009
v 0.220496 -0.074151 0.300368
v 0.220923 -0.074971 0.299096
v 0.221161 -0.076458 0.298076
v 0.221472 -0.077833 0.296915
v 0.221868 -0.079033 0.295602
v 0.222345 -0.080046 0.294150
v 0.222901 -0.080858 0.292572
v 0.223530 -0.081454 0.290881
v 0.224230 -0.081820 0.289091
v 0.224820 -0.082454 0.287483
v 0.225501 -0.082696 0.285830
v 0.226310 -0.082330 0.284092
v 0.227103 -0.081737 0.282474
v 0.227871 -0.080930 0.280986
v 0.228608 -0.079922 0.279641
v 0.229306 -0.078729 0.278451
v 0.229958 -0.077364 0.277429
v 0.230556 -0.075840 0.276585
v 0.231093 -0.074173 0.275933
v 0.231562 -0.072375 0.275485
v 0.231955 -0.070461 0.275252
v 0.232264 -0.068444 0.275247
v 0.229276 -0.091012 0.274202
v 0.231107 -0.091304 0.269879
v 0.228961 -0.112643 0.268418
v 0.213745 -0.114370 0.303442
v 0.214560 -0.109081 0.303789
v 0.227663 -0.107293 0.273154
v 0.229276 -0.091012 0.274202
v 0.229333 -0.090194 0.274358
v 0.231107 -0.091304 0.269879
v 0.231273 -0.090198 0.269886
v 0.228961 -0.112643 0.268418
v 0.229038 -0.111719 0.268514
v 0.213745 -0.114370 0.303442
v 0.213964 -0.113054 0.303489
v 0.214560 -0.109081 0.303789
v 0.214780 -0.107764 0.303836
v 0.227663 -0.107293 0.273154
v 0.227739 -0.106369 0.273250
v 0.219270 -0.065460 0.306244
v 0.219436 -0.064353 0.306250
v 0.219834 -0.062701 0.305913
v 0.220000 -0.061594 0.305919
v 0.220919 -0.056251 0.304861
v 0.220913 -0.055905 0.304914
v 0.221453 -0.053876 0.303851
v 0.221447 -0.053531 0.303903
v 0.222081 -0.051738 0.302588
v 0.222075 -0.051393 0.302640
v 0.222793 -0.049848 0.301095
v 0.222787 -0.049503 0.301147
v 0.223579 -0.048217 0.299396
v 0.223574 -0.047872 0.299448
v 0.224430 -0.046857 0.297513
v 0.224424 -0.046512 0.297565
v 0.225334 -0.045779 0.295469
v 0.225329 -0.045433 0.295522
v 0.226283 -0.044994 0.293288
v 0.226277 -0.044649 0.293340
v 0.227265 -0.044514 0.290991
v 0.227259 -0.044169 0.291043
v 0.228271 -0.044350 0.288602
v 0.228265 -0.044005 0.288654
v 0.229237 -0.044506 0.286272
v 0.229232 -0.044161 0.286324
v 0.230165 -0.044971 0.284001
v 0.230159 -0.044626 0.284054
v 0.231042 -0.045738 0.281817
v 0.231036 -0.045393 0.281869
v 0.231858 -0.046797 0.279745
v 0.231852 -0.046452 0.279797
v 0.232603 -0.048140 0.277811
v 0.232598 -0.047795 0.277863
v 0.233267 -0.049758 0.276042
v 0.233261 -0.049413 0.276094
v 0.233838 -0.051643 0.274465
v 0.233832 -0.051297 0.274517
v 0.234306 -0.053785 0.273106
v 0.234300 -0.053440 0.273158
v 0.234660 -0.056177 0.271991
v 0.234654 -0.055832 0.272043
v 0.234889 -0.058809 0.271147
v 0.234883 -0.058464 0.271199
v 0.234984 -0.061674 0.270600
v 0.234978 -0.061329 0.270652
v 0.234233 -0.068556 0.270666
v 0.234399 -0.067450 0.270673
v 0.233782 -0.071488 0.270677
v 0.233948 -0.070382 0.270683
v 0.233216 -0.074224 0.271021
v 0.233382 -0.073117 0.271028
v 0.232547 -0.076751 0.271676
v 0.232713 -0.075644 0.271682
v 0.231788 -0.079059 0.272614
v 0.231954 -0.077952 0.272621
v 0.230951 -0.081137 0.273813
v 0.231117 -0.080030 0.273819
v 0.230050 -0.082973 0.275246
v 0.230216 -0.081867 0.275252
v 0.229095 -0.084557 0.276889
v 0.229261 -0.083451 0.276895
v 0.228101 -0.085878 0.278716
v 0.228267 -0.084771 0.278723
v 0.227108 -0.086848 0.280664
v 0.227246 -0.085817 0.280710
v 0.226393 -0.086829 0.282388
v 0.226469 -0.085905 0.282484
v 0.225396 -0.087303 0.284637
v 0.225473 -0.086379 0.284733
v 0.224405 -0.087466 0.286968
v 0.224481 -0.086542 0.287064
v 0.223430 -0.087308 0.289356
v 0.223506 -0.086384 0.289452
v 0.222523 -0.086832 0.291675
v 0.222600 -0.085908 0.291771
v 0.221694 -0.086052 0.293900
v 0.221770 -0.085128 0.293996
v 0.220950 -0.084981 0.296009
v 0.221027 -0.084057 0.296104
v 0.220301 -0.083631 0.297975
v 0.220377 -0.082707 0.298071
v 0.219753 -0.082016 0.299776
v 0.219830 -0.081092 0.299872
v 0.219317 -0.080148 0.301387
v 0.219393 -0.079224 0.301482
v 0.219000 -0.078042 0.302783
v 0.219076 -0.077118 0.302879
v 0.218811 -0.075709 0.303941
v 0.218887 -0.074785 0.304037
v 0.218757 -0.073164 0.304837
v 0.218834 -0.072240 0.304933
v 0.218730 -0.070762 0.305627
v 0.218681 -0.070223 0.305928
v 0.218818 -0.068418 0.306247
v 0.218984 -0.067311 0.306254
v 0.232475 -0.066415 0.275473
v 0.233044 -0.062241 0.275180
v 0.232986 -0.060624 0.275500
v 0.232980 -0.060279 0.275552
v 0.232829 -0.058782 0.276080
v 0.232824 -0.058437 0.276133
v 0.232585 -0.057075 0.276856
v 0.232579 -0.056730 0.276908
v 0.232258 -0.055516 0.277814
v 0.232252 -0.055171 0.277866
v 0.231852 -0.054120 0.278941
v 0.231847 -0.053775 0.278993
v 0.231373 -0.052900 0.280223
v 0.231368 -0.052555 0.280275
v 0.230826 -0.051871 0.281648
v 0.230820 -0.051526 0.281700
v 0.230215 -0.051047 0.283202
v 0.230209 -0.050701 0.283255
v 0.229545 -0.050441 0.284873
v 0.229540 -0.050096 0.284925
v 0.228822 -0.050068 0.286646
v 0.228816 -0.049723 0.286698
v 0.228049 -0.049941 0.288509
v 0.228043 -0.049596 0.288561
v 0.227262 -0.050071 0.290379
v 0.227256 -0.049726 0.290431
v 0.226505 -0.050447 0.292147
v 0.226499 -0.050102 0.292199
v 0.225785 -0.051055 0.293801
v 0.225780 -0.050710 0.293853
v 0.225108 -0.051882 0.295329
v 0.225102 -0.051537 0.295381
v 0.224479 -0.052914 0.296719
v 0.224473 -0.052569 0.296771
v 0.223904 -0.054135 0.297958
v 0.223898 -0.053790 0.298010
v 0.223389 -0.055533 0.299035
v 0.223383 -0.055188 0.299087
v 0.222939 -0.057094 0.299936
v 0.222933 -0.056749 0.299989
v 0.221974 -0.062662 0.300996
v 0.222554 -0.058457 0.300703
v 0.221506 -0.064468 0.301441
v 0.221672 -0.063362 0.301447
v 0.221113 -0.066393 0.301670
v 0.221279 -0.065286 0.301677
v 0.220802 -0.068422 0.301674
v 0.220968 -0.067315 0.301680
v 0.220592 -0.070438 0.301449
v 0.220758 -0.069332 0.301455
v 0.220491 -0.072353 0.301009
v 0.220657 -0.071247 0.301016
v 0.220496 -0.074151 0.300368
v 0.220661 -0.073045 0.300374
v 0.220923 -0.074971 0.299096
v 0.220776 -0.074690 0.299531
v 0.221161 -0.076458 0.298076
v 0.221229 -0.075558 0.298184
v 0.221472 -0.077833 0.296915
v 0.221548 -0.076909 0.297011
v 0.221868 -0.079033 0.295602
v 0.221944 -0.078109 0.295698
v 0.222345 -0.080046 0.294150
v 0.222422 -0.079122 0.294246
v 0.222901 -0.080858 0.292572
v 0.222977 -0.079934 0.292668
v 0.223530 -0.081454 0.290881
v 0.223607 -0.080530 0.290977
v 0.224230 -0.081820 0.289091
v 0.224188 -0.081239 0.289368
v 0.224820 -0.082454 0.287483
v 0.224848 -0.081714 0.287680
v 0.225501 -0.082696 0.285830
v 0.225667 -0.081590 0.285836
v 0.226310 -0.082330 0.284092
v 0.226476 -0.081224 0.284099
v 0.227103 -0.081737 0.282474
v 0.227269 -0.080630 0.282480
v 0.227871 -0.080930 0.280986
v 0.228037 -0.079823 0.280992
v 0.228608 -0.079922 0.279641
v 0.228774 -0.078816 0.279647
v 0.229306 -0.078729 0.278451
v 0.229472 -0.077623 0.278458
v 0.229958 -0.077364 0.277429
v 0.230124 -0.076257 0.277435
v 0.230556 -0.075840 0.276585
v 0.230722 -0.074734 0.276591
v 0.231093 -0.074173 0.275933
v 0.231259 -0.073066 0.275939
v 0.231562 -0.072375 0.275485
v 0.231728 -0.071268 0.275491
v 0.231955 -0.070461 0.275252
v 0.232120 -0.069354 0.275258
v 0.232264 -0.068444 0.275247
v 0.232430 -0.067337 0.275253
v 0.223734 -0.022439 0.301892
v 0.223729 -0.022094 0.301945
v 0.236439 -0.022919 0.271848
v 0.236463 -0.022481 0.271853
v 0.236168 -0.028333 0.271735
v 0.236191 -0.027895 0.271740
v 0.223520 -0.027864 0.301803
v 0.223514 -0.027519 0.301855
v 0.223003 -0.040929 0.301588
v 0.222997 -0.040583 0.301640
v 0.221123 -0.040932 0.306085
v 0.221117 -0.040587 0.306137
v 0.222287 -0.009879 0.306883
v 0.222311 -0.009441 0.306888
v 0.224198 -0.009879 0.302398
v 0.224222 -0.009441 0.302402
v 0.231430 0.030986 0.283405
v 0.231446 0.030640 0.283406
v 0.232268 0.030639 0.281475
v 0.232283 0.030294 0.281476
v 0.233055 0.030061 0.279689
v 0.233071 0.029715 0.279690
v 0.233788 0.029250 0.278056
v 0.233804 0.028905 0.278057
v 0.234463 0.028206 0.276585
v 0.234479 0.027861 0.276587
v 0.235076 0.026929 0.275287
v 0.235091 0.026583 0.275288
v 0.235622 0.025418 0.274170
v 0.235637 0.025072 0.274171
v 0.236098 0.023672 0.273243
v 0.236113 0.023326 0.273244
v 0.236499 0.021690 0.272516
v 0.236515 0.021344 0.272518
v 0.236823 0.019473 0.271999
v 0.236838 0.019127 0.272000
v 0.237064 0.017019 0.271700
v 0.237079 0.016673 0.271702
v 0.237219 0.014328 0.271630
v 0.237234 0.013983 0.271631
v 0.237260 0.012344 0.271750
v 0.237275 0.011999 0.271751
v 0.237224 0.010396 0.272045
v 0.237240 0.010050 0.272047
v 0.237110 0.008509 0.272520
v 0.237125 0.008163 0.272522
v 0.236913 0.006709 0.273179
v 0.236928 0.006364 0.273180
v 0.236631 0.005024 0.274024
v 0.236647 0.004678 0.274025
v 0.236262 0.003478 0.275061
v 0.236277 0.003132 0.275062
v 0.235801 0.002098 0.276292
v 0.235817 0.001753 0.276293
v 0.235120 -0.003271 0.277668
v 0.235144 -0.002833 0.277673
v 0.234383 -0.004238 0.279264
v 0.234407 -0.003800 0.279269
v 0.233570 -0.004961 0.281075
v 0.233594 -0.004523 0.281080
v 0.232678 -0.005414 0.283106
v 0.232702 -0.004976 0.283111
v 0.231708 -0.005570 0.285362
v 0.231732 -0.005132 0.285367
v 0.222503 -0.005570 0.306973
v 0.222527 -0.005132 0.306978
v 0.222623 0.004031 0.307022
v 0.222639 0.003685 0.307023
v 0.231373 0.004031 0.286482
v 0.231388 0.003686 0.286483
v 0.231770 0.004043 0.285547
v 0.231786 0.003698 0.285548
v 0.232130 0.004080 0.284699
v 0.232145 0.003735 0.284701
v 0.232454 0.004145 0.283931
v 0.232469 0.003799 0.283933
v 0.232746 0.004239 0.283235
v 0.232761 0.003893 0.283236
v 0.233009 0.004364 0.282603
v 0.233025 0.004018 0.282604
v 0.233247 0.004523 0.282026
v 0.233263 0.004177 0.282028
v 0.233463 0.004717 0.281498
v 0.233479 0.004372 0.281500
v 0.233660 0.004950 0.281011
v 0.233675 0.004604 0.281012
v 0.233841 0.005223 0.280556
v 0.233856 0.004877 0.280557
v 0.234010 0.005537 0.280125
v 0.234025 0.005192 0.280127
v 0.234169 0.005896 0.279712
v 0.234184 0.005550 0.279713
v 0.234322 0.006301 0.279308
v 0.234338 0.005956 0.279309
v 0.234503 0.006853 0.278823
v 0.234519 0.006507 0.278824
v 0.234665 0.007427 0.278380
v 0.234681 0.007081 0.278381
v 0.234808 0.008024 0.277979
v 0.234824 0.007679 0.277980
v 0.234933 0.008645 0.277619
v 0.234948 0.008299 0.277620
v 0.235039 0.009288 0.277301
v 0.235054 0.008943 0.277302
v 0.235126 0.009955 0.277023
v 0.235141 0.009609 0.277025
v 0.235194 0.010645 0.276787
v 0.235210 0.010299 0.276789
v 0.235244 0.011357 0.276592
v 0.235260 0.011012 0.276593
v 0.235276 0.012093 0.276437
v 0.235291 0.011747 0.276439
v 0.235289 0.012852 0.276323
v 0.235305 0.012506 0.276325
v 0.235284 0.013634 0.276249
v 0.235300 0.013288 0.276251
v 0.235261 0.014439 0.276216
v 0.235277 0.014093 0.276217
v 0.235211 0.015453 0.276224
v 0.235226 0.015107 0.276225
v 0.235142 0.016417 0.276281
v 0.235157 0.016072 0.276282
v 0.235056 0.017333 0.276383
v 0.235071 0.016987 0.276385
v 0.234953 0.018199 0.276529
v 0.234969 0.017854 0.276530
v 0.234837 0.019015 0.276714
v 0.234852 0.018670 0.276715
v 0.234706 0.019781 0.276936
v 0.234722 0.019435 0.276937
v 0.234564 0.020496 0.277191
v 0.234580 0.020150 0.277193
v 0.234412 0.021160 0.277478
v 0.234427 0.020814 0.277479
v 0.234249 0.021772 0.277792
v 0.234265 0.021426 0.277793
v 0.234079 0.022333 0.278131
v 0.234094 0.021987 0.278132
v 0.233902 0.022841 0.278492
v 0.233917 0.022495 0.278493
v 0.233719 0.023296 0.278871
v 0.233734 0.022950 0.278873
v 0.233504 0.023750 0.279326
v 0.233520 0.023404 0.279327
v 0.233278 0.024145 0.279813
v 0.233294 0.023800 0.279814
v 0.233041 0.024485 0.280332
v 0.233057 0.024140 0.280333
v 0.232793 0.024774 0.280883
v 0.232809 0.024429 0.280885
v 0.232533 0.025016 0.281467
v 0.232549 0.024670 0.281468
v 0.232262 0.025213 0.282082
v 0.232278 0.024867 0.282084
v 0.231980 0.025370 0.282729
v 0.231995 0.025024 0.282730
v 0.231685 0.025490 0.283407
v 0.231701 0.025144 0.283408
v 0.231379 0.025577 0.284116
v 0.231395 0.025231 0.284117
v 0.231062 0.025635 0.284856
v 0.231077 0.025289 0.284857
v 0.230732 0.025666 0.285626
v 0.230748 0.025321 0.285627
v 0.230391 0.025676 0.286426
v 0.230406 0.025331 0.286428
v 0.221771 0.025676 0.306661
v 0.221787 0.025330 0.306662
v 0.221557 0.031101 0.306570
v 0.221573 0.030755 0.306571
v 0.230546 0.031101 0.285469
v 0.230561 0.030756 0.285470
v 0.223467 0.056161 0.298908
v 0.223475 0.055723 0.298952
v 0.223262 0.055369 0.299507
v 0.223270 0.054931 0.299551
v 0.223089 0.054585 0.300031
v 0.223097 0.054146 0.300075
v 0.222945 0.053810 0.300484
v 0.222953 0.053371 0.300528
v 0.222828 0.053045 0.300870
v 0.222836 0.052607 0.300914
v 0.222737 0.052293 0.301194
v 0.222745 0.051854 0.301237
v 0.222670 0.051555 0.301458
v 0.222677 0.051116 0.301502
v 0.222624 0.050831 0.301668
v 0.222632 0.050393 0.301711
v 0.222600 0.050125 0.301827
v 0.222607 0.049686 0.301870
v 0.222593 0.049437 0.301939
v 0.222601 0.048998 0.301983
v 0.222604 0.048769 0.302009
v 0.222611 0.048330 0.302053
v 0.222629 0.048123 0.302040
v 0.222637 0.047684 0.302084
v 0.222686 0.047274 0.302023
v 0.222694 0.046835 0.302067
v 0.222770 0.046472 0.301939
v 0.222777 0.046033 0.301982
v 0.222877 0.045722 0.301789
v 0.222885 0.045283 0.301832
v 0.223007 0.045028 0.301577
v 0.223015 0.044590 0.301620
v 0.223158 0.044397 0.301307
v 0.223166 0.043959 0.301350
v 0.223328 0.043833 0.300981
v 0.223336 0.043395 0.301024
v 0.223516 0.043342 0.300602
v 0.223524 0.042903 0.300645
v 0.223721 0.042928 0.300174
v 0.223728 0.042489 0.300217
v 0.223940 0.042597 0.299699
v 0.223897 0.041772 0.299908
v 0.224171 0.042354 0.299181
v 0.224129 0.041529 0.299391
v 0.224415 0.042205 0.298623
v 0.224423 0.041766 0.298667
v 0.224668 0.042153 0.298028
v 0.224676 0.041714 0.298071
v 0.225299 0.042473 0.296480
v 0.225307 0.042034 0.296523
v 0.225809 0.043359 0.295141
v 0.225816 0.042920 0.295184
v 0.226229 0.044697 0.293950
v 0.226237 0.044258 0.293993
v 0.226592 0.046375 0.292848
v 0.226600 0.045936 0.292891
v 0.226930 0.048280 0.291775
v 0.226938 0.047841 0.291818
v 0.227274 0.050297 0.290670
v 0.227282 0.049858 0.290713
v 0.227657 0.052315 0.289474
v 0.227664 0.051876 0.289517
v 0.228109 0.054219 0.288126
v 0.228117 0.053780 0.288169
v 0.228665 0.055897 0.286566
v 0.228672 0.055458 0.286610
v 0.229354 0.057235 0.284735
v 0.229362 0.056796 0.284779
v 0.230209 0.058120 0.282572
v 0.230217 0.057681 0.282616
v 0.231263 0.058439 0.280017
v 0.231270 0.058000 0.280061
v 0.231827 0.058346 0.278685
v 0.231835 0.057908 0.278729
v 0.232371 0.058078 0.277427
v 0.232379 0.057639 0.277471
v 0.232890 0.057642 0.276252
v 0.232898 0.057204 0.276295
v 0.233380 0.057050 0.275168
v 0.233388 0.056612 0.275211
v 0.233838 0.056312 0.274183
v 0.233845 0.055873 0.274226
v 0.234258 0.055437 0.273306
v 0.234265 0.054999 0.273349
v 0.234636 0.054436 0.272546
v 0.234644 0.053997 0.272589
v 0.234969 0.053318 0.271910
v 0.234977 0.052879 0.271954
v 0.235252 0.052093 0.271408
v 0.235260 0.051655 0.271452
v 0.235482 0.050772 0.271048
v 0.235490 0.050334 0.271092
v 0.235653 0.049365 0.270839
v 0.235661 0.048926 0.270882
v 0.235762 0.047880 0.270788
v 0.235770 0.047442 0.270832
v 0.235804 0.046874 0.270831
v 0.235812 0.046435 0.270874
v 0.235827 0.045898 0.270915
v 0.235834 0.045459 0.270959
v 0.235829 0.044950 0.271043
v 0.235837 0.044511 0.271086
v 0.235812 0.044028 0.271214
v 0.235820 0.043589 0.271258
v 0.235775 0.043129 0.271430
v 0.235782 0.042691 0.271474
v 0.235717 0.042253 0.271691
v 0.235725 0.041814 0.271734
v 0.235640 0.041396 0.271996
v 0.235647 0.040957 0.272040
v 0.235542 0.040556 0.272348
v 0.235550 0.040117 0.272391
v 0.235424 0.039732 0.272746
v 0.235431 0.039293 0.272790
v 0.235285 0.038921 0.273191
v 0.235292 0.038482 0.273235
v 0.235125 0.038121 0.273684
v 0.235133 0.037682 0.273728
v 0.234945 0.037330 0.274225
v 0.234953 0.036892 0.274269
v 0.232287 0.037335 0.280559
v 0.232294 0.036896 0.280602
v 0.232581 0.038040 0.279758
v 0.232589 0.037601 0.279801
v 0.232848 0.038772 0.279019
v 0.232855 0.038334 0.279063
v 0.233086 0.039532 0.278344
v 0.233094 0.039093 0.278387
v 0.233296 0.040316 0.277733
v 0.233304 0.039878 0.277776
v 0.233477 0.041124 0.277188
v 0.233485 0.040685 0.277231
v 0.233629 0.041952 0.276709
v 0.233637 0.041514 0.276752
v 0.233751 0.042801 0.276298
v 0.233759 0.042362 0.276341
v 0.233844 0.043667 0.275955
v 0.233852 0.043228 0.275999
v 0.233906 0.044549 0.275683
v 0.233914 0.044110 0.275726
v 0.233937 0.045446 0.275481
v 0.233945 0.045007 0.275525
v 0.233938 0.046355 0.275352
v 0.233946 0.045917 0.275395
v 0.233907 0.047276 0.275295
v 0.233915 0.046837 0.275339
v 0.233835 0.048279 0.275324
v 0.233843 0.047840 0.275367
v 0.233730 0.049188 0.275446
v 0.233738 0.048749 0.275490
v 0.233595 0.050006 0.275652
v 0.233603 0.049567 0.275695
v 0.233435 0.050732 0.275931
v 0.233443 0.050294 0.275974
v 0.233254 0.051369 0.276273
v 0.233262 0.050930 0.276316
v 0.233056 0.051918 0.276667
v 0.233064 0.051479 0.276711
v 0.232845 0.052378 0.277104
v 0.232853 0.051940 0.277147
v 0.232626 0.052753 0.277573
v 0.232634 0.052314 0.277616
v 0.232403 0.053042 0.278063
v 0.232411 0.052604 0.278106
v 0.232181 0.053248 0.278564
v 0.232188 0.052809 0.278608
v 0.231962 0.053370 0.279067
v 0.231970 0.052932 0.279110
v 0.231753 0.053411 0.279560
v 0.231761 0.052972 0.279604
v 0.231066 0.053092 0.281243
v 0.231073 0.052653 0.281286
v 0.230496 0.052206 0.282724
v 0.230504 0.051767 0.282768
v 0.230018 0.050868 0.284054
v 0.230026 0.050429 0.284097
v 0.229602 0.049190 0.285282
v 0.229610 0.048751 0.285325
v 0.229221 0.047285 0.286458
v 0.229229 0.046847 0.286502
v 0.228847 0.045268 0.287634
v 0.228855 0.044829 0.287677
v 0.228453 0.043250 0.288858
v 0.228460 0.042811 0.288901
v 0.228010 0.041346 0.290181
v 0.228018 0.040907 0.290225
v 0.227491 0.039668 0.291654
v 0.227499 0.039229 0.291698
v 0.226797 0.037846 0.293530
v 0.226813 0.037501 0.293531
v 0.226024 0.036958 0.295444
v 0.226039 0.036612 0.295446
v 0.225095 0.036637 0.297659
v 0.225110 0.036291 0.297661
v 0.224507 0.036730 0.299029
v 0.224523 0.036384 0.299030
v 0.223951 0.037005 0.300305
v 0.223966 0.036659 0.300306
v 0.223428 0.037454 0.301482
v 0.223444 0.037108 0.301483
v 0.222942 0.038070 0.302555
v 0.222958 0.037724 0.302556
v 0.222496 0.038844 0.303518
v 0.222511 0.038499 0.303519
v 0.222091 0.039771 0.304366
v 0.222107 0.039425 0.304368
v 0.221731 0.040842 0.305094
v 0.221746 0.040496 0.305096
v 0.221418 0.042049 0.305697
v 0.221433 0.041703 0.305698
v 0.221154 0.043386 0.306168
v 0.221170 0.043040 0.306170
v 0.220943 0.044844 0.306503
v 0.220959 0.044498 0.306504
v 0.220835 0.046892 0.306486
v 0.220843 0.046453 0.306529
v 0.220719 0.048568 0.306525
v 0.220727 0.048129 0.306569
v 0.220690 0.049286 0.306493
v 0.220698 0.048847 0.306537
v 0.220675 0.050003 0.306427
v 0.220683 0.049564 0.306471
v 0.220674 0.050719 0.306327
v 0.220682 0.050280 0.306371
v 0.220688 0.051432 0.306193
v 0.220696 0.050993 0.306237
v 0.220717 0.052142 0.306025
v 0.220725 0.051704 0.306069
v 0.220760 0.052849 0.305823
v 0.220767 0.052410 0.305867
v 0.220817 0.053551 0.305587
v 0.220825 0.053112 0.305631
v 0.220889 0.054247 0.305317
v 0.220897 0.053808 0.305361
v 0.220976 0.054937 0.305014
v 0.220984 0.054498 0.305057
v 0.221077 0.055621 0.304676
v 0.221085 0.055182 0.304719
v 0.221193 0.056296 0.304304
v 0.221201 0.055857 0.304348
v 0.221323 0.056963 0.303899
v 0.221331 0.056525 0.303942
v 0.223704 0.056960 0.298230
v 0.223712 0.056521 0.298274
v 0.234421 0.066228 0.271144
v 0.234772 0.063353 0.270960
v 0.224600 0.066227 0.293992
v 0.224711 0.065302 0.294005
v 0.224080 0.071094 0.293770
v 0.224191 0.070169 0.293782
v 0.233901 0.071096 0.270921
v 0.234013 0.070170 0.270934
v 0.222552 0.068298 0.298146
v 0.222663 0.067372 0.298159
v 0.222561 0.067923 0.298236
v 0.222672 0.066997 0.298248
v 0.222548 0.067566 0.298368
v 0.222660 0.066640 0.298381
v 0.222517 0.067232 0.298541
v 0.222628 0.066306 0.298554
v 0.222466 0.066923 0.298750
v 0.222577 0.065997 0.298763
v 0.222397 0.066644 0.298992
v 0.222509 0.065718 0.299004
v 0.222312 0.066398 0.299263
v 0.222423 0.065472 0.299275
v 0.222211 0.066188 0.299559
v 0.222322 0.065263 0.299572
v 0.222095 0.066019 0.299878
v 0.222206 0.065094 0.299891
v 0.221966 0.065894 0.300216
v 0.222077 0.064968 0.300228
v 0.221824 0.065816 0.300568
v 0.221935 0.064890 0.300581
v 0.221670 0.065789 0.300933
v 0.221782 0.064864 0.300945
v 0.221511 0.065816 0.301295
v 0.221623 0.064890 0.301307
v 0.221353 0.065894 0.301640
v 0.221465 0.064968 0.301653
v 0.221197 0.066019 0.301966
v 0.221309 0.065094 0.301979
v 0.221045 0.066188 0.302269
v 0.221157 0.065263 0.302282
v 0.220899 0.066398 0.302547
v 0.221011 0.065472 0.302560
v 0.220761 0.066644 0.302795
v 0.220873 0.065718 0.302808
v 0.220633 0.066923 0.303012
v 0.220745 0.065997 0.303024
v 0.220516 0.067231 0.303192
v 0.220628 0.066306 0.303205
v 0.220413 0.067566 0.303334
v 0.220525 0.066640 0.303347
v 0.220325 0.067922 0.303435
v 0.220436 0.066997 0.303447
v 0.220253 0.068297 0.303490
v 0.220365 0.067372 0.303503
v 0.220201 0.068688 0.303497
v 0.220313 0.067762 0.303510
v 0.220170 0.069078 0.303454
v 0.220282 0.068152 0.303467
v 0.220161 0.069453 0.303365
v 0.220273 0.068527 0.303377
v 0.220173 0.069810 0.303232
v 0.220285 0.068884 0.303244
v 0.220205 0.070144 0.303059
v 0.220317 0.069218 0.303072
v 0.220256 0.070452 0.302850
v 0.220368 0.069527 0.302863
v 0.220325 0.070732 0.302608
v 0.220436 0.069806 0.302621
v 0.220410 0.070978 0.302337
v 0.220522 0.070052 0.302350
v 0.220511 0.071187 0.302041
v 0.220623 0.070262 0.302053
v 0.220627 0.071356 0.301722
v 0.220739 0.070431 0.301735
v 0.220756 0.071482 0.301384
v 0.220868 0.070556 0.301397
v 0.220898 0.071559 0.301032
v 0.221010 0.070634 0.301044
v 0.221051 0.071586 0.300668
v 0.221163 0.070661 0.300680
v 0.221210 0.071560 0.300306
v 0.221322 0.070634 0.300318
v 0.221369 0.071482 0.299960
v 0.221480 0.070556 0.299973
v 0.221525 0.071356 0.299634
v 0.221636 0.070431 0.299647
v 0.221677 0.071187 0.299331
v 0.221788 0.070262 0.299343
v 0.221823 0.070978 0.299053
v 0.221934 0.070052 0.299066
v 0.221960 0.070732 0.298805
v 0.222072 0.069806 0.298817
v 0.222089 0.070453 0.298589
v 0.222200 0.069527 0.298601
v 0.222205 0.070144 0.298408
v 0.222317 0.069219 0.298421
v 0.222309 0.069810 0.298266
v 0.222420 0.068884 0.298278
v 0.222397 0.069453 0.298166
v 0.222509 0.068528 0.298178
v 0.222468 0.069078 0.298110
v 0.222580 0.068153 0.298123
v 0.222521 0.068688 0.298103
v 0.222632 0.067762 0.298116
v 0.224126 0.082743 0.290234
v 0.224238 0.081818 0.290247
v 0.223818 0.083369 0.290765
v 0.223930 0.082443 0.290778
v 0.223533 0.083988 0.291246
v 0.223645 0.083062 0.291259
v 0.223270 0.084601 0.291677
v 0.223382 0.083675 0.291690
v 0.223029 0.085208 0.292059
v 0.223141 0.084282 0.292072
v 0.222810 0.085810 0.292391
v 0.222922 0.084884 0.292404
v 0.222613 0.086407 0.292674
v 0.222724 0.085481 0.292687
v 0.222437 0.087000 0.292909
v 0.222548 0.086074 0.292922
v 0.222282 0.087588 0.293096
v 0.222394 0.086662 0.293108
v 0.222148 0.088172 0.293234
v 0.222260 0.087247 0.293247
v 0.222036 0.088753 0.293326
v 0.222147 0.087828 0.293338
v 0.221943 0.089332 0.293369
v 0.222055 0.088406 0.293382
v 0.221872 0.089907 0.293366
v 0.221984 0.088981 0.293379
v 0.221802 0.090675 0.293302
v 0.221914 0.089749 0.293314
v 0.221761 0.091418 0.293179
v 0.221873 0.090493 0.293192
v 0.221747 0.092136 0.292999
v 0.221859 0.091211 0.293012
v 0.221734 0.093690 0.292537
v 0.221873 0.091902 0.292776
v 0.221760 0.094348 0.292240
v 0.221914 0.092565 0.292484
v 0.221814 0.094977 0.291887
v 0.221953 0.093868 0.291957
v 0.221895 0.095575 0.291479
v 0.222035 0.094466 0.291549
v 0.222004 0.096142 0.291018
v 0.222144 0.095032 0.291088
v 0.222141 0.096675 0.290502
v 0.222281 0.095566 0.290573
v 0.222306 0.097173 0.289934
v 0.222445 0.096064 0.290005
v 0.222498 0.097636 0.289314
v 0.222637 0.096527 0.289384
v 0.222718 0.098061 0.288642
v 0.222857 0.096952 0.288712
v 0.222414 0.098601 0.289166
v 0.222553 0.097491 0.289236
v 0.222116 0.099159 0.289668
v 0.222255 0.098050 0.289738
v 0.221826 0.099740 0.290144
v 0.221965 0.098631 0.290214
v 0.221546 0.100343 0.290588
v 0.221685 0.099234 0.290658
v 0.221278 0.100972 0.290994
v 0.221417 0.099863 0.291064
v 0.221024 0.101627 0.291357
v 0.221163 0.100517 0.291427
v 0.220786 0.102310 0.291672
v 0.220926 0.101201 0.291742
v 0.220567 0.103023 0.291934
v 0.220706 0.101914 0.292004
v 0.220368 0.103767 0.292136
v 0.220507 0.102658 0.292206
v 0.220190 0.104545 0.292274
v 0.220330 0.103436 0.292344
v 0.220038 0.105358 0.292342
v 0.220177 0.104249 0.292412
v 0.219911 0.106208 0.292334
v 0.220051 0.105099 0.292405
v 0.219787 0.107405 0.292197
v 0.219926 0.106296 0.292267
v 0.219733 0.108522 0.291920
v 0.219873 0.107413 0.291991
v 0.219360 0.111095 0.291768
v 0.219888 0.108446 0.291582
v 0.219410 0.112026 0.291219
v 0.219970 0.109390 0.291048
v 0.219530 0.112866 0.290553
v 0.219813 0.111410 0.290585
v 0.219718 0.113608 0.289775
v 0.220001 0.112153 0.289808
v 0.219973 0.114250 0.288893
v 0.220256 0.112795 0.288926
v 0.220292 0.114785 0.287912
v 0.220575 0.113330 0.287945
v 0.220674 0.115210 0.286840
v 0.220957 0.113755 0.286872
v 0.221117 0.115520 0.285681
v 0.221400 0.114065 0.285714
v 0.221620 0.115710 0.284444
v 0.221902 0.114255 0.284476
v 0.222179 0.115776 0.283133
v 0.222461 0.114320 0.283166
v 0.228756 0.114273 0.268545
v 0.228895 0.113164 0.268615
v 0.229383 0.109442 0.268805
v 0.229522 0.108333 0.268875
v 0.223377 0.109456 0.282981
v 0.223517 0.108347 0.283051
v 0.223030 0.109410 0.283817
v 0.223170 0.108301 0.283887
v 0.222723 0.109276 0.284591
v 0.222862 0.108167 0.284662
v 0.222455 0.109059 0.285302
v 0.222595 0.107950 0.285372
v 0.222226 0.108765 0.285947
v 0.222366 0.107656 0.286018
v 0.222037 0.108402 0.286527
v 0.222176 0.107292 0.286597
v 0.221885 0.107974 0.287038
v 0.222025 0.106865 0.287108
v 0.221772 0.107488 0.287481
v 0.221911 0.106379 0.287551
v 0.221696 0.106951 0.287852
v 0.221836 0.105842 0.287923
v 0.221658 0.106369 0.288152
v 0.221797 0.105260 0.288223
v 0.221657 0.105748 0.288379
v 0.221796 0.104639 0.288449
v 0.221692 0.105094 0.288531
v 0.221832 0.103985 0.288601
v 0.221764 0.104413 0.288607
v 0.221904 0.103304 0.288677
v 0.221823 0.104009 0.288614
v 0.221962 0.102899 0.288684
v 0.221906 0.103585 0.288570
v 0.222045 0.102476 0.288641
v 0.222012 0.103145 0.288479
v 0.222151 0.102036 0.288549
v 0.222139 0.102692 0.288342
v 0.222278 0.101582 0.288412
v 0.222285 0.102229 0.288164
v 0.222424 0.101120 0.288234
v 0.222449 0.101759 0.287946
v 0.222588 0.100650 0.288016
v 0.222628 0.101286 0.287693
v 0.222768 0.100177 0.287763
v 0.222822 0.100813 0.287406
v 0.222961 0.099704 0.287477
v 0.223027 0.100342 0.287090
v 0.223167 0.099233 0.287160
v 0.223243 0.099878 0.286747
v 0.223383 0.098769 0.286817
v 0.223468 0.099424 0.286380
v 0.223608 0.098315 0.286450
v 0.223700 0.098982 0.285992
v 0.223839 0.097873 0.286062
v 0.230742 0.098965 0.269368
v 0.230881 0.097856 0.269439
v 0.231368 0.094134 0.269628
v 0.231507 0.093025 0.269698
v 0.225342 0.094148 0.283855
v 0.225481 0.093039 0.283925
v 0.224972 0.094108 0.284744
v 0.225111 0.092999 0.284814
v 0.224649 0.093990 0.285549
v 0.224788 0.092881 0.285619
v 0.224371 0.093799 0.286273
v 0.224510 0.092690 0.286343
v 0.224137 0.093542 0.286917
v 0.224277 0.092433 0.286987
v 0.223946 0.093223 0.287483
v 0.224102 0.091437 0.287729
v 0.223796 0.092849 0.287973
v 0.223941 0.091060 0.288214
v 0.223707 0.091558 0.288612
v 0.223819 0.090632 0.288625
v 0.223622 0.091086 0.288949
v 0.223733 0.090161 0.288962
v 0.223572 0.090575 0.289215
v 0.223684 0.089650 0.289227
v 0.223557 0.090032 0.289410
v 0.223669 0.089106 0.289423
v 0.223575 0.089461 0.289537
v 0.223687 0.088535 0.289550
v 0.223624 0.088868 0.289598
v 0.223736 0.087943 0.289610
v 0.223695 0.088269 0.289610
v 0.223806 0.087344 0.289622
v 0.223776 0.087701 0.289588
v 0.223888 0.086775 0.289601
v 0.223869 0.087158 0.289530
v 0.223981 0.086232 0.289543
v 0.223977 0.086636 0.289434
v 0.224089 0.085711 0.289447
v 0.224100 0.086132 0.289297
v 0.224212 0.085207 0.289309
v 0.224240 0.085642 0.289116
v 0.224352 0.084716 0.289128
v 0.224398 0.085160 0.288889
v 0.224510 0.084235 0.288901
v 0.224577 0.084684 0.288613
v 0.224689 0.083758 0.288626
v 0.224778 0.084208 0.288287
v 0.224889 0.083282 0.288300
v 0.225002 0.083729 0.287907
v 0.225113 0.082803 0.287920
v 0.225250 0.083242 0.287472
v 0.225362 0.082316 0.287484
v 0.225526 0.082743 0.286978
v 0.225638 0.081818 0.286990
v 0.232657 0.082744 0.270388
v 0.232768 0.081819 0.270401
v 0.233177 0.077877 0.270611
v 0.233288 0.076951 0.270623
v 0.223355 0.077876 0.293459
v 0.223467 0.076950 0.293472
v 0.222835 0.082743 0.293237
v 0.222947 0.081817 0.293249
vn -0.1162 0.9124 0.3925
vn -0.1220 0.9146 0.3856
vn -0.1215 0.9146 0.3856
vn -0.1208 0.9147 0.3857
vn -0.1200 0.9146 0.3861
vn -0.1189 0.9144 0.3868
vn -0.1175 0.9140 0.3883
vn -0.1156 0.9126 0.3923
vn -0.1156 0.9125 0.3923
vn -0.1156 0.9125 0.3924
vn -0.1156 0.9128 0.3918
vn -0.1157 0.9125 0.3923
vn -0.1156 0.9126 0.3922
vn -0.1162 0.9255 0.3604
vn -0.1175 0.9263 0.3580
vn -0.1188 0.9240 0.3635
vn -0.1198 0.9219 0.3685
vn -0.1206 0.9204 0.3720
vn -0.1213 0.9192 0.3747
vn -0.1254 0.9163 0.3804
vn -0.1331 0.9631 0.2337
vn -0.1406 0.9115 0.3865
vn -0.1448 0.9133 0.3806
vn -0.1447 0.9136 0.3801
vn -0.1439 0.9136 0.3803
vn -0.1427 0.9133 0.3814
vn -0.1421 0.9138 0.3806
vn -0.1391 0.9118 0.3863
vn -0.1391 0.9119 0.3862
vn -0.1391 0.9119 0.3861
vn -0.1391 0.9117 0.3865
vn -0.1391 0.9118 0.3862
vn -0.1397 0.9432 0.3013
vn -0.1436 0.9231 0.3568
vn -0.1443 0.9187 0.3677
vn -0.1472 0.9143 0.3772
vn -0.1509 0.9111 0.3835
vn -0.1537 0.9088 0.3879
vn -0.1551 0.9074 0.3906
vn -0.1546 0.9066 0.3927
vn -0.1535 0.9072 0.3916
vn -0.1423 0.9111 0.3869
vn -0.1519 0.9093 0.3875
vn -0.1543 0.9089 0.3875
vn -0.1551 0.9082 0.3887
vn -0.1552 0.9072 0.3910
vn -0.1552 0.9062 0.3934
vn -0.1543 0.9054 0.3954
vn -0.1537 0.9039 0.3991
vn -0.1538 0.9016 0.4042
vn -0.1511 0.9014 0.4057
vn -0.1502 0.8973 0.4150
vn -0.1500 0.8869 0.4370
vn -0.1489 0.8123 0.5639
vn -0.1420 0.8844 0.4446
vn -0.1391 0.9121 0.3857
vn -0.1391 0.9117 0.3866
vn -0.1385 0.9120 0.3861
vn -0.1349 0.9089 0.3946
vn -0.1356 0.9098 0.3922
vn -0.1358 0.9101 0.3915
vn -0.1367 0.9107 0.3897
vn -0.1379 0.9113 0.3881
vn -0.1390 0.9119 0.3862
vn -0.1390 0.9119 0.3863
vn -0.1390 0.9119 0.3861
vn -0.1393 0.9118 0.3862
vn -0.1398 0.9118 0.3862
vn -0.1383 0.9084 0.3945
vn -0.1373 0.9043 0.4042
vn -0.1366 0.9022 0.4091
vn -0.1354 0.8999 0.4146
vn -0.1321 0.8987 0.4182
vn -0.1315 0.8918 0.4329
vn -0.1329 0.8709 0.4731
vn -0.1152 0.1792 0.9771
vn 0.0409 -0.5012 0.8644
vn -0.1222 0.8650 0.4867
vn -0.1155 0.9125 0.3924
vn -0.1155 0.9125 0.3923
vn -0.1155 0.9125 0.3925
vn -0.1153 0.9126 0.3923
vn -0.1155 0.9126 0.3923
vn -0.1154 0.9126 0.3923
vn -0.1154 0.9124 0.3927
vn -0.1154 0.9125 0.3924
vn -0.1154 0.9125 0.3925
vn -0.1153 0.9126 0.3922
vn -0.1154 0.9126 0.3922
vn -0.1153 0.9125 0.3925
vn -0.1155 0.9129 0.3916
vn -0.1048 0.9138 0.3923
vn -0.1154 0.9139 0.3892
vn -0.1133 0.9139 0.3898
vn -0.1033 0.9138 0.3928
vn -0.0548 0.9206 0.3866
vn -0.0547 0.9206 0.3866
vn -0.0546 0.9206 0.3867
vn -0.0525 0.9177 0.3937
vn -0.1056 0.8003 0.5903
vn -0.0632 0.8952 0.4411
vn -0.0648 0.8670 0.4941
vn -0.0558 0.8979 0.4367
vn -0.0502 0.8851 0.4628
vn -0.0367 0.8659 0.4989
vn -0.0435 0.9027 0.4282
vn -0.0446 0.9102 0.4117
vn -0.0450 0.9136 0.4041
vn -0.0446 0.9156 0.3996
vn -0.0432 0.9162 0.3983
vn -0.0435 0.9172 0.3961
vn -0.0433 0.9172 0.3961
vn -0.0432 0.9198 0.3899
vn -0.0439 0.9206 0.3880
vn -0.0446 0.9213 0.3863
vn -0.0469 0.9218 0.3849
vn -0.0484 0.9232 0.3814
vn -0.0516 0.9219 0.3840
vn -0.0541 0.9207 0.3866
vn -0.0546 0.9207 0.3864
vn -0.0546 0.9207 0.3865
vn -0.0547 0.9207 0.3865
vn -0.0547 0.9207 0.3864
vn -0.0546 0.9208 0.3861
vn -0.0546 0.9206 0.3866
vn -0.0546 0.9207 0.3866
vn -0.0545 0.9207 0.3864
vn -0.0544 0.9207 0.3864
vn -0.0545 0.9208 0.3863
vn -0.0546 0.9208 0.3862
vn -0.0546 0.9209 0.3861
vn -0.0546 0.9208 0.3863
vn -0.0546 0.9207 0.3863
vn -0.0535 0.9188 0.3911
vn -0.0518 0.9178 0.3936
vn -0.0483 0.9189 0.3914
vn -0.0449 0.9194 0.3909
vn -0.0433 0.9192 0.3914
vn -0.0435 0.9190 0.3918
vn -0.0454 0.9191 0.3914
vn -0.0477 0.9200 0.3891
vn -0.0483 0.9205 0.3877
vn -0.0495 0.9212 0.3860
vn -0.0514 0.9233 0.3807
vn -0.0514 0.9248 0.3769
vn -0.0517 0.9273 0.3707
vn -0.0521 0.9316 0.3597
vn -0.0526 0.9499 0.3080
vn -0.0546 0.9203 0.3873
vn -0.0530 0.9244 0.3778
vn -0.0530 0.9234 0.3801
vn -0.0520 0.9245 0.3777
vn -0.0519 0.9239 0.3792
vn -0.0515 0.9239 0.3792
vn -0.0515 0.9235 0.3801
vn -0.0514 0.9233 0.3805
vn -0.0514 0.9230 0.3813
vn -0.0513 0.9228 0.3818
vn -0.0532 0.9207 0.3867
vn -0.0429 0.9192 0.3914
vn -0.0428 0.9192 0.3914
vn -0.0427 0.9192 0.3915
vn -0.0427 0.9191 0.3916
vn -0.0427 0.9192 0.3916
vn -0.0276 0.8821 0.4703
vn -0.0108 0.9036 0.4281
vn -0.0004 0.9123 0.4094
vn 0.0080 0.9157 0.4017
vn 0.0118 0.9182 0.3959
vn 0.0135 0.9195 0.3928
vn 0.0137 0.9199 0.3919
vn 0.0137 0.9201 0.3916
vn 0.0136 0.9205 0.3904
vn 0.0128 0.9211 0.3892
vn 0.0117 0.9221 0.3867
vn 0.0116 0.9233 0.3840
vn 0.0088 0.9238 0.3828
vn 0.0060 0.9257 0.3782
vn 0.0057 0.9275 0.3738
vn 0.0002 0.9272 0.3745
vn -0.0042 0.9293 0.3692
vn -0.0048 0.9311 0.3649
vn -0.0051 0.9328 0.3604
vn -0.0052 0.9345 0.3559
vn -0.0143 0.9309 0.3649
vn -0.0178 0.9326 0.3604
vn -0.0180 0.9345 0.3555
vn -0.0181 0.9370 0.3489
vn -0.0379 0.9192 0.3919
vn -0.0426 0.9193 0.3913
vn -0.0426 0.9193 0.3912
vn -0.0426 0.9194 0.3909
vn -0.0427 0.9197 0.3904
vn -0.0426 0.9200 0.3896
vn -0.0427 0.9196 0.3906
vn -0.0427 0.9194 0.3911
vn -0.0428 0.9193 0.3912
vn -0.0428 0.9193 0.3913
vn -0.0428 0.9192 0.3913
vn -0.0429 0.9192 0.3915
vn -0.0428 0.9192 0.3915
vn 0.0419 0.9880 0.1484
vn 0.0543 0.9193 0.3897
vn 0.0531 0.9195 0.3896
vn 0.0416 0.9872 0.1538
vn 0.0447 0.9221 0.3843
vn 0.0446 0.9217 0.3853
vn 0.0456 0.9193 0.3909
vn 0.0457 0.9201 0.3891
vn 0.1385 0.9086 0.3941
vn 0.1252 0.9716 0.2007
vn 0.1152 0.9642 0.2389
vn 0.1091 0.9524 0.2845
vn 0.1048 0.9437 0.3139
vn 0.0561 0.9198 0.3883
vn 0.0430 0.9218 0.3853
vn 0.0430 0.9218 0.3852
vn 0.0553 0.9221 0.3831
vn 0.0946 0.8838 0.4581
vn 0.0939 0.8702 0.4836
vn 0.0924 0.8455 0.5259
vn 0.0881 0.7916 0.6047
vn -0.0034 0.0005 1.0000
vn 0.0874 0.7865 0.6114
vn 0.0933 0.8508 0.5171
vn 0.0943 0.8727 0.4791
vn 0.0947 0.8842 0.4573
vn 0.1292 0.9104 0.3930
vn 0.1386 0.9086 0.3941
vn 0.1382 0.9091 0.3929
vn 0.1351 0.9126 0.3860
vn 0.1261 0.9147 0.3839
vn 0.1173 0.9164 0.3827
vn 0.1153 0.9169 0.3820
vn 0.1153 0.9169 0.3821
vn 0.1159 0.9170 0.3818
vn 0.1202 0.9153 0.3843
vn 0.1218 0.9103 0.3956
vn 0.1051 0.9245 0.3663
vn 0.1097 0.9228 0.3693
vn 0.1191 0.9161 0.3829
vn 0.1371 0.8998 0.4143
vn 0.0936 0.7427 -0.6630
vn 0.0431 0.9219 0.3850
vn 0.0430 0.9219 0.3851
vn 0.0430 0.9218 0.3854
vn 0.0430 0.9217 0.3854
vn 0.0430 0.9217 0.3855
vn 0.0498 0.8147 0.5777
vn 0.0338 0.6292 0.7765
vn -0.0727 -0.4473 0.8914
vn -0.0995 -0.8168 0.5682
vn -0.1511 -0.6593 -0.7365
vn 0.1117 0.9566 0.2693
vn 0.1169 0.9336 0.3388
vn 0.1100 0.9306 0.3491
vn 0.1164 0.9158 0.3844
vn 0.1218 0.9124 0.3908
vn 0.1281 0.9093 0.3959
vn 0.1333 0.9099 0.3928
vn 0.1381 0.9087 0.3940
vn 0.1385 0.9086 0.3940
vn 0.1385 0.9088 0.3937
vn 0.0939 0.9915 -0.0901
vn 0.1193 0.9116 0.3933
vn 0.1198 0.9108 0.3950
vn 0.1213 0.9150 0.3848
vn 0.1652 0.9080 0.3850
vn 0.1608 0.9089 0.3849
vn 0.1166 0.9164 0.3829
vn 0.1165 -0.9123 -0.3926
vn 0.1236 -0.9150 -0.3839
vn 0.1233 -0.9152 -0.3837
vn 0.1228 -0.9154 -0.3834
vn 0.1222 -0.9156 -0.3832
vn 0.1214 -0.9157 -0.3832
vn 0.1204 -0.9156 -0.3836
vn 0.1191 -0.9153 -0.3847
vn 0.1173 -0.9143 -0.3876
vn 0.1156 -0.9126 -0.3922
vn 0.1156 -0.9126 -0.3923
vn 0.1157 -0.9125 -0.3925
vn 0.1157 -0.9125 -0.3924
vn 0.1156 -0.9123 -0.3928
vn 0.1163 -0.9226 -0.3678
vn 0.1168 -0.9326 -0.3416
vn 0.1187 -0.9285 -0.3517
vn 0.1202 -0.9250 -0.3605
vn 0.1212 -0.9226 -0.3662
vn 0.1220 -0.9208 -0.3704
vn 0.1226 -0.9195 -0.3735
vn 0.1231 -0.9184 -0.3759
vn 0.1278 -0.9153 -0.3820
vn 0.1351 -0.9512 -0.2775
vn 0.1417 -0.9112 -0.3868
vn 0.1492 -0.9144 -0.3763
vn 0.1491 -0.9148 -0.3754
vn 0.1489 -0.9152 -0.3744
vn 0.1484 -0.9155 -0.3739
vn 0.1482 -0.9163 -0.3720
vn 0.1469 -0.9166 -0.3717
vn 0.1446 -0.9160 -0.3742
vn 0.1443 -0.9176 -0.3703
vn 0.1391 -0.9119 -0.3862
vn 0.1391 -0.9118 -0.3864
vn 0.1391 -0.9121 -0.3856
vn 0.1391 -0.9118 -0.3863
vn 0.0791 -0.7972 0.5985
vn 0.1474 -0.9316 -0.3323
vn 0.1479 -0.9250 -0.3501
vn 0.1487 -0.9200 -0.3625
vn 0.1490 -0.9167 -0.3707
vn 0.1527 -0.9121 -0.3804
vn 0.1579 -0.9087 -0.3864
vn 0.1619 -0.9065 -0.3899
vn 0.1639 -0.9054 -0.3917
vn 0.1639 -0.9048 -0.3930
vn 0.1629 -0.9052 -0.3926
vn 0.1447 -0.9104 -0.3875
vn 0.1604 -0.9074 -0.3884
vn 0.1637 -0.9071 -0.3877
vn 0.1643 -0.9060 -0.3902
vn 0.1641 -0.9046 -0.3934
vn 0.1639 -0.9030 -0.3972
vn 0.1625 -0.9018 -0.4004
vn 0.1616 -0.8995 -0.4060
vn 0.1617 -0.8959 -0.4137
vn 0.1579 -0.8951 -0.4170
vn 0.1565 -0.8886 -0.4313
vn 0.1557 -0.8725 -0.4632
vn 0.1508 -0.7711 -0.6186
vn 0.1436 -0.8648 -0.4812
vn 0.1390 -0.9121 -0.3857
vn 0.1391 -0.9117 -0.3865
vn 0.1388 -0.9119 -0.3862
vn 0.1369 -0.9103 -0.3907
vn 0.1378 -0.9111 -0.3885
vn 0.1380 -0.9111 -0.3883
vn 0.1390 -0.9119 -0.3862
vn 0.1390 -0.9119 -0.3861
vn 0.1393 -0.9118 -0.3862
vn 0.1394 -0.9118 -0.3862
vn 0.1387 -0.9057 -0.4007
vn 0.1374 -0.8987 -0.4165
vn 0.1352 -0.8956 -0.4237
vn 0.1350 -0.8868 -0.4419
vn 0.1369 -0.8596 -0.4922
vn 0.0942 0.0912 -0.9914
vn -0.0727 0.7376 -0.6713
vn 0.1239 -0.8485 -0.5145
vn 0.1156 -0.9125 -0.3924
vn 0.1155 -0.9125 -0.3925
vn 0.1155 -0.9126 -0.3923
vn 0.1155 -0.9125 -0.3923
vn 0.1153 -0.9126 -0.3923
vn 0.1154 -0.9126 -0.3923
vn 0.1154 -0.9125 -0.3925
vn 0.1154 -0.9124 -0.3926
vn 0.1154 -0.9125 -0.3924
vn 0.1153 -0.9125 -0.3925
vn 0.1155 -0.9126 -0.3922
vn 0.1153 -0.9125 -0.3924
vn 0.1154 -0.9125 -0.3926
vn 0.1155 -0.9127 -0.3920
vn 0.1153 -0.9127 -0.3920
vn 0.0547 -0.9206 -0.3866
vn 0.0546 -0.9206 -0.3866
vn 0.0546 -0.9206 -0.3867
vn 0.0526 -0.9180 -0.3931
vn 0.0980 -0.8222 -0.5608
vn 0.0624 -0.8977 -0.4362
vn 0.0638 -0.8738 -0.4821
vn 0.0556 -0.9003 -0.4316
vn 0.0507 -0.8895 -0.4542
vn 0.0395 -0.8747 -0.4830
vn 0.0446 -0.9047 -0.4238
vn 0.0455 -0.9112 -0.4094
vn 0.0458 -0.9142 -0.4027
vn 0.0454 -0.9160 -0.3986
vn 0.0442 -0.9166 -0.3973
vn 0.0444 -0.9179 -0.3944
vn 0.0443 -0.9189 -0.3921
vn 0.0443 -0.9197 -0.3902
vn 0.0448 -0.9203 -0.3886
vn 0.0455 -0.9212 -0.3863
vn 0.0477 -0.9216 -0.3851
vn 0.0491 -0.9229 -0.3819
vn 0.0521 -0.9216 -0.3847
vn 0.0542 -0.9207 -0.3866
vn 0.0546 -0.9207 -0.3864
vn 0.0546 -0.9207 -0.3865
vn 0.0547 -0.9207 -0.3865
vn 0.0547 -0.9207 -0.3864
vn 0.0546 -0.9207 -0.3863
vn 0.0546 -0.9207 -0.3866
vn 0.0545 -0.9207 -0.3864
vn 0.0545 -0.9208 -0.3863
vn 0.0546 -0.9208 -0.3863
vn 0.0546 -0.9208 -0.3861
vn 0.0546 -0.9209 -0.3861
vn 0.0546 -0.9208 -0.3862
vn 0.0538 -0.9193 -0.3900
vn 0.0523 -0.9179 -0.3934
vn 0.0490 -0.9188 -0.3917
vn 0.0458 -0.9193 -0.3909
vn 0.0444 -0.9192 -0.3913
vn 0.0445 -0.9191 -0.3914
vn 0.0461 -0.9192 -0.3911
vn 0.0482 -0.9201 -0.3888
vn 0.0487 -0.9206 -0.3874
vn 0.0499 -0.9213 -0.3857
vn 0.0516 -0.9234 -0.3803
vn 0.0517 -0.9250 -0.3764
vn 0.0520 -0.9276 -0.3700
vn 0.0524 -0.9319 -0.3589
vn 0.0528 -0.9475 -0.3154
vn 0.0546 -0.9204 -0.3871
vn 0.0546 -0.9205 -0.3870
vn 0.0537 -0.9228 -0.3815
vn 0.0537 -0.9224 -0.3826
vn 0.0524 -0.9239 -0.3790
vn 0.0524 -0.9233 -0.3804
vn 0.0519 -0.9235 -0.3800
vn 0.0518 -0.9232 -0.3808
vn 0.0517 -0.9231 -0.3811
vn 0.0516 -0.9228 -0.3817
vn 0.0516 -0.9227 -0.3821
vn 0.0533 -0.9207 -0.3867
vn 0.0429 -0.9192 -0.3914
vn 0.0428 -0.9192 -0.3914
vn 0.0427 -0.9192 -0.3915
vn 0.0427 -0.9192 -0.3916
vn 0.0427 -0.9191 -0.3916
vn 0.0262 -0.8782 -0.4776
vn 0.0090 -0.9040 -0.4275
vn -0.0006 -0.9124 -0.4093
vn -0.0082 -0.9157 -0.4018
vn -0.0118 -0.9182 -0.3960
vn -0.0133 -0.9195 -0.3928
vn -0.0135 -0.9199 -0.3919
vn -0.0135 -0.9201 -0.3915
vn -0.0134 -0.9205 -0.3904
vn -0.0127 -0.9211 -0.3892
vn -0.0117 -0.9221 -0.3867
vn -0.0116 -0.9233 -0.3839
vn -0.0090 -0.9239 -0.3826
vn -0.0064 -0.9258 -0.3781
vn -0.0061 -0.9275 -0.3737
vn -0.0010 -0.9275 -0.3738
vn 0.0030 -0.9296 -0.3685
vn 0.0035 -0.9314 -0.3640
vn 0.0038 -0.9332 -0.3594
vn 0.0039 -0.9350 -0.3547
vn 0.0126 -0.9318 -0.3627
vn 0.0159 -0.9336 -0.3579
vn 0.0161 -0.9356 -0.3526
vn 0.0162 -0.9383 -0.3456
vn 0.0375 -0.9192 -0.3919
vn 0.0426 -0.9193 -0.3913
vn 0.0426 -0.9194 -0.3911
vn 0.0426 -0.9194 -0.3910
vn 0.0426 -0.9200 -0.3896
vn 0.0427 -0.9200 -0.3896
vn 0.0427 -0.9196 -0.3906
vn 0.0428 -0.9193 -0.3912
vn 0.0428 -0.9194 -0.3910
vn 0.0428 -0.9193 -0.3913
vn 0.0428 -0.9192 -0.3913
vn 0.0429 -0.9192 -0.3915
vn -0.0424 -0.9783 -0.2028
vn -0.0543 -0.9194 -0.3896
vn -0.0531 -0.9195 -0.3895
vn -0.0421 -0.9774 -0.2072
vn -0.0446 -0.9221 -0.3844
vn -0.0445 -0.9217 -0.3853
vn -0.0455 -0.9193 -0.3909
vn -0.0456 -0.9200 -0.3892
vn -0.1385 -0.9085 -0.3942
vn -0.1248 -0.9601 -0.2501
vn -0.1162 -0.9638 -0.2398
vn -0.1102 -0.9529 -0.2827
vn -0.1058 -0.9440 -0.3126
vn -0.0709 -0.9261 -0.3705
vn -0.0471 -0.9210 -0.3866
vn -0.0430 -0.9218 -0.3853
vn -0.0430 -0.9218 -0.3852
vn -0.0564 -0.9220 -0.3831
vn -0.0966 -0.8823 -0.4607
vn -0.0960 -0.8679 -0.4875
vn -0.0946 -0.8415 -0.5319
vn -0.0902 -0.7853 -0.6125
vn 0.0247 0.1381 -0.9901
vn -0.0939 -0.8042 -0.5870
vn -0.0972 -0.8564 -0.5072
vn -0.0973 -0.8753 -0.4737
vn -0.0972 -0.8857 -0.4540
vn -0.1297 -0.9103 -0.3930
vn -0.1385 -0.9086 -0.3941
vn -0.1386 -0.9086 -0.3941
vn -0.1365 -0.9114 -0.3882
vn -0.1309 -0.9148 -0.3821
vn -0.1218 -0.9152 -0.3841
vn -0.1153 -0.9169 -0.3820
vn -0.1153 -0.9169 -0.3821
vn -0.1171 -0.9169 -0.3815
vn -0.1207 -0.9114 -0.3935
vn -0.1062 -0.9238 -0.3678
vn -0.1109 -0.9217 -0.3716
vn -0.1192 -0.9140 -0.3879
vn -0.1371 -0.8860 -0.4430
vn -0.1385 -0.9085 -0.3943
vn -0.0959 -0.9935 0.0621
vn -0.0826 -0.9916 -0.0992
vn -0.0431 -0.9219 -0.3850
vn -0.0431 -0.9219 -0.3851
vn -0.0430 -0.9219 -0.3851
vn -0.0430 -0.9218 -0.3854
vn -0.0431 -0.9217 -0.3854
vn -0.0228 -0.8105 -0.5853
vn -0.0545 -0.7980 -0.6002
vn -0.0392 -0.6493 -0.7595
vn 0.0811 0.5043 -0.8597
vn 0.1101 0.9288 -0.3539
vn 0.1512 0.7049 0.6930
vn -0.1033 -0.9675 -0.2308
vn -0.1136 -0.9342 -0.3383
vn -0.1173 -0.9154 -0.3850
vn -0.1229 -0.9104 -0.3950
vn -0.1288 -0.9100 -0.3940
vn -0.1362 -0.9092 -0.3934
vn -0.1385 -0.9086 -0.3940
vn -0.1385 -0.9087 -0.3938
vn -0.0979 -0.9942 0.0440
vn -0.1182 -0.9123 -0.3922
vn -0.1186 -0.9115 -0.3939
vn -0.1216 -0.9148 -0.3852
vn -0.1652 -0.9075 -0.3861
vn -0.1610 -0.9083 -0.3860
vn -0.1168 -0.9163 -0.3832
vn -0.1224 -0.9404 -0.3173
vn -0.1366 -0.9130 -0.3845
vn -0.1267 -0.7652 -0.6312
vn -0.1381 -0.9010 -0.4113
vn 0.1456 0.9144 0.3777
vn -0.0735 -0.3497 -0.9340
vn 0.1456 0.9102 0.3876
vn 0.1583 0.9071 0.3899
vn 0.1835 0.8979 0.4000
vn -0.1447 -0.9132 -0.3810
vn -0.1443 -0.9144 -0.3783
vn -0.1237 -0.9431 -0.3088
vn -0.1390 -0.9090 -0.3930
vn -0.1384 -0.9085 -0.3942
vn -0.1373 -0.9119 -0.3868
vn -0.1172 -0.9599 -0.2549
vn -0.1035 -0.9564 -0.2730
vn -0.0524 -0.9281 -0.3686
vn -0.0431 -0.9218 -0.3853
vn -0.0432 -0.9218 -0.3853
vn -0.0429 -0.9218 -0.3853
vn -0.0429 -0.9219 -0.3852
vn -0.0431 -0.9218 -0.3852
vn -0.0429 -0.9219 -0.3849
vn -0.0428 -0.9220 -0.3849
vn -0.0429 -0.9220 -0.3849
vn -0.0430 -0.9219 -0.3850
vn -0.0433 -0.9218 -0.3852
vn 0.1020 0.9789 -0.1772
vn -0.0391 -0.9082 -0.4167
vn 0.1384 0.9118 0.3866
vn 0.1016 0.9806 -0.1679
vn 0.1386 0.9089 0.3934
vn 0.1324 0.9112 0.3901
vn 0.1340 0.9105 0.3911
vn 0.1215 0.9151 0.3845
vn 0.1218 0.9150 0.3846
vn 0.1154 0.9169 0.3820
vn 0.1154 0.9169 0.3821
vn 0.1152 0.9169 0.3821
vn 0.1161 0.9160 0.3839
vn 0.1262 0.9061 0.4039
vn 0.1258 0.9047 0.4071
vn -0.1405 -0.9085 -0.3935
vn -0.1403 -0.9085 -0.3937
vn -0.1391 -0.9090 -0.3930
vn 0.1151 0.9471 0.2996
vn 0.0769 0.8430 0.5323
vn 0.0743 0.8453 0.5291
vn 0.0433 0.9211 0.3870
vn 0.0429 0.9220 0.3849
vn 0.0430 0.9219 0.3850
vn 0.0431 0.9219 0.3851
vn 0.0431 0.9218 0.3852
vn 0.0431 0.9218 0.3853
vn 0.0921 0.9461 0.3105
vn 0.0551 0.9285 0.3673
vn 0.1017 0.8948 0.4348
vn 0.1046 0.9496 0.2953
vn 0.1355 0.9073 0.3981
vn 0.1031 0.8927 0.4386
vn 0.1388 0.9082 0.3949
vn 0.1385 0.9085 0.3943
vn -0.1152 -0.9169 -0.3821
vn -0.1152 -0.9169 -0.3820
vn -0.1254 -0.9134 -0.3873
vn -0.1190 -0.9156 -0.3840
vn -0.1355 -0.9097 -0.3926
vn -0.1332 -0.9106 -0.3914
vn -0.1386 -0.9085 -0.3942
vn -0.1386 -0.9085 -0.3941
vn -0.1387 -0.9086 -0.3941
vn -0.1395 -0.9068 -0.3978
vn 0.1161 0.9494 0.2919
vn -0.0494 -0.9199 -0.3890
vn 0.0506 0.9117 0.4077
vn -0.0527 -0.9194 -0.3897
vn -0.0495 -0.9196 -0.3897
vn 0.0493 0.9204 0.3880
vn -0.0593 -0.9183 -0.3913
vn 0.0452 0.9212 0.3864
vn 0.0488 0.9205 0.3877
vn 0.0428 0.9218 0.3854
vn 0.0428 0.9217 0.3854
vn 0.0427 0.9187 0.3927
vn -0.0440 -0.9754 -0.2162
vn -0.0472 -0.9431 -0.3291
vn -0.0540 -0.9191 -0.3902
vn 0.0458 0.9121 0.4074
vn -0.0542 -0.9187 -0.3912
vn -0.0427 0.9189 0.3921
vn 0.0426 -0.9196 -0.3906
vn 0.0426 -0.9193 -0.3912
vn 0.0425 -0.9193 -0.3912
vn 0.0425 -0.9193 -0.3913
vn 0.0806 -0.8669 -0.4919
vn 0.3091 0.5275 -0.7913
vn 0.0837 0.9526 0.2925
vn 0.2403 0.8897 -0.3882
vn 0.0541 0.9187 0.3912
vn 0.0540 0.9187 0.3912
vn 0.0541 0.9187 0.3913
vn 0.0538 0.9082 0.4150
vn 0.0250 0.2613 0.9649
vn -0.0420 0.9047 0.4241
vn -0.0151 0.2637 0.9645
vn -0.0426 0.9192 0.3915
vn -0.0426 0.9192 0.3914
vn -0.0425 0.9192 0.3914
vn -0.0425 0.9193 0.3914
vn -0.0425 0.9193 0.3913
vn -0.0426 0.9193 0.3914
vn -0.0427 0.9193 0.3913
vn -0.0425 0.9194 0.3911
vn 0.0427 -0.9201 -0.3894
vn 0.0427 -0.9201 -0.3895
vn 0.0427 -0.9193 -0.3913
vn 0.0427 -0.9191 -0.3918
vn 0.0427 -0.9192 -0.3914
vn 0.0428 -0.9192 -0.3915
vn -0.0426 0.9169 0.3969
vn -0.0430 0.9191 0.3916
vn -0.0428 0.9184 0.3933
vn -0.0430 0.9192 0.3915
vn 0.0548 -0.9206 -0.3867
vn 0.0547 -0.9206 -0.3867
vn 0.0547 -0.9204 -0.3871
vn 0.0531 -0.9231 -0.3809
vn 0.0530 -0.9232 -0.3806
vn -0.0547 0.9206 0.3868
vn -0.0547 0.9206 0.3867
vn -0.0545 0.9206 0.3866
vn -0.0536 0.9208 0.3864
vn -0.0523 0.9209 0.3863
vn -0.0511 0.9206 0.3871
vn -0.0509 0.9204 0.3877
vn -0.0514 0.9200 0.3886
vn -0.0513 0.9200 0.3886
vn -0.0534 0.9202 0.3878
vn -0.0533 0.9202 0.3878
vn -0.0545 0.9207 0.3866
vn -0.0545 0.9207 0.3865
vn -0.0547 0.9206 0.3865
vn -0.0547 0.9208 0.3863
vn -0.0551 0.9219 0.3834
vn -0.0551 0.9220 0.3833
vn 0.0551 -0.9200 -0.3880
vn 0.0551 -0.9201 -0.3879
vn 0.0545 -0.9207 -0.3863
vn 0.0544 -0.9208 -0.3863
vn 0.0544 -0.9207 -0.3863
vn -0.0548 0.9207 0.3865
vn 0.0544 -0.9207 -0.3864
vn -0.0545 0.9209 0.3861
vn -0.0545 0.9210 0.3858
vn -0.0545 0.9209 0.3860
vn 0.0546 -0.9214 -0.3847
vn -0.0546 0.9205 0.3868
vn 0.0547 -0.9209 -0.3860
vn 0.0546 -0.9214 -0.3848
vn 0.0546 -0.9209 -0.3860
vn 0.0545 -0.9207 -0.3865
vn 0.0534 -0.9204 -0.3872
vn 0.0507 -0.9199 -0.3888
vn 0.0473 -0.9195 -0.3902
vn 0.0450 -0.9193 -0.3909
vn 0.0430 -0.9191 -0.3916
vn 0.0429 -0.9191 -0.3916
vn 0.0431 -0.9191 -0.3916
vn 0.0431 -0.9192 -0.3915
vn 0.0431 -0.9191 -0.3915
vn 0.0499 -0.9132 -0.4044
vn 0.0431 -0.9191 -0.3917
vn 0.0545 -0.9204 -0.3871
vn 0.0506 -0.9131 -0.4047
vn 0.0545 -0.9235 -0.3796
vn -0.0550 0.9198 0.3886
vn 0.0545 -0.9236 -0.3794
vn -0.0550 0.9198 0.3885
vn -0.0545 0.9207 0.3863
vn -0.0547 0.9205 0.3869
vn -0.0546 0.9206 0.3868
vn -0.0547 0.9205 0.3868
vn -0.0548 0.9206 0.3867
vn 0.0551 -0.9206 -0.3867
vn 0.1053 -0.9605 -0.2575
vn 0.0945 -0.9189 -0.3829
vn -0.1366 0.9107 0.3898
vn 0.0932 -0.9150 -0.3924
vn -0.1154 0.9129 0.3916
vn -0.1154 0.9107 0.3967
vn 0.1018 -0.9946 0.0225
vn 0.1154 -0.9128 -0.3917
vn 0.1154 -0.9126 -0.3924
vn 0.1153 -0.9127 -0.3921
vn -0.1154 0.9124 0.3926
vn -0.1154 0.9125 0.3926
vn -0.1154 0.9126 0.3924
vn -0.1154 0.9127 0.3919
vn -0.1154 0.9128 0.3919
vn 0.1156 -0.9125 -0.3923
vn 0.1155 -0.9125 -0.3924
vn 0.1155 -0.9124 -0.3926
vn 0.1155 -0.9124 -0.3925
vn 0.1155 -0.9117 -0.3944
vn -0.1156 0.9126 0.3921
vn 0.1155 -0.9116 -0.3945
vn -0.1199 0.9136 0.3885
vn -0.1161 0.9127 0.3919
vn -0.1271 0.9122 0.3896
vn -0.1209 0.9136 0.3883
vn -0.1343 0.9103 0.3917
vn -0.1281 0.9119 0.3899
vn -0.1384 0.9115 0.3872
vn -0.1357 0.9104 0.3909
vn 0.1391 -0.9118 -0.3862
vn 0.1391 -0.9118 -0.3865
vn -0.1391 0.9120 0.3859
vn -0.1495 0.9113 0.3837
vn -0.1403 0.9118 0.3860
vn -0.1601 0.9074 0.3886
vn -0.1522 0.9105 0.3845
vn -0.1691 0.9004 0.4008
vn -0.1618 0.9062 0.3906
vn -0.1808 0.9003 0.3961
vn -0.1742 0.8991 0.4016
vn -0.1837 0.9007 0.3936
vn -0.1836 0.9008 0.3936
vn -0.1837 0.9008 0.3936
vn -0.1747 0.9034 0.3917
vn -0.1738 0.9036 0.3915
vn -0.1646 0.9062 0.3896
vn -0.1475 0.9099 0.3876
vn -0.1393 0.9115 0.3871
vn 0.1391 -0.9119 -0.3861
vn 0.1392 -0.9122 -0.3854
vn 0.1392 -0.9122 -0.3853
vn -0.1391 0.9126 0.3845
vn -0.1391 0.9125 0.3846
vn -0.1391 0.9118 0.3864
vn -0.1390 0.9115 0.3872
vn -0.1391 0.9106 0.3893
vn 0.1377 -0.9114 -0.3879
vn 0.1366 -0.9109 -0.3894
vn 0.1338 -0.9106 -0.3910
vn 0.1309 -0.9111 -0.3909
vn 0.1289 -0.9117 -0.3901
vn 0.1244 -0.9139 -0.3865
vn 0.1212 -0.9143 -0.3864
vn 0.1174 -0.9131 -0.3905
vn 0.1156 -0.9126 -0.3921
vn 0.1152 -0.9121 -0.3934
vn 0.1152 -0.9121 -0.3935
vn -0.1155 0.9126 0.3922
vn 0.1155 -0.9124 -0.3927
vn -0.1155 0.9128 0.3917
vn -0.1155 0.9126 0.3921
vn -0.9124 -0.1162 0.3926
vn -0.9146 -0.1220 0.3856
vn -0.9146 -0.1215 0.3856
vn -0.9147 -0.1208 0.3857
vn -0.9146 -0.1200 0.3861
vn -0.9144 -0.1190 0.3869
vn -0.9140 -0.1176 0.3883
vn -0.9125 -0.1156 0.3923
vn -0.9125 -0.1156 0.3925
vn -0.9124 -0.1156 0.3926
vn -0.9125 -0.1157 0.3923
vn -0.9130 -0.1155 0.3914
vn -0.9120 -0.1162 0.3935
vn -0.9126 -0.1155 0.3922
vn -0.9125 -0.1156 0.3924
vn -0.9126 -0.1156 0.3921
vn -0.9126 -0.1156 0.3922
vn -0.9255 -0.1162 0.3604
vn -0.9263 -0.1175 0.3580
vn -0.9240 -0.1188 0.3634
vn -0.9219 -0.1198 0.3685
vn -0.9204 -0.1207 0.3720
vn -0.9192 -0.1213 0.3747
vn -0.9163 -0.1254 0.3804
vn -0.9632 -0.1331 0.2336
vn -0.9115 -0.1406 0.3865
vn -0.9133 -0.1449 0.3806
vn -0.9136 -0.1447 0.3800
vn -0.9136 -0.1439 0.3802
vn -0.9134 -0.1427 0.3813
vn -0.9138 -0.1421 0.3805
vn -0.9118 -0.1391 0.3863
vn -0.9119 -0.1391 0.3862
vn -0.9116 -0.1392 0.3867
vn -0.9119 -0.1390 0.3861
vn -0.9119 -0.1391 0.3861
vn -0.9432 -0.1397 0.3014
vn -0.9231 -0.1436 0.3568
vn -0.9187 -0.1443 0.3677
vn -0.9144 -0.1472 0.3772
vn -0.9111 -0.1509 0.3835
vn -0.9088 -0.1537 0.3879
vn -0.9074 -0.1551 0.3906
vn -0.9066 -0.1546 0.3927
vn -0.9072 -0.1535 0.3917
vn -0.9111 -0.1423 0.3869
vn -0.9093 -0.1519 0.3875
vn -0.9089 -0.1542 0.3874
vn -0.9082 -0.1551 0.3887
vn -0.9072 -0.1552 0.3910
vn -0.9062 -0.1552 0.3934
vn -0.9054 -0.1543 0.3954
vn -0.9039 -0.1538 0.3992
vn -0.9016 -0.1538 0.4042
vn -0.9014 -0.1511 0.4057
vn -0.8973 -0.1502 0.4151
vn -0.8868 -0.1501 0.4371
vn -0.8123 -0.1486 0.5639
vn -0.8844 -0.1420 0.4446
vn -0.9123 -0.1388 0.3853
vn -0.9120 -0.1389 0.3859
vn -0.9115 -0.1392 0.3870
vn -0.9121 -0.1384 0.3859
vn -0.9089 -0.1349 0.3945
vn -0.9099 -0.1356 0.3922
vn -0.9101 -0.1358 0.3915
vn -0.9107 -0.1367 0.3897
vn -0.9113 -0.1379 0.3881
vn -0.9119 -0.1390 0.3862
vn -0.9118 -0.1390 0.3863
vn -0.9118 -0.1393 0.3862
vn -0.9118 -0.1393 0.3863
vn -0.9084 -0.1382 0.3945
vn -0.9043 -0.1373 0.4042
vn -0.9022 -0.1366 0.4091
vn -0.8999 -0.1354 0.4146
vn -0.8987 -0.1320 0.4182
vn -0.8917 -0.1315 0.4331
vn -0.8711 -0.1329 0.4729
vn -0.1803 -0.1143 0.9769
vn 0.5017 0.0411 0.8640
vn -0.8650 -0.1222 0.4867
vn -0.9124 -0.1157 0.3926
vn -0.9125 -0.1155 0.3924
vn -0.9126 -0.1155 0.3923
vn -0.9125 -0.1155 0.3923
vn -0.9126 -0.1153 0.3923
vn -0.9126 -0.1154 0.3923
vn -0.9124 -0.1154 0.3928
vn -0.9125 -0.1154 0.3924
vn -0.9126 -0.1153 0.3922
vn -0.9125 -0.1154 0.3925
vn -0.9126 -0.1154 0.3924
vn -0.9126 -0.1153 0.3924
vn -0.9125 -0.1153 0.3924
vn -0.9127 -0.1155 0.3921
vn -0.9121 -0.1155 0.3934
vn -0.9124 -0.1154 0.3926
vn -0.9124 -0.1154 0.3927
vn -0.9126 -0.1152 0.3922
vn -0.9127 -0.1155 0.3920
vn -0.9138 -0.1048 0.3923
vn -0.9139 -0.1154 0.3892
vn -0.9139 -0.1133 0.3898
vn -0.9138 -0.1033 0.3928
vn -0.9206 -0.0547 0.3866
vn -0.9206 -0.0546 0.3867
vn -0.9177 -0.0525 0.3937
vn -0.8010 -0.1040 0.5896
vn -0.8951 -0.0635 0.4413
vn -0.8674 -0.0645 0.4934
vn -0.8978 -0.0558 0.4370
vn -0.8851 -0.0503 0.4626
vn -0.8654 -0.0370 0.4997
vn -0.9027 -0.0434 0.4280
vn -0.9102 -0.0447 0.4118
vn -0.9136 -0.0449 0.4041
vn -0.9156 -0.0446 0.3996
vn -0.9163 -0.0432 0.3983
vn -0.9172 -0.0435 0.3961
vn -0.9172 -0.0433 0.3961
vn -0.9198 -0.0431 0.3899
vn -0.9206 -0.0439 0.3880
vn -0.9213 -0.0446 0.3863
vn -0.9218 -0.0469 0.3849
vn -0.9232 -0.0484 0.3814
vn -0.9219 -0.0516 0.3840
vn -0.9207 -0.0541 0.3866
vn -0.9207 -0.0546 0.3865
vn -0.9207 -0.0547 0.3865
vn -0.9207 -0.0547 0.3864
vn -0.9207 -0.0546 0.3864
vn -0.9210 -0.0544 0.3858
vn -0.9206 -0.0547 0.3867
vn -0.9206 -0.0546 0.3866
vn -0.9207 -0.0545 0.3864
vn -0.9208 -0.0545 0.3863
vn -0.9209 -0.0545 0.3861
vn -0.9209 -0.0546 0.3860
vn -0.9208 -0.0545 0.3862
vn -0.9207 -0.0546 0.3863
vn -0.9208 -0.0546 0.3863
vn -0.9188 -0.0535 0.3911
vn -0.9178 -0.0518 0.3937
vn -0.9189 -0.0483 0.3915
vn -0.9194 -0.0449 0.3909
vn -0.9192 -0.0433 0.3914
vn -0.9190 -0.0435 0.3918
vn -0.9191 -0.0454 0.3914
vn -0.9200 -0.0477 0.3891
vn -0.9205 -0.0483 0.3878
vn -0.9211 -0.0495 0.3860
vn -0.9233 -0.0514 0.3807
vn -0.9248 -0.0515 0.3769
vn -0.9273 -0.0517 0.3707
vn -0.9316 -0.0521 0.3597
vn -0.9499 -0.0526 0.3081
vn -0.9204 -0.0548 0.3871
vn -0.9203 -0.0546 0.3873
vn -0.9208 -0.0546 0.3861
vn -0.9244 -0.0530 0.3777
vn -0.9235 -0.0530 0.3799
vn -0.9244 -0.0520 0.3778
vn -0.9239 -0.0519 0.3791
vn -0.9239 -0.0516 0.3793
vn -0.9235 -0.0515 0.3801
vn -0.9234 -0.0514 0.3805
vn -0.9230 -0.0514 0.3813
vn -0.9229 -0.0513 0.3817
vn -0.9207 -0.0532 0.3867
vn -0.9192 -0.0429 0.3914
vn -0.9192 -0.0428 0.3914
vn -0.9192 -0.0427 0.3915
vn -0.9192 -0.0427 0.3916
vn -0.9191 -0.0427 0.3916
vn -0.8821 -0.0276 0.4702
vn -0.9036 -0.0108 0.4281
vn -0.9123 -0.0004 0.4094
vn -0.9157 0.0079 0.4017
vn -0.9182 0.0118 0.3959
vn -0.9195 0.0135 0.3928
vn -0.9199 0.0137 0.3919
vn -0.9201 0.0137 0.3916
vn -0.9205 0.0136 0.3904
vn -0.9211 0.0128 0.3892
vn -0.9221 0.0117 0.3867
vn -0.9233 0.0116 0.3840
vn -0.9238 0.0088 0.3828
vn -0.9257 0.0060 0.3782
vn -0.9275 0.0056 0.3738
vn -0.9272 0.0002 0.3745
vn -0.9293 -0.0042 0.3692
vn -0.9310 -0.0048 0.3649
vn -0.9328 -0.0051 0.3604
vn -0.9345 -0.0052 0.3559
vn -0.9310 -0.0143 0.3648
vn -0.9326 -0.0178 0.3604
vn -0.9345 -0.0180 0.3555
vn -0.9370 -0.0181 0.3490
vn -0.9192 -0.0379 0.3919
vn -0.9193 -0.0426 0.3913
vn -0.9194 -0.0426 0.3911
vn -0.9193 -0.0426 0.3912
vn -0.9193 -0.0427 0.3911
vn -0.9195 -0.0426 0.3908
vn -0.9196 -0.0426 0.3906
vn -0.9200 -0.0426 0.3896
vn -0.9195 -0.0427 0.3907
vn -0.9193 -0.0428 0.3911
vn -0.9194 -0.0427 0.3910
vn -0.9193 -0.0428 0.3913
vn -0.9193 -0.0428 0.3912
vn -0.9192 -0.0429 0.3915
vn -0.9192 -0.0428 0.3915
vn -0.9880 0.0418 0.1486
vn -0.9193 0.0543 0.3897
vn -0.9195 0.0531 0.3896
vn -0.9872 0.0416 0.1539
vn -0.9221 0.0447 0.3843
vn -0.9217 0.0446 0.3853
vn -0.9193 0.0456 0.3909
vn -0.9201 0.0457 0.3891
vn -0.9086 0.1385 0.3942
vn -0.9716 0.1252 0.2007
vn -0.9642 0.1152 0.2389
vn -0.9524 0.1091 0.2845
vn -0.9437 0.1048 0.3139
vn -0.9198 0.0561 0.3883
vn -0.9218 0.0431 0.3853
vn -0.9218 0.0430 0.3853
vn -0.9218 0.0430 0.3852
vn -0.9218 0.0431 0.3852
vn -0.9220 0.0553 0.3831
vn -0.8838 0.0946 0.4581
vn -0.8702 0.0939 0.4836
vn -0.8455 0.0924 0.5259
vn -0.7916 0.0881 0.6047
vn -0.0005 -0.0035 1.0000
vn -0.7864 0.0873 0.6115
vn -0.8508 0.0932 0.5171
vn -0.8727 0.0943 0.4791
vn -0.8842 0.0947 0.4573
vn -0.9104 0.1292 0.3930
vn -0.9086 0.1385 0.3941
vn -0.9086 0.1386 0.3941
vn -0.9091 0.1382 0.3929
vn -0.9126 0.1351 0.3860
vn -0.9147 0.1261 0.3839
vn -0.9164 0.1173 0.3827
vn -0.9169 0.1153 0.3820
vn -0.9169 0.1153 0.3821
vn -0.9170 0.1159 0.3818
vn -0.9153 0.1203 0.3843
vn -0.9103 0.1218 0.3956
vn -0.9246 0.1051 0.3663
vn -0.9228 0.1097 0.3693
vn -0.9161 0.1191 0.3829
vn -0.8998 0.1371 0.4142
vn -0.7427 0.0937 -0.6630
vn -0.9219 0.0431 0.3850
vn -0.9219 0.0430 0.3851
vn -0.9218 0.0430 0.3854
vn -0.9217 0.0430 0.3854
vn -0.9217 0.0430 0.3855
vn -0.8147 0.0498 0.5778
vn -0.6292 0.0339 0.7765
vn 0.4476 -0.0726 0.8913
vn 0.8168 -0.0996 0.5683
vn 0.6593 -0.1514 -0.7365
vn -0.9566 0.1118 0.2691
vn -0.9336 0.1169 0.3388
vn -0.9306 0.1099 0.3491
vn -0.9158 0.1164 0.3844
vn -0.9124 0.1218 0.3908
vn -0.9093 0.1281 0.3959
vn -0.9099 0.1333 0.3928
vn -0.9087 0.1381 0.3940
vn -0.9086 0.1385 0.3940
vn -0.9087 0.1384 0.3937
vn -0.9915 0.0939 -0.0901
vn -0.9116 0.1193 0.3933
vn -0.9108 0.1198 0.3950
vn -0.9150 0.1213 0.3848
vn -0.9080 0.1652 0.3850
vn -0.9089 0.1608 0.3849
vn -0.9164 0.1166 0.3829
vn 0.9123 0.1165 -0.3926
vn 0.9150 0.1236 -0.3839
vn 0.9152 0.1233 -0.3837
vn 0.9154 0.1228 -0.3834
vn 0.9156 0.1222 -0.3832
vn 0.9156 0.1214 -0.3832
vn 0.9156 0.1204 -0.3836
vn 0.9153 0.1191 -0.3847
vn 0.9143 0.1173 -0.3877
vn 0.9126 0.1156 -0.3922
vn 0.9124 0.1155 -0.3925
vn 0.9124 0.1157 -0.3926
vn 0.9124 0.1156 -0.3926
vn 0.9125 0.1157 -0.3923
vn 0.9226 0.1163 -0.3678
vn 0.9326 0.1168 -0.3416
vn 0.9285 0.1187 -0.3517
vn 0.9250 0.1202 -0.3605
vn 0.9226 0.1212 -0.3662
vn 0.9208 0.1220 -0.3704
vn 0.9195 0.1226 -0.3735
vn 0.9184 0.1231 -0.3759
vn 0.9153 0.1278 -0.3820
vn 0.9511 0.1352 -0.2777
vn 0.9112 0.1417 -0.3868
vn 0.9144 0.1492 -0.3763
vn 0.9148 0.1491 -0.3754
vn 0.9152 0.1489 -0.3744
vn 0.9155 0.1484 -0.3739
vn 0.9164 0.1482 -0.3719
vn 0.9167 0.1469 -0.3717
vn 0.9160 0.1446 -0.3742
vn 0.9176 0.1444 -0.3704
vn 0.9119 0.1391 -0.3861
vn 0.9118 0.1390 -0.3864
vn 0.9120 0.1392 -0.3858
vn 0.9118 0.1392 -0.3863
vn 0.7970 0.0793 0.5988
vn 0.9316 0.1474 -0.3324
vn 0.9250 0.1480 -0.3501
vn 0.9200 0.1488 -0.3625
vn 0.9167 0.1490 -0.3707
vn 0.9121 0.1527 -0.3804
vn 0.9087 0.1579 -0.3864
vn 0.9065 0.1619 -0.3900
vn 0.9054 0.1639 -0.3917
vn 0.9048 0.1639 -0.3930
vn 0.9052 0.1629 -0.3926
vn 0.9104 0.1447 -0.3875
vn 0.9119 0.1391 -0.3862
vn 0.9074 0.1604 -0.3884
vn 0.9071 0.1637 -0.3877
vn 0.9060 0.1643 -0.3902
vn 0.9046 0.1641 -0.3934
vn 0.9030 0.1639 -0.3973
vn 0.9018 0.1625 -0.4004
vn 0.8995 0.1616 -0.4060
vn 0.8960 0.1616 -0.4137
vn 0.8951 0.1579 -0.4169
vn 0.8886 0.1565 -0.4312
vn 0.8724 0.1557 -0.4634
vn 0.7717 0.1504 -0.6179
vn 0.8648 0.1436 -0.4812
vn 0.9116 0.1397 -0.3866
vn 0.9115 0.1392 -0.3870
vn 0.9119 0.1390 -0.3861
vn 0.9119 0.1388 -0.3861
vn 0.9103 0.1369 -0.3907
vn 0.9111 0.1378 -0.3886
vn 0.9111 0.1380 -0.3883
vn 0.9118 0.1391 -0.3863
vn 0.9118 0.1390 -0.3863
vn 0.9119 0.1390 -0.3862
vn 0.9118 0.1394 -0.3862
vn 0.9117 0.1394 -0.3865
vn 0.9057 0.1387 -0.4006
vn 0.8987 0.1374 -0.4165
vn 0.8956 0.1352 -0.4237
vn 0.8868 0.1350 -0.4420
vn 0.8595 0.1371 -0.4924
vn -0.0921 0.0919 -0.9915
vn -0.7367 -0.0720 -0.6724
vn 0.8485 0.1240 -0.5145
vn 0.9125 0.1155 -0.3923
vn 0.9125 0.1156 -0.3924
vn 0.9126 0.1153 -0.3923
vn 0.9126 0.1155 -0.3923
vn 0.9126 0.1154 -0.3923
vn 0.9125 0.1154 -0.3925
vn 0.9124 0.1154 -0.3926
vn 0.9125 0.1154 -0.3924
vn 0.9125 0.1153 -0.3926
vn 0.9128 0.1152 -0.3918
vn 0.9120 0.1155 -0.3936
vn 0.9126 0.1153 -0.3924
vn 0.9125 0.1155 -0.3925
vn 0.9126 0.1154 -0.3922
vn 0.9128 0.1153 -0.3919
vn 0.9206 0.0547 -0.3866
vn 0.9206 0.0546 -0.3867
vn 0.9180 0.0526 -0.3931
vn 0.8215 0.0977 -0.5618
vn 0.8977 0.0627 -0.4362
vn 0.8745 0.0633 -0.4808
vn 0.9001 0.0558 -0.4320
vn 0.8895 0.0507 -0.4540
vn 0.8747 0.0394 -0.4830
vn 0.9047 0.0446 -0.4236
vn 0.9112 0.0455 -0.4094
vn 0.9142 0.0458 -0.4027
vn 0.9160 0.0454 -0.3986
vn 0.9166 0.0442 -0.3973
vn 0.9179 0.0444 -0.3944
vn 0.9189 0.0443 -0.3920
vn 0.9197 0.0443 -0.3902
vn 0.9203 0.0448 -0.3886
vn 0.9212 0.0455 -0.3863
vn 0.9216 0.0477 -0.3851
vn 0.9229 0.0491 -0.3819
vn 0.9216 0.0521 -0.3847
vn 0.9207 0.0542 -0.3866
vn 0.9207 0.0546 -0.3865
vn 0.9207 0.0547 -0.3865
vn 0.9207 0.0547 -0.3864
vn 0.9207 0.0546 -0.3864
vn 0.9208 0.0544 -0.3863
vn 0.9208 0.0545 -0.3863
vn 0.9207 0.0546 -0.3866
vn 0.9207 0.0545 -0.3864
vn 0.9207 0.0544 -0.3864
vn 0.9207 0.0546 -0.3863
vn 0.9208 0.0546 -0.3863
vn 0.9208 0.0545 -0.3862
vn 0.9209 0.0546 -0.3860
vn 0.9208 0.0546 -0.3861
vn 0.9208 0.0546 -0.3862
vn 0.9206 0.0546 -0.3866
vn 0.9193 0.0538 -0.3900
vn 0.9179 0.0523 -0.3934
vn 0.9188 0.0490 -0.3917
vn 0.9193 0.0458 -0.3909
vn 0.9192 0.0444 -0.3913
vn 0.9191 0.0446 -0.3914
vn 0.9192 0.0461 -0.3911
vn 0.9201 0.0482 -0.3888
vn 0.9206 0.0487 -0.3874
vn 0.9213 0.0499 -0.3856
vn 0.9234 0.0516 -0.3803
vn 0.9250 0.0517 -0.3763
vn 0.9276 0.0520 -0.3699
vn 0.9319 0.0524 -0.3589
vn 0.9475 0.0528 -0.3154
vn 0.9201 0.0550 -0.3878
vn 0.9207 0.0548 -0.3864
vn 0.9204 0.0546 -0.3870
vn 0.9228 0.0537 -0.3815
vn 0.9224 0.0537 -0.3826
vn 0.9239 0.0524 -0.3790
vn 0.9233 0.0524 -0.3804
vn 0.9235 0.0519 -0.3800
vn 0.9232 0.0519 -0.3809
vn 0.9231 0.0517 -0.3812
vn 0.9228 0.0517 -0.3817
vn 0.9227 0.0516 -0.3821
vn 0.9207 0.0533 -0.3867
vn 0.9192 0.0429 -0.3914
vn 0.9192 0.0428 -0.3914
vn 0.9192 0.0427 -0.3915
vn 0.9192 0.0427 -0.3916
vn 0.9191 0.0427 -0.3917
vn 0.9192 0.0426 -0.3916
vn 0.8782 0.0262 -0.4776
vn 0.9040 0.0090 -0.4275
vn 0.9124 -0.0006 -0.4093
vn 0.9157 -0.0082 -0.4018
vn 0.9182 -0.0118 -0.3960
vn 0.9195 -0.0133 -0.3928
vn 0.9199 -0.0135 -0.3919
vn 0.9201 -0.0135 -0.3915
vn 0.9205 -0.0134 -0.3904
vn 0.9210 -0.0126 -0.3892
vn 0.9221 -0.0117 -0.3867
vn 0.9233 -0.0116 -0.3839
vn 0.9239 -0.0090 -0.3826
vn 0.9257 -0.0064 -0.3781
vn 0.9275 -0.0061 -0.3737
vn 0.9275 -0.0010 -0.3738
vn 0.9296 0.0030 -0.3685
vn 0.9314 0.0035 -0.3640
vn 0.9332 0.0038 -0.3594
vn 0.9350 0.0040 -0.3547
vn 0.9318 0.0126 -0.3628
vn 0.9336 0.0158 -0.3579
vn 0.9356 0.0161 -0.3526
vn 0.9383 0.0161 -0.3455
vn 0.9192 0.0376 -0.3919
vn 0.9193 0.0426 -0.3912
vn 0.9193 0.0426 -0.3913
vn 0.9194 0.0426 -0.3910
vn 0.9193 0.0427 -0.3913
vn 0.9195 0.0427 -0.3909
vn 0.9199 0.0427 -0.3898
vn 0.9200 0.0427 -0.3897
vn 0.9197 0.0427 -0.3904
vn 0.9194 0.0427 -0.3910
vn 0.9193 0.0428 -0.3913
vn 0.9193 0.0428 -0.3912
vn 0.9192 0.0429 -0.3915
vn 0.9192 0.0428 -0.3915
vn 0.9783 -0.0424 -0.2027
vn 0.9194 -0.0543 -0.3896
vn 0.9195 -0.0531 -0.3895
vn 0.9774 -0.0420 -0.2074
vn 0.9221 -0.0446 -0.3844
vn 0.9217 -0.0445 -0.3853
vn 0.9193 -0.0455 -0.3909
vn 0.9200 -0.0456 -0.3892
vn 0.9085 -0.1385 -0.3942
vn 0.9601 -0.1248 -0.2501
vn 0.9638 -0.1162 -0.2398
vn 0.9529 -0.1102 -0.2827
vn 0.9440 -0.1058 -0.3126
vn 0.9261 -0.0709 -0.3705
vn 0.9210 -0.0471 -0.3866
vn 0.9218 -0.0430 -0.3853
vn 0.9218 -0.0430 -0.3852
vn 0.9218 -0.0431 -0.3852
vn 0.9220 -0.0564 -0.3831
vn 0.8823 -0.0966 -0.4607
vn 0.8678 -0.0960 -0.4875
vn 0.8415 -0.0946 -0.5319
vn 0.7853 -0.0902 -0.6125
vn -0.1384 0.0247 -0.9901
vn 0.8041 -0.0938 -0.5870
vn 0.8564 -0.0972 -0.5072
vn 0.8753 -0.0973 -0.4737
vn 0.8857 -0.0972 -0.4539
vn 0.9103 -0.1297 -0.3930
vn 0.9086 -0.1385 -0.3941
vn 0.9086 -0.1386 -0.3941
vn 0.9114 -0.1365 -0.3882
vn 0.9148 -0.1309 -0.3821
vn 0.9152 -0.1218 -0.3841
vn 0.9169 -0.1153 -0.3820
vn 0.9169 -0.1153 -0.3821
vn 0.9169 -0.1171 -0.3815
vn 0.9114 -0.1207 -0.3935
vn 0.9238 -0.1062 -0.3678
vn 0.9217 -0.1109 -0.3716
vn 0.9140 -0.1192 -0.3879
vn 0.8860 -0.1371 -0.4430
vn 0.9085 -0.1385 -0.3943
vn 0.9935 -0.0959 0.0620
vn 0.9916 -0.0826 -0.0993
vn 0.9219 -0.0430 -0.3850
vn 0.9219 -0.0431 -0.3851
vn 0.9219 -0.0430 -0.3851
vn 0.9218 -0.0430 -0.3854
vn 0.9217 -0.0430 -0.3854
vn 0.8105 -0.0229 -0.5853
vn 0.7980 -0.0545 -0.6002
vn 0.6493 -0.0392 -0.7595
vn -0.5039 0.0810 -0.8599
vn -0.9288 0.1102 -0.3539
vn -0.7047 0.1511 0.6932
vn 0.9675 -0.1033 -0.2307
vn 0.9342 -0.1136 -0.3383
vn 0.9154 -0.1172 -0.3850
vn 0.9104 -0.1229 -0.3950
vn 0.9100 -0.1287 -0.3940
vn 0.9092 -0.1362 -0.3934
vn 0.9086 -0.1385 -0.3940
vn 0.9086 -0.1385 -0.3939
vn 0.9087 -0.1385 -0.3939
vn 0.9942 -0.0979 0.0440
vn 0.9123 -0.1182 -0.3922
vn 0.9115 -0.1186 -0.3939
vn 0.9148 -0.1216 -0.3852
vn 0.9075 -0.1652 -0.3861
vn 0.9083 -0.1610 -0.3860
vn 0.9163 -0.1168 -0.3832
vn 0.9404 -0.1224 -0.3173
vn 0.9130 -0.1366 -0.3845
vn 0.7652 -0.1266 -0.6312
vn 0.9010 -0.1381 -0.4113
vn -0.9144 0.1456 0.3777
vn 0.3496 -0.0732 -0.9340
vn -0.9102 0.1456 0.3876
vn -0.9073 0.1584 0.3895
vn -0.8984 0.1839 0.3989
vn 0.9132 -0.1447 -0.3810
vn 0.9144 -0.1443 -0.3783
vn 0.9430 -0.1238 -0.3088
vn 0.9084 -0.1380 -0.3946
vn 0.9119 -0.1375 -0.3867
vn 0.9599 -0.1172 -0.2548
vn 0.9564 -0.1036 -0.2729
vn 0.9281 -0.0523 -0.3687
vn 0.9217 -0.0431 -0.3854
vn 0.9218 -0.0431 -0.3853
vn 0.9218 -0.0429 -0.3852
vn 0.9219 -0.0429 -0.3851
vn 0.9219 -0.0429 -0.3852
vn 0.9219 -0.0430 -0.3852
vn 0.9220 -0.0429 -0.3848
vn 0.9220 -0.0430 -0.3848
vn 0.9217 -0.0428 -0.3856
vn -0.9789 0.1020 -0.1768
vn 0.9080 -0.0386 -0.4171
vn -0.9119 0.1384 0.3865
vn -0.9806 0.1016 -0.1675
vn -0.9089 0.1386 0.3933
vn -0.9112 0.1324 0.3901
vn -0.9105 0.1340 0.3911
vn -0.9151 0.1215 0.3845
vn -0.9150 0.1218 0.3847
vn -0.9169 0.1154 0.3820
vn -0.9169 0.1154 0.3821
vn -0.9160 0.1162 0.3839
vn -0.9060 0.1262 0.4040
vn -0.9046 0.1261 0.4072
vn 0.9087 -0.1387 -0.3937
vn -0.9471 0.1151 0.2996
vn -0.8431 0.0769 0.5323
vn -0.8454 0.0744 0.5290
vn -0.9211 0.0435 0.3868
vn -0.9220 0.0430 0.3848
vn -0.9219 0.0431 0.3851
vn -0.9461 0.0921 0.3104
vn -0.9285 0.0551 0.3673
vn -0.8948 0.1017 0.4348
vn -0.9497 0.1047 0.2953
vn -0.9073 0.1355 0.3980
vn -0.8927 0.1031 0.4386
vn -0.9080 0.1380 0.3956
vn -0.9085 0.1384 0.3943
vn -0.9080 0.1380 0.3957
vn 0.9085 -0.1385 -0.3944
vn 0.9169 -0.1152 -0.3821
vn 0.9134 -0.1254 -0.3873
vn 0.9156 -0.1191 -0.3840
vn 0.9097 -0.1355 -0.3926
vn 0.9106 -0.1331 -0.3913
vn 0.9085 -0.1386 -0.3942
vn 0.9085 -0.1386 -0.3941
vn 0.9086 -0.1384 -0.3941
vn 0.9080 -0.1379 -0.3955
vn 0.9062 -0.1387 -0.3994
vn -0.9494 0.1161 0.2920
vn 0.9199 -0.0494 -0.3891
vn -0.9123 0.0514 0.4062
vn 0.9193 -0.0526 -0.3900
vn 0.9196 -0.0495 -0.3897
vn -0.9204 0.0494 0.3880
vn 0.9179 -0.0589 -0.3924
vn -0.9213 0.0453 0.3862
vn -0.9205 0.0489 0.3877
vn -0.9218 0.0429 0.3853
vn -0.9187 0.0428 0.3927
vn 0.9751 -0.0436 -0.2175
vn 0.9430 -0.0470 -0.3295
vn 0.9191 -0.0539 -0.3902
vn -0.9127 0.0467 0.4059
vn 0.9187 -0.0541 -0.3913
vn -0.9192 -0.0430 0.3914
vn -0.9191 -0.0418 0.3918
vn 0.9194 0.0430 -0.3909
vn 0.9194 0.0429 -0.3909
vn 0.9192 0.0426 -0.3914
vn 0.9193 0.0425 -0.3912
vn 0.8669 0.0804 -0.4919
vn -0.5265 0.3088 -0.7921
vn -0.9526 0.0837 0.2925
vn -0.8893 0.2403 -0.3892
vn -0.9187 0.0541 0.3912
vn -0.9187 0.0541 0.3913
vn -0.9082 0.0538 0.4151
vn -0.2610 0.0253 0.9650
vn -0.9047 -0.0420 0.4241
vn -0.2634 -0.0148 0.9646
vn -0.9192 -0.0426 0.3915
vn -0.9192 -0.0427 0.3914
vn -0.9192 -0.0426 0.3914
vn -0.9192 -0.0425 0.3914
vn -0.9193 -0.0426 0.3914
vn -0.9193 -0.0425 0.3913
vn -0.9193 -0.0425 0.3912
vn -0.9194 -0.0425 0.3911
vn -0.9185 -0.0433 0.3930
vn 0.9201 0.0425 -0.3894
vn -0.9185 -0.0434 0.3931
vn 0.9190 0.0429 -0.3919
vn 0.9201 0.0425 -0.3895
vn 0.9191 0.0426 -0.3918
vn 0.9191 0.0427 -0.3918
vn 0.9193 0.0427 -0.3912
vn 0.9192 0.0427 -0.3914
vn -0.9218 -0.0371 0.3859
vn 0.9191 0.0429 -0.3916
vn -0.9200 -0.0410 0.3897
vn 0.9206 0.0548 -0.3867
vn 0.9206 0.0547 -0.3867
vn 0.9205 0.0548 -0.3868
vn 0.9206 0.0546 -0.3868
vn 0.9202 0.0550 -0.3875
vn 0.9202 0.0550 -0.3876
vn 0.9239 0.0526 -0.3790
vn 0.9240 0.0525 -0.3787
vn -0.9208 -0.0536 0.3864
vn -0.9209 -0.0523 0.3863
vn -0.9206 -0.0511 0.3871
vn -0.9204 -0.0509 0.3877
vn -0.9200 -0.0514 0.3886
vn -0.9200 -0.0513 0.3886
vn -0.9202 -0.0534 0.3878
vn -0.9202 -0.0533 0.3878
vn -0.9206 -0.0545 0.3866
vn -0.9207 -0.0545 0.3865
vn -0.9207 -0.0545 0.3866
vn -0.9208 -0.0545 0.3861
vn -0.9208 -0.0544 0.3862
vn -0.9220 -0.0541 0.3833
vn -0.9221 -0.0541 0.3832
vn 0.9198 0.0551 -0.3885
vn 0.9198 0.0551 -0.3884
vn 0.9207 0.0545 -0.3863
vn 0.9210 0.0549 -0.3856
vn -0.9206 -0.0546 0.3868
vn 0.9209 0.0546 -0.3859
vn 0.9210 0.0549 -0.3857
vn 0.9207 0.0545 -0.3865
vn 0.9204 0.0534 -0.3873
vn 0.9199 0.0507 -0.3889
vn 0.9195 0.0474 -0.3902
vn 0.9193 0.0450 -0.3909
vn 0.9192 0.0430 -0.3915
vn 0.9191 0.0430 -0.3916
vn 0.9191 0.0431 -0.3915
vn 0.9191 0.0431 -0.3916
vn 0.9192 0.0431 -0.3915
vn 0.9133 0.0497 -0.4042
vn 0.9204 0.0544 -0.3871
vn 0.9132 0.0504 -0.4044
vn 0.9211 0.0543 -0.3855
vn 0.9261 0.0526 -0.3735
vn 0.9211 0.0543 -0.3854
vn -0.9200 -0.0548 0.3880
vn 0.9263 0.0525 -0.3731
vn -0.9201 -0.0548 0.3879
vn -0.9205 -0.0547 0.3869
vn -0.9205 -0.0548 0.3869
vn -0.9205 -0.0548 0.3870
vn -0.9205 -0.0548 0.3868
vn 0.9205 0.0549 -0.3868
vn 0.9605 0.1053 -0.2575
vn 0.9189 0.0946 -0.3829
vn -0.9106 -0.1367 0.3900
vn 0.9150 0.0932 -0.3924
vn -0.9129 -0.1154 0.3916
vn -0.9106 -0.1154 0.3967
vn 0.9946 0.1017 0.0226
vn 0.9128 0.1152 -0.3917
vn 0.9125 0.1153 -0.3924
vn 0.9125 0.1154 -0.3923
vn 0.9125 0.1153 -0.3925
vn 0.9128 0.1153 -0.3917
vn 0.9121 0.1155 -0.3933
vn -0.9123 -0.1155 0.3930
vn 0.9121 0.1155 -0.3934
vn -0.9126 -0.1154 0.3921
vn -0.9123 -0.1155 0.3929
vn -0.9131 -0.1151 0.3912
vn -0.9131 -0.1150 0.3912
vn 0.9129 0.1152 -0.3917
vn 0.9125 0.1156 -0.3923
vn 0.9125 0.1155 -0.3924
vn 0.9125 0.1156 -0.3925
vn 0.9124 0.1155 -0.3926
vn 0.9115 0.1152 -0.3949
vn -0.9128 -0.1155 0.3917
vn 0.9114 0.1152 -0.3950
vn -0.9126 -0.1156 0.3923
vn -0.9136 -0.1199 0.3885
vn -0.9126 -0.1161 0.3920
vn -0.9122 -0.1271 0.3896
vn -0.9136 -0.1209 0.3883
vn -0.9102 -0.1343 0.3917
vn -0.9119 -0.1281 0.3899
vn -0.9115 -0.1384 0.3872
vn -0.9103 -0.1357 0.3910
vn 0.9119 0.1391 -0.3863
vn 0.9118 0.1391 -0.3862
vn 0.9117 0.1391 -0.3865
vn 0.9118 0.1391 -0.3864
vn 0.9120 0.1390 -0.3859
vn -0.9120 -0.1391 0.3859
vn 0.9120 0.1390 -0.3858
vn -0.9118 -0.1392 0.3864
vn -0.9113 -0.1495 0.3837
vn -0.9117 -0.1403 0.3861
vn -0.9074 -0.1601 0.3886
vn -0.9105 -0.1522 0.3846
vn -0.9004 -0.1691 0.4008
vn -0.9062 -0.1618 0.3906
vn -0.9003 -0.1807 0.3961
vn -0.8991 -0.1742 0.4016
vn -0.9007 -0.1837 0.3936
vn -0.9007 -0.1836 0.3936
vn -0.9008 -0.1837 0.3936
vn -0.9008 -0.1836 0.3936
vn -0.9034 -0.1747 0.3917
vn -0.9036 -0.1738 0.3915
vn -0.9062 -0.1646 0.3896
vn -0.9101 -0.1474 0.3872
vn 0.9121 0.1392 -0.3855
vn 0.9122 0.1392 -0.3855
vn -0.9126 -0.1390 0.3846
vn -0.9125 -0.1390 0.3847
vn -0.9117 -0.1393 0.3866
vn -0.9117 -0.1392 0.3866
vn -0.9118 -0.1391 0.3864
vn -0.9111 -0.1393 0.3879
vn -0.9095 -0.1400 0.3914
vn 0.9113 0.1377 -0.3879
vn 0.9109 0.1366 -0.3894
vn 0.9106 0.1338 -0.3910
vn 0.9110 0.1309 -0.3910
vn 0.9117 0.1289 -0.3901
vn 0.9139 0.1244 -0.3864
vn 0.9144 0.1212 -0.3864
vn 0.9131 0.1173 -0.3905
vn 0.9126 0.1156 -0.3921
vn 0.9124 0.1158 -0.3925
vn 0.9126 0.1143 -0.3926
vn 0.9126 0.1142 -0.3927
vn -0.9125 -0.1157 0.3924
vn -0.9125 -0.1155 0.3925
vn -0.9124 -0.1156 0.3925
vn 0.9126 0.1157 -0.3922
vn 0.9126 0.1156 -0.3923
vn -0.9135 -0.1148 0.3903
vn -0.9129 -0.1153 0.3916
vn 0.1163 -0.9123 0.3926
vn 0.1220 -0.9146 0.3856
vn 0.1214 -0.9147 0.3856
vn 0.1208 -0.9147 0.3857
vn 0.1200 -0.9146 0.3861
vn 0.1189 -0.9144 0.3868
vn 0.1175 -0.9140 0.3883
vn 0.1156 -0.9125 0.3924
vn 0.1156 -0.9125 0.3923
vn 0.1156 -0.9126 0.3922
vn 0.1155 -0.9132 0.3908
vn 0.1157 -0.9122 0.3930
vn 0.1156 -0.9124 0.3926
vn 0.1156 -0.9125 0.3925
vn 0.1162 -0.9255 0.3605
vn 0.1175 -0.9263 0.3580
vn 0.1188 -0.9240 0.3635
vn 0.1198 -0.9219 0.3685
vn 0.1207 -0.9204 0.3720
vn 0.1213 -0.9192 0.3747
vn 0.1254 -0.9163 0.3803
vn 0.1331 -0.9632 0.2336
vn 0.1406 -0.9115 0.3864
vn 0.1448 -0.9133 0.3806
vn 0.1447 -0.9136 0.3800
vn 0.1439 -0.9136 0.3802
vn 0.1427 -0.9134 0.3813
vn 0.1421 -0.9138 0.3806
vn 0.1391 -0.9118 0.3863
vn 0.1391 -0.9119 0.3862
vn 0.1391 -0.9119 0.3861
vn 0.1391 -0.9119 0.3860
vn 0.1392 -0.9117 0.3867
vn 0.1391 -0.9117 0.3866
vn 0.1397 -0.9432 0.3014
vn 0.1436 -0.9231 0.3568
vn 0.1443 -0.9187 0.3677
vn 0.1472 -0.9143 0.3773
vn 0.1509 -0.9111 0.3835
vn 0.1537 -0.9088 0.3879
vn 0.1551 -0.9074 0.3905
vn 0.1546 -0.9066 0.3927
vn 0.1535 -0.9072 0.3916
vn 0.1423 -0.9111 0.3869
vn 0.1519 -0.9093 0.3875
vn 0.1543 -0.9089 0.3874
vn 0.1551 -0.9082 0.3888
vn 0.1552 -0.9072 0.3910
vn 0.1552 -0.9061 0.3934
vn 0.1543 -0.9054 0.3955
vn 0.1537 -0.9039 0.3992
vn 0.1538 -0.9016 0.4042
vn 0.1511 -0.9014 0.4057
vn 0.1502 -0.8973 0.4151
vn 0.1500 -0.8869 0.4369
vn 0.1488 -0.8129 0.5630
vn 0.1420 -0.8844 0.4446
vn 0.1392 -0.9114 0.3874
vn 0.1390 -0.9118 0.3865
vn 0.1385 -0.9120 0.3862
vn 0.1350 -0.9088 0.3948
vn 0.1356 -0.9099 0.3922
vn 0.1358 -0.9102 0.3914
vn 0.1367 -0.9107 0.3897
vn 0.1379 -0.9112 0.3881
vn 0.1390 -0.9119 0.3861
vn 0.1390 -0.9118 0.3863
vn 0.1390 -0.9119 0.3862
vn 0.1393 -0.9118 0.3862
vn 0.1395 -0.9118 0.3862
vn 0.1383 -0.9084 0.3945
vn 0.1373 -0.9043 0.4042
vn 0.1366 -0.9022 0.4091
vn 0.1354 -0.8999 0.4146
vn 0.1321 -0.8987 0.4182
vn 0.1315 -0.8918 0.4329
vn 0.1329 -0.8710 0.4729
vn 0.1147 -0.1775 0.9774
vn -0.0409 0.5026 0.8635
vn 0.1222 -0.8649 0.4868
vn 0.1156 -0.9124 0.3925
vn 0.1155 -0.9125 0.3924
vn 0.1155 -0.9125 0.3923
vn 0.1152 -0.9126 0.3923
vn 0.1155 -0.9126 0.3923
vn 0.1154 -0.9126 0.3923
vn 0.1154 -0.9124 0.3928
vn 0.1154 -0.9125 0.3926
vn 0.1154 -0.9127 0.3920
vn 0.1154 -0.9127 0.3921
vn 0.1154 -0.9125 0.3924
vn 0.1154 -0.9125 0.3925
vn 0.1156 -0.9122 0.3930
vn 0.1154 -0.9124 0.3926
vn 0.1153 -0.9126 0.3924
vn 0.1153 -0.9127 0.3921
vn 0.1154 -0.9127 0.3919
vn 0.1048 -0.9138 0.3923
vn 0.1154 -0.9139 0.3892
vn 0.1133 -0.9139 0.3898
vn 0.1033 -0.9138 0.3928
vn 0.0547 -0.9206 0.3866
vn 0.0547 -0.9206 0.3867
vn 0.0546 -0.9206 0.3867
vn 0.0525 -0.9178 0.3937
vn 0.1046 -0.8018 0.5884
vn 0.0635 -0.8950 0.4416
vn 0.0648 -0.8674 0.4933
vn 0.0558 -0.8977 0.4370
vn 0.0502 -0.8853 0.4623
vn 0.0368 -0.8660 0.4986
vn 0.0435 -0.9026 0.4283
vn 0.0447 -0.9102 0.4117
vn 0.0450 -0.9136 0.4042
vn 0.0446 -0.9156 0.3996
vn 0.0432 -0.9162 0.3983
vn 0.0435 -0.9172 0.3961
vn 0.0433 -0.9172 0.3961
vn 0.0431 -0.9198 0.3900
vn 0.0439 -0.9206 0.3881
vn 0.0446 -0.9213 0.3863
vn 0.0469 -0.9218 0.3849
vn 0.0484 -0.9232 0.3814
vn 0.0516 -0.9219 0.3840
vn 0.0541 -0.9207 0.3866
vn 0.0546 -0.9207 0.3865
vn 0.0547 -0.9207 0.3865
vn 0.0547 -0.9207 0.3864
vn 0.0546 -0.9207 0.3864
vn 0.0546 -0.9209 0.3860
vn 0.0546 -0.9206 0.3866
vn 0.0546 -0.9208 0.3863
vn 0.0545 -0.9207 0.3864
vn 0.0545 -0.9208 0.3863
vn 0.0546 -0.9207 0.3863
vn 0.0546 -0.9209 0.3861
vn 0.0546 -0.9208 0.3862
vn 0.0535 -0.9188 0.3911
vn 0.0518 -0.9178 0.3936
vn 0.0483 -0.9189 0.3914
vn 0.0449 -0.9194 0.3909
vn 0.0433 -0.9192 0.3913
vn 0.0435 -0.9190 0.3918
vn 0.0454 -0.9191 0.3914
vn 0.0477 -0.9200 0.3890
vn 0.0483 -0.9205 0.3878
vn 0.0495 -0.9211 0.3861
vn 0.0514 -0.9233 0.3807
vn 0.0514 -0.9248 0.3769
vn 0.0517 -0.9273 0.3707
vn 0.0521 -0.9316 0.3596
vn 0.0526 -0.9497 0.3087
vn 0.0546 -0.9203 0.3873
vn 0.0530 -0.9243 0.3778
vn 0.0530 -0.9235 0.3800
vn 0.0520 -0.9245 0.3777
vn 0.0519 -0.9238 0.3793
vn 0.0515 -0.9239 0.3792
vn 0.0515 -0.9235 0.3801
vn 0.0514 -0.9234 0.3804
vn 0.0514 -0.9230 0.3813
vn 0.0514 -0.9228 0.3818
vn 0.0532 -0.9207 0.3867
vn 0.0548 -0.9206 0.3866
vn 0.0428 -0.9192 0.3914
vn 0.0427 -0.9192 0.3915
vn 0.0427 -0.9192 0.3916
vn 0.0427 -0.9191 0.3916
vn 0.0427 -0.9191 0.3917
vn 0.0427 -0.9193 0.3913
vn 0.0427 -0.9192 0.3914
vn 0.0276 -0.8821 0.4703
vn 0.0108 -0.9037 0.4281
vn 0.0004 -0.9123 0.4094
vn -0.0079 -0.9157 0.4017
vn -0.0118 -0.9182 0.3960
vn -0.0135 -0.9195 0.3928
vn -0.0137 -0.9199 0.3919
vn -0.0137 -0.9200 0.3916
vn -0.0136 -0.9205 0.3904
vn -0.0128 -0.9211 0.3892
vn -0.0117 -0.9221 0.3867
vn -0.0116 -0.9233 0.3840
vn -0.0088 -0.9238 0.3828
vn -0.0060 -0.9257 0.3782
vn -0.0057 -0.9275 0.3737
vn -0.0002 -0.9273 0.3744
vn 0.0042 -0.9293 0.3692
vn 0.0048 -0.9311 0.3648
vn 0.0051 -0.9328 0.3605
vn 0.0052 -0.9345 0.3559
vn 0.0143 -0.9309 0.3649
vn 0.0178 -0.9326 0.3604
vn 0.0180 -0.9345 0.3556
vn 0.0181 -0.9370 0.3489
vn 0.0379 -0.9193 0.3918
vn 0.0426 -0.9192 0.3914
vn 0.0426 -0.9193 0.3912
vn 0.0426 -0.9194 0.3911
vn 0.0426 -0.9195 0.3908
vn 0.0426 -0.9193 0.3913
vn 0.0426 -0.9199 0.3898
vn 0.0426 -0.9200 0.3895
vn 0.0427 -0.9195 0.3907
vn 0.0427 -0.9193 0.3911
vn 0.0428 -0.9193 0.3913
vn 0.0427 -0.9194 0.3911
vn 0.0428 -0.9193 0.3912
vn 0.0428 -0.9192 0.3915
vn 0.0429 -0.9192 0.3914
vn 0.0429 -0.9192 0.3915
vn -0.0419 -0.9881 0.1483
vn -0.0543 -0.9193 0.3897
vn -0.0531 -0.9195 0.3896
vn -0.0416 -0.9872 0.1538
vn -0.0447 -0.9221 0.3843
vn -0.0446 -0.9217 0.3853
vn -0.0456 -0.9193 0.3909
vn -0.0457 -0.9201 0.3891
vn -0.1385 -0.9085 0.3942
vn -0.1252 -0.9716 0.2007
vn -0.1152 -0.9642 0.2389
vn -0.1091 -0.9524 0.2846
vn -0.1048 -0.9437 0.3139
vn -0.0561 -0.9198 0.3883
vn -0.0431 -0.9218 0.3853
vn -0.0430 -0.9218 0.3853
vn -0.0430 -0.9218 0.3852
vn -0.0553 -0.9220 0.3831
vn -0.0946 -0.8838 0.4581
vn -0.0939 -0.8702 0.4836
vn -0.0924 -0.8455 0.5259
vn -0.0881 -0.7916 0.6047
vn 0.0034 -0.0008 1.0000
vn -0.0874 -0.7865 0.6114
vn -0.0933 -0.8509 0.5170
vn -0.0943 -0.8727 0.4791
vn -0.0947 -0.8842 0.4573
vn -0.1292 -0.9104 0.3930
vn -0.1385 -0.9086 0.3941
vn -0.1386 -0.9085 0.3941
vn -0.1381 -0.9091 0.3929
vn -0.1351 -0.9126 0.3860
vn -0.1261 -0.9147 0.3839
vn -0.1173 -0.9164 0.3827
vn -0.1153 -0.9169 0.3820
vn -0.1159 -0.9170 0.3818
vn -0.1203 -0.9153 0.3843
vn -0.1218 -0.9103 0.3956
vn -0.1051 -0.9245 0.3663
vn -0.1097 -0.9228 0.3693
vn -0.1191 -0.9161 0.3829
vn -0.1371 -0.8998 0.4142
vn -0.1385 -0.9086 0.3940
vn -0.0937 -0.7427 -0.6630
vn -0.0431 -0.9219 0.3849
vn -0.0431 -0.9219 0.3850
vn -0.0430 -0.9219 0.3851
vn -0.0430 -0.9217 0.3854
vn -0.0430 -0.9218 0.3854
vn -0.0430 -0.9217 0.3856
vn -0.0498 -0.8147 0.5778
vn -0.0338 -0.6292 0.7765
vn 0.0727 0.4474 0.8914
vn 0.0995 0.8168 0.5683
vn 0.1512 0.6600 -0.7359
vn -0.1117 -0.9566 0.2692
vn -0.1169 -0.9336 0.3387
vn -0.1099 -0.9306 0.3491
vn -0.1153 -0.9169 0.3821
vn -0.1164 -0.9158 0.3844
vn -0.1218 -0.9124 0.3908
vn -0.1281 -0.9093 0.3959
vn -0.1333 -0.9099 0.3928
vn -0.1381 -0.9087 0.3940
vn -0.1386 -0.9086 0.3941
vn -0.1384 -0.9088 0.3935
vn -0.0939 -0.9915 -0.0901
vn -0.1193 -0.9116 0.3933
vn -0.1198 -0.9108 0.3950
vn -0.1213 -0.9150 0.3848
vn -0.1652 -0.9080 0.3850
vn -0.1608 -0.9089 0.3849
vn -0.1166 -0.9164 0.3829
vn -0.1166 0.9123 -0.3926
vn -0.1236 0.9151 -0.3839
vn -0.1232 0.9153 -0.3836
vn -0.1228 0.9154 -0.3833
vn -0.1222 0.9155 -0.3832
vn -0.1214 0.9156 -0.3832
vn -0.1204 0.9156 -0.3836
vn -0.1191 0.9153 -0.3847
vn -0.1173 0.9144 -0.3874
vn -0.1156 0.9125 -0.3923
vn -0.1156 0.9126 -0.3921
vn -0.1156 0.9126 -0.3923
vn -0.1156 0.9123 -0.3928
vn -0.1163 0.9226 -0.3677
vn -0.1168 0.9325 -0.3417
vn -0.1187 0.9286 -0.3517
vn -0.1202 0.9250 -0.3605
vn -0.1212 0.9226 -0.3662
vn -0.1220 0.9208 -0.3704
vn -0.1226 0.9194 -0.3736
vn -0.1231 0.9184 -0.3759
vn -0.1278 0.9153 -0.3819
vn -0.1351 0.9512 -0.2774
vn -0.1417 0.9112 -0.3868
vn -0.1492 0.9144 -0.3763
vn -0.1491 0.9148 -0.3754
vn -0.1489 0.9152 -0.3745
vn -0.1484 0.9155 -0.3740
vn -0.1482 0.9163 -0.3720
vn -0.1469 0.9166 -0.3718
vn -0.1446 0.9160 -0.3742
vn -0.1443 0.9176 -0.3703
vn -0.1391 0.9119 -0.3862
vn -0.1391 0.9117 -0.3865
vn -0.1391 0.9122 -0.3854
vn -0.1391 0.9119 -0.3861
vn -0.0792 0.7972 0.5986
vn -0.1474 0.9316 -0.3323
vn -0.1479 0.9250 -0.3501
vn -0.1487 0.9200 -0.3625
vn -0.1490 0.9167 -0.3707
vn -0.1527 0.9121 -0.3805
vn -0.1579 0.9087 -0.3864
vn -0.1619 0.9065 -0.3899
vn -0.1639 0.9054 -0.3917
vn -0.1639 0.9048 -0.3930
vn -0.1629 0.9052 -0.3926
vn -0.1447 0.9104 -0.3875
vn -0.1604 0.9074 -0.3884
vn -0.1637 0.9071 -0.3877
vn -0.1643 0.9060 -0.3902
vn -0.1641 0.9046 -0.3934
vn -0.1639 0.9030 -0.3972
vn -0.1625 0.9018 -0.4004
vn -0.1616 0.8995 -0.4059
vn -0.1617 0.8960 -0.4137
vn -0.1579 0.8951 -0.4170
vn -0.1565 0.8885 -0.4313
vn -0.1556 0.8725 -0.4632
vn -0.1508 0.7707 -0.6190
vn -0.1435 0.8648 -0.4811
vn -0.1389 0.9123 -0.3851
vn -0.1389 0.9119 -0.3862
vn -0.1390 0.9119 -0.3861
vn -0.1388 0.9119 -0.3863
vn -0.1369 0.9103 -0.3907
vn -0.1377 0.9111 -0.3885
vn -0.1380 0.9111 -0.3883
vn -0.1390 0.9118 -0.3863
vn -0.1391 0.9118 -0.3864
vn -0.1391 0.9118 -0.3863
vn -0.1390 0.9119 -0.3862
vn -0.1394 0.9118 -0.3863
vn -0.1393 0.9118 -0.3862
vn -0.1387 0.9057 -0.4007
vn -0.1374 0.8987 -0.4165
vn -0.1352 0.8956 -0.4239
vn -0.1350 0.8868 -0.4419
vn -0.1369 0.8596 -0.4923
vn -0.0937 -0.0936 -0.9912
vn 0.0722 -0.7387 -0.6702
vn -0.1240 0.8485 -0.5145
vn -0.1157 0.9122 -0.3931
vn -0.1155 0.9127 -0.3920
vn -0.1155 0.9125 -0.3924
vn -0.1156 0.9125 -0.3924
vn -0.1155 0.9126 -0.3923
vn -0.1155 0.9125 -0.3923
vn -0.1153 0.9126 -0.3923
vn -0.1154 0.9126 -0.3923
vn -0.1153 0.9127 -0.3920
vn -0.1154 0.9126 -0.3922
vn -0.1154 0.9125 -0.3924
vn -0.1154 0.9125 -0.3925
vn -0.1154 0.9124 -0.3926
vn -0.1154 0.9124 -0.3927
vn -0.1153 0.9130 -0.3914
vn -0.1155 0.9123 -0.3930
vn -0.1154 0.9123 -0.3930
vn -0.1154 0.9127 -0.3920
vn -0.1154 0.9125 -0.3926
vn -0.1154 0.9125 -0.3923
vn -0.1154 0.9124 -0.3928
vn -0.1155 0.9122 -0.3931
vn -0.1156 0.9121 -0.3934
vn -0.0547 0.9206 -0.3866
vn -0.0547 0.9206 -0.3867
vn -0.0526 0.9180 -0.3931
vn -0.0970 0.8219 -0.5613
vn -0.0627 0.8977 -0.4361
vn -0.0638 0.8739 -0.4819
vn -0.0556 0.9004 -0.4315
vn -0.0508 0.8892 -0.4547
vn -0.0395 0.8747 -0.4830
vn -0.0446 0.9045 -0.4241
vn -0.0456 0.9113 -0.4093
vn -0.0458 0.9142 -0.4027
vn -0.0454 0.9160 -0.3986
vn -0.0442 0.9166 -0.3973
vn -0.0444 0.9179 -0.3944
vn -0.0443 0.9189 -0.3921
vn -0.0443 0.9197 -0.3901
vn -0.0448 0.9203 -0.3886
vn -0.0455 0.9212 -0.3863
vn -0.0477 0.9216 -0.3851
vn -0.0491 0.9229 -0.3819
vn -0.0521 0.9216 -0.3847
vn -0.0542 0.9207 -0.3866
vn -0.0546 0.9207 -0.3865
vn -0.0547 0.9207 -0.3865
vn -0.0547 0.9207 -0.3864
vn -0.0546 0.9207 -0.3864
vn -0.0546 0.9208 -0.3861
vn -0.0546 0.9206 -0.3867
vn -0.0546 0.9206 -0.3866
vn -0.0546 0.9207 -0.3863
vn -0.0546 0.9208 -0.3863
vn -0.0545 0.9207 -0.3864
vn -0.0545 0.9208 -0.3862
vn -0.0546 0.9209 -0.3859
vn -0.0546 0.9209 -0.3860
vn -0.0546 0.9208 -0.3862
vn -0.0538 0.9193 -0.3900
vn -0.0523 0.9179 -0.3934
vn -0.0490 0.9188 -0.3917
vn -0.0458 0.9193 -0.3909
vn -0.0444 0.9192 -0.3913
vn -0.0446 0.9191 -0.3914
vn -0.0461 0.9192 -0.3911
vn -0.0482 0.9201 -0.3888
vn -0.0487 0.9206 -0.3874
vn -0.0499 0.9213 -0.3857
vn -0.0516 0.9234 -0.3803
vn -0.0517 0.9250 -0.3764
vn -0.0520 0.9276 -0.3700
vn -0.0524 0.9319 -0.3588
vn -0.0528 0.9474 -0.3156
vn -0.0546 0.9209 -0.3861
vn -0.0547 0.9203 -0.3874
vn -0.0537 0.9229 -0.3813
vn -0.0537 0.9223 -0.3827
vn -0.0524 0.9239 -0.3789
vn -0.0524 0.9233 -0.3804
vn -0.0519 0.9235 -0.3800
vn -0.0518 0.9232 -0.3809
vn -0.0517 0.9231 -0.3811
vn -0.0516 0.9228 -0.3817
vn -0.0516 0.9227 -0.3822
vn -0.0533 0.9206 -0.3867
vn -0.0429 0.9192 -0.3914
vn -0.0428 0.9192 -0.3914
vn -0.0427 0.9192 -0.3915
vn -0.0427 0.9192 -0.3916
vn -0.0427 0.9191 -0.3917
vn -0.0262 0.8782 -0.4776
vn -0.0090 0.9040 -0.4275
vn 0.0006 0.9124 -0.4093
vn 0.0082 0.9157 -0.4018
vn 0.0118 0.9182 -0.3960
vn 0.0133 0.9195 -0.3928
vn 0.0135 0.9199 -0.3919
vn 0.0135 0.9201 -0.3915
vn 0.0134 0.9205 -0.3904
vn 0.0127 0.9210 -0.3892
vn 0.0117 0.9221 -0.3867
vn 0.0116 0.9233 -0.3839
vn 0.0090 0.9238 -0.3827
vn 0.0064 0.9258 -0.3781
vn 0.0061 0.9275 -0.3737
vn 0.0010 0.9275 -0.3739
vn -0.0030 0.9296 -0.3685
vn -0.0035 0.9314 -0.3639
vn -0.0039 0.9332 -0.3594
vn -0.0039 0.9350 -0.3546
vn -0.0125 0.9318 -0.3627
vn -0.0159 0.9336 -0.3580
vn -0.0161 0.9357 -0.3525
vn -0.0162 0.9383 -0.3455
vn -0.0375 0.9193 -0.3919
vn -0.0426 0.9193 -0.3913
vn -0.0426 0.9193 -0.3912
vn -0.0426 0.9194 -0.3910
vn -0.0427 0.9195 -0.3907
vn -0.0427 0.9200 -0.3897
vn -0.0427 0.9193 -0.3911
vn -0.0427 0.9194 -0.3910
vn -0.0428 0.9193 -0.3913
vn -0.0429 0.9192 -0.3915
vn -0.0428 0.9192 -0.3915
vn 0.0424 0.9783 -0.2027
vn 0.0543 0.9194 -0.3896
vn 0.0531 0.9195 -0.3895
vn 0.0421 0.9774 -0.2072
vn 0.0446 0.9221 -0.3844
vn 0.0445 0.9217 -0.3853
vn 0.0455 0.9193 -0.3910
vn 0.0456 0.9200 -0.3892
vn 0.1385 0.9085 -0.3942
vn 0.1248 0.9601 -0.2502
vn 0.1162 0.9638 -0.2398
vn 0.1102 0.9529 -0.2827
vn 0.1058 0.9440 -0.3126
vn 0.0709 0.9261 -0.3705
vn 0.0471 0.9210 -0.3866
vn 0.0430 0.9218 -0.3853
vn 0.0430 0.9218 -0.3852
vn 0.0431 0.9218 -0.3851
vn 0.0564 0.9220 -0.3831
vn 0.0966 0.8823 -0.4607
vn 0.0960 0.8678 -0.4875
vn 0.0946 0.8415 -0.5319
vn 0.0902 0.7853 -0.6126
vn -0.0247 -0.1388 -0.9900
vn 0.0939 0.8041 -0.5870
vn 0.0972 0.8564 -0.5072
vn 0.0973 0.8753 -0.4737
vn 0.0972 0.8857 -0.4539
vn 0.1297 0.9103 -0.3930
vn 0.1385 0.9086 -0.3941
vn 0.1386 0.9086 -0.3941
vn 0.1365 0.9114 -0.3882
vn 0.1309 0.9148 -0.3821
vn 0.1218 0.9152 -0.3841
vn 0.1153 0.9169 -0.3820
vn 0.1171 0.9169 -0.3814
vn 0.1207 0.9114 -0.3935
vn 0.1062 0.9238 -0.3678
vn 0.1109 0.9217 -0.3716
vn 0.1192 0.9140 -0.3879
vn 0.1371 0.8860 -0.4430
vn 0.0959 0.9935 0.0622
vn 0.0826 0.9916 -0.0993
vn 0.0431 0.9219 -0.3850
vn 0.0431 0.9219 -0.3851
vn 0.0430 0.9219 -0.3851
vn 0.0430 0.9218 -0.3854
vn 0.0229 0.8105 -0.5852
vn 0.0545 0.7980 -0.6002
vn 0.0392 0.6494 -0.7594
vn -0.0811 -0.5040 -0.8599
vn -0.1101 -0.9288 -0.3539
vn -0.1512 -0.7048 0.6931
vn 0.1033 0.9676 -0.2306
vn 0.1136 0.9341 -0.3383
vn 0.1153 0.9169 -0.3821
vn 0.1172 0.9154 -0.3850
vn 0.1229 0.9104 -0.3950
vn 0.1288 0.9100 -0.3940
vn 0.1362 0.9092 -0.3934
vn 0.1385 0.9086 -0.3940
vn 0.1385 0.9087 -0.3939
vn 0.0979 0.9942 0.0440
vn 0.1181 0.9123 -0.3922
vn 0.1186 0.9115 -0.3939
vn 0.1216 0.9148 -0.3852
vn 0.1652 0.9075 -0.3861
vn 0.1610 0.9083 -0.3860
vn 0.1168 0.9163 -0.3832
vn 0.1224 0.9404 -0.3171
vn 0.1366 0.9130 -0.3845
vn 0.1267 0.7653 -0.6311
vn 0.1381 0.9010 -0.4113
vn -0.1456 -0.9144 0.3778
vn 0.0735 0.3499 -0.9339
vn -0.1456 -0.9102 0.3876
vn -0.1583 -0.9072 0.3898
vn -0.1835 -0.8982 0.3996
vn 0.1447 0.9132 -0.3810
vn 0.1443 0.9144 -0.3783
vn 0.1237 0.9431 -0.3087
vn 0.1386 0.9094 -0.3921
vn 0.1374 0.9119 -0.3868
vn 0.1172 0.9599 -0.2548
vn 0.1036 0.9564 -0.2729
vn 0.0524 0.9281 -0.3686
vn 0.0431 0.9218 -0.3853
vn 0.0431 0.9217 -0.3854
vn 0.0429 0.9218 -0.3852
vn 0.0429 0.9219 -0.3852
vn 0.0429 0.9219 -0.3851
vn 0.0429 0.9220 -0.3849
vn 0.0430 0.9219 -0.3849
vn 0.0432 0.9219 -0.3851
vn 0.0430 0.9226 -0.3834
vn -0.1020 -0.9790 -0.1768
vn 0.0387 0.9092 -0.4147
vn -0.1389 -0.9100 0.3908
vn -0.1016 -0.9806 -0.1675
vn -0.1391 -0.9070 0.3974
vn -0.1324 -0.9112 0.3901
vn -0.1340 -0.9105 0.3911
vn -0.1215 -0.9151 0.3845
vn -0.1218 -0.9150 0.3847
vn -0.1154 -0.9169 0.3820
vn -0.1154 -0.9169 0.3821
vn -0.1162 -0.9160 0.3839
vn -0.1262 -0.9061 0.4038
vn -0.1259 -0.9048 0.4068
vn 0.1392 0.9074 -0.3966
vn 0.1390 0.9074 -0.3967
vn 0.1386 0.9094 -0.3922
vn -0.1151 -0.9471 0.2996
vn -0.0769 -0.8431 0.5322
vn -0.0743 -0.8454 0.5290
vn -0.0434 -0.9211 0.3869
vn -0.0429 -0.9220 0.3848
vn -0.0430 -0.9220 0.3848
vn -0.0430 -0.9219 0.3849
vn -0.0430 -0.9219 0.3850
vn -0.0431 -0.9219 0.3851
vn -0.0431 -0.9218 0.3852
vn -0.0921 -0.9461 0.3105
vn -0.0551 -0.9285 0.3672
vn -0.1017 -0.8947 0.4348
vn -0.1046 -0.9497 0.2953
vn -0.1355 -0.9073 0.3982
vn -0.1031 -0.8927 0.4386
vn -0.1382 -0.9089 0.3935
vn -0.1384 -0.9084 0.3944
vn 0.1385 0.9085 -0.3944
vn -0.1381 -0.9089 0.3934
vn 0.1385 0.9085 -0.3943
vn 0.1254 0.9134 -0.3873
vn 0.1191 0.9156 -0.3840
vn 0.1355 0.9097 -0.3926
vn 0.1331 0.9106 -0.3914
vn 0.1386 0.9085 -0.3942
vn 0.1386 0.9085 -0.3941
vn 0.1384 0.9086 -0.3940
vn 0.1385 0.9079 -0.3957
vn 0.1393 0.9060 -0.3996
vn -0.1161 -0.9494 0.2919
vn 0.0494 0.9200 -0.3888
vn -0.0507 -0.9099 0.4117
vn 0.0526 0.9205 -0.3872
vn 0.0494 0.9196 -0.3897
vn -0.0494 -0.9203 0.3880
vn 0.0590 0.9215 -0.3839
vn -0.0453 -0.9212 0.3864
vn -0.0488 -0.9205 0.3877
vn -0.0428 -0.9218 0.3854
vn -0.0428 -0.9217 0.3854
vn -0.0428 -0.9187 0.3926
vn 0.0440 0.9746 -0.2195
vn 0.0472 0.9427 -0.3302
vn 0.0540 0.9191 -0.3902
vn -0.0459 -0.9101 0.4117
vn 0.0542 0.9187 -0.3912
vn 0.0430 -0.9192 0.3914
vn 0.0428 -0.9192 0.3913
vn 0.0427 -0.9183 0.3936
vn 0.0427 -0.9182 0.3937
vn -0.0426 0.9195 -0.3908
vn -0.0426 0.9194 -0.3909
vn -0.0425 0.9193 -0.3911
vn -0.0425 0.9193 -0.3912
vn -0.0425 0.9193 -0.3913
vn -0.0804 0.8670 -0.4919
vn -0.3087 -0.5277 -0.7914
vn -0.0838 -0.9526 0.2925
vn -0.2400 -0.8898 -0.3882
vn -0.0541 -0.9187 0.3912
vn -0.0541 -0.9187 0.3913
vn -0.0538 -0.9082 0.4151
vn -0.0251 -0.2607 0.9651
vn 0.0420 -0.9046 0.4241
vn 0.0151 -0.2631 0.9646
vn 0.0425 -0.9192 0.3915
vn 0.0425 -0.9192 0.3914
vn 0.0425 -0.9193 0.3914
vn 0.0425 -0.9193 0.3913
vn 0.0426 -0.9193 0.3914
vn 0.0426 -0.9193 0.3911
vn 0.0426 -0.9195 0.3907
vn 0.0426 -0.9196 0.3905
vn 0.0426 -0.9196 0.3906
vn -0.0428 0.9186 -0.3928
vn -0.0428 0.9187 -0.3927
vn -0.0427 0.9190 -0.3919
vn -0.0427 0.9191 -0.3918
vn -0.0427 0.9193 -0.3913
vn -0.0428 0.9193 -0.3912
vn -0.0427 0.9192 -0.3914
vn 0.0434 -0.9091 0.4144
vn 0.0429 -0.9191 0.3916
vn 0.0430 -0.9159 0.3992
vn -0.0548 0.9206 -0.3867
vn -0.0547 0.9203 -0.3873
vn -0.0548 0.9203 -0.3873
vn -0.0547 0.9204 -0.3872
vn -0.0545 0.9225 -0.3821
vn -0.0545 0.9226 -0.3819
vn 0.0547 -0.9205 0.3869
vn 0.0546 -0.9209 0.3859
vn 0.0546 -0.9206 0.3868
vn 0.0536 -0.9208 0.3865
vn 0.0523 -0.9209 0.3863
vn 0.0511 -0.9206 0.3871
vn 0.0509 -0.9204 0.3877
vn 0.0514 -0.9200 0.3886
vn 0.0513 -0.9200 0.3886
vn 0.0534 -0.9202 0.3878
vn 0.0533 -0.9202 0.3879
vn 0.0545 -0.9206 0.3866
vn 0.0545 -0.9207 0.3866
vn 0.0545 -0.9215 0.3846
vn 0.0545 -0.9215 0.3845
vn 0.0542 -0.9237 0.3793
vn 0.0542 -0.9238 0.3791
vn -0.0548 0.9199 -0.3883
vn -0.0547 0.9199 -0.3882
vn -0.0545 0.9209 -0.3860
vn -0.0545 0.9209 -0.3861
vn -0.0545 0.9208 -0.3863
vn 0.0544 -0.9207 0.3865
vn 0.0545 -0.9207 0.3865
vn 0.0544 -0.9209 0.3860
vn 0.0545 -0.9208 0.3861
vn 0.0544 -0.9209 0.3859
vn 0.0547 -0.9203 0.3875
vn 0.0545 -0.9208 0.3862
vn -0.0545 0.9214 -0.3848
vn 0.0547 -0.9202 0.3876
vn -0.0545 0.9213 -0.3849
vn -0.0545 0.9207 -0.3865
vn -0.0534 0.9205 -0.3872
vn -0.0506 0.9199 -0.3889
vn -0.0473 0.9195 -0.3902
vn -0.0450 0.9193 -0.3909
vn -0.0429 0.9191 -0.3916
vn -0.0428 0.9191 -0.3916
vn -0.0430 0.9192 -0.3916
vn -0.0430 0.9191 -0.3916
vn -0.0430 0.9192 -0.3915
vn -0.0430 0.9191 -0.3915
vn -0.0431 0.9191 -0.3916
vn -0.0430 0.9191 -0.3918
vn -0.0499 0.9129 -0.4052
vn -0.0431 0.9191 -0.3917
vn -0.0545 0.9203 -0.3873
vn -0.0506 0.9127 -0.4055
vn -0.0547 0.9200 -0.3881
vn -0.0543 0.9215 -0.3845
vn 0.0550 -0.9195 0.3893
vn -0.0543 0.9216 -0.3844
vn 0.0545 -0.9209 0.3859
vn 0.0550 -0.9195 0.3892
vn 0.0545 -0.9210 0.3858
vn 0.0548 -0.9205 0.3870
vn 0.0547 -0.9205 0.3868
vn -0.0549 0.9206 -0.3866
vn -0.1053 0.9605 -0.2576
vn -0.0946 0.9189 -0.3829
vn 0.1366 -0.9107 0.3899
vn -0.0932 0.9150 -0.3924
vn 0.1154 -0.9129 0.3916
vn 0.1154 -0.9106 0.3967
vn -0.1018 0.9946 0.0224
vn -0.1153 0.9132 -0.3910
vn -0.1153 0.9125 -0.3925
vn -0.1153 0.9125 -0.3924
vn -0.1154 0.9126 -0.3924
vn 0.1153 -0.9128 0.3918
vn 0.1154 -0.9131 0.3911
vn 0.1154 -0.9131 0.3910
vn -0.1153 0.9132 -0.3908
vn -0.1155 0.9124 -0.3927
vn -0.1156 0.9124 -0.3927
vn -0.1153 0.9118 -0.3941
vn 0.1156 -0.9127 0.3920
vn -0.1152 0.9118 -0.3942
vn 0.1198 -0.9137 0.3884
vn 0.1161 -0.9126 0.3920
vn 0.1271 -0.9121 0.3897
vn 0.1209 -0.9136 0.3882
vn 0.1343 -0.9103 0.3917
vn 0.1282 -0.9119 0.3900
vn 0.1384 -0.9116 0.3872
vn 0.1357 -0.9104 0.3909
vn 0.1390 -0.9119 0.3863
vn 0.1391 -0.9119 0.3863
vn -0.1391 0.9118 -0.3862
vn -0.1391 0.9118 -0.3865
vn 0.1391 -0.9120 0.3860
vn 0.1495 -0.9113 0.3837
vn 0.1403 -0.9118 0.3860
vn 0.1601 -0.9074 0.3886
vn 0.1522 -0.9105 0.3846
vn 0.1691 -0.9004 0.4008
vn 0.1618 -0.9062 0.3906
vn 0.1807 -0.9003 0.3961
vn 0.1742 -0.8991 0.4017
vn 0.1837 -0.9007 0.3936
vn 0.1836 -0.9008 0.3936
vn 0.1837 -0.9008 0.3936
vn 0.1747 -0.9034 0.3917
vn 0.1738 -0.9036 0.3915
vn 0.1645 -0.9062 0.3896
vn 0.1473 -0.9099 0.3879
vn 0.1388 -0.9112 0.3878
vn -0.1391 0.9121 -0.3857
vn 0.1391 -0.9128 0.3839
vn 0.1391 -0.9128 0.3841
vn 0.1391 -0.9118 0.3864
vn 0.1391 -0.9118 0.3862
vn 0.1390 -0.9116 0.3868
vn 0.1389 -0.9111 0.3881
vn -0.1377 0.9113 -0.3879
vn -0.1366 0.9109 -0.3895
vn -0.1338 0.9106 -0.3910
vn -0.1309 0.9110 -0.3910
vn -0.1289 0.9117 -0.3901
vn -0.1244 0.9139 -0.3864
vn -0.1212 0.9144 -0.3864
vn -0.1173 0.9131 -0.3905
vn -0.1155 0.9126 -0.3922
vn -0.1156 0.9126 -0.3922
vn -0.1157 0.9123 -0.3927
vn -0.1157 0.9123 -0.3928
vn -0.1149 0.9137 -0.3899
vn -0.1149 0.9137 -0.3897
vn 0.1157 -0.9121 0.3934
vn 0.1156 -0.9121 0.3933
vn 0.1156 -0.9124 0.3928
vn 0.1156 -0.9124 0.3927
vn 0.1156 -0.9126 0.3921
vn 0.1156 -0.9126 0.3923
vn 0.1155 -0.9126 0.3922
vn -0.1155 0.9118 -0.3942
vn -0.1155 0.9123 -0.3929
vn 0.1156 -0.9129 0.3915
vn 0.1155 -0.9127 0.3921
vn 0.9124 0.1163 0.3926
vn 0.9146 0.1220 0.3856
vn 0.9146 0.1214 0.3856
vn 0.9147 0.1208 0.3858
vn 0.9146 0.1200 0.3861
vn 0.9145 0.1189 0.3868
vn 0.9140 0.1176 0.3882
vn 0.9126 0.1156 0.3922
vn 0.9126 0.1157 0.3922
vn 0.9125 0.1156 0.3923
vn 0.9125 0.1156 0.3924
vn 0.9127 0.1156 0.3919
vn 0.9131 0.1160 0.3910
vn 0.9125 0.1155 0.3925
vn 0.9255 0.1162 0.3604
vn 0.9263 0.1175 0.3580
vn 0.9240 0.1188 0.3635
vn 0.9219 0.1198 0.3685
vn 0.9204 0.1206 0.3720
vn 0.9192 0.1213 0.3747
vn 0.9163 0.1254 0.3804
vn 0.9632 0.1331 0.2337
vn 0.9115 0.1406 0.3865
vn 0.9133 0.1449 0.3805
vn 0.9136 0.1447 0.3800
vn 0.9136 0.1439 0.3802
vn 0.9133 0.1427 0.3813
vn 0.9137 0.1421 0.3807
vn 0.9118 0.1391 0.3863
vn 0.9119 0.1391 0.3862
vn 0.9117 0.1391 0.3865
vn 0.9118 0.1389 0.3865
vn 0.9119 0.1391 0.3861
vn 0.9432 0.1397 0.3013
vn 0.9231 0.1436 0.3567
vn 0.9187 0.1443 0.3677
vn 0.9143 0.1472 0.3773
vn 0.9111 0.1509 0.3835
vn 0.9088 0.1537 0.3879
vn 0.9074 0.1551 0.3906
vn 0.9066 0.1546 0.3927
vn 0.9072 0.1535 0.3916
vn 0.9111 0.1423 0.3869
vn 0.9093 0.1519 0.3875
vn 0.9089 0.1543 0.3874
vn 0.9082 0.1551 0.3888
vn 0.9072 0.1552 0.3910
vn 0.9061 0.1552 0.3934
vn 0.9054 0.1543 0.3954
vn 0.9039 0.1537 0.3991
vn 0.9016 0.1539 0.4043
vn 0.9014 0.1511 0.4057
vn 0.8973 0.1502 0.4151
vn 0.8870 0.1501 0.4367
vn 0.8120 0.1487 0.5644
vn 0.8844 0.1420 0.4446
vn 0.9121 0.1391 0.3855
vn 0.9118 0.1389 0.3863
vn 0.9120 0.1384 0.3861
vn 0.9089 0.1349 0.3946
vn 0.9099 0.1356 0.3921
vn 0.9101 0.1358 0.3915
vn 0.9107 0.1367 0.3897
vn 0.9113 0.1379 0.3880
vn 0.9119 0.1390 0.3863
vn 0.9119 0.1390 0.3861
vn 0.9119 0.1392 0.3862
vn 0.9118 0.1395 0.3863
vn 0.9119 0.1390 0.3862
vn 0.9084 0.1382 0.3946
vn 0.9043 0.1373 0.4042
vn 0.9022 0.1366 0.4091
vn 0.8999 0.1353 0.4146
vn 0.8987 0.1321 0.4182
vn 0.8919 0.1316 0.4327
vn 0.8708 0.1330 0.4733
vn 0.1810 0.1143 0.9768
vn -0.5045 -0.0405 0.8625
vn 0.8649 0.1222 0.4868
vn 0.9124 0.1155 0.3926
vn 0.9125 0.1155 0.3923
vn 0.9125 0.1156 0.3925
vn 0.9125 0.1155 0.3924
vn 0.9126 0.1155 0.3923
vn 0.9126 0.1152 0.3923
vn 0.9126 0.1154 0.3923
vn 0.9123 0.1153 0.3929
vn 0.9125 0.1154 0.3924
vn 0.9125 0.1154 0.3925
vn 0.9125 0.1153 0.3924
vn 0.9126 0.1155 0.3922
vn 0.9127 0.1156 0.3920
vn 0.9126 0.1154 0.3922
vn 0.9124 0.1153 0.3927
vn 0.9125 0.1154 0.3926
vn 0.9124 0.1153 0.3926
vn 0.9128 0.1150 0.3920
vn 0.9138 0.1048 0.3923
vn 0.9139 0.1154 0.3892
vn 0.9139 0.1133 0.3898
vn 0.9138 0.1033 0.3928
vn 0.9206 0.0547 0.3866
vn 0.9206 0.0547 0.3867
vn 0.9206 0.0546 0.3867
vn 0.9177 0.0524 0.3937
vn 0.8007 0.1051 0.5898
vn 0.8952 0.0635 0.4412
vn 0.8674 0.0650 0.4934
vn 0.8978 0.0557 0.4368
vn 0.8848 0.0501 0.4632
vn 0.8657 0.0366 0.4992
vn 0.9027 0.0435 0.4280
vn 0.9101 0.0446 0.4119
vn 0.9137 0.0450 0.4040
vn 0.9156 0.0446 0.3996
vn 0.9163 0.0432 0.3983
vn 0.9172 0.0435 0.3961
vn 0.9172 0.0433 0.3961
vn 0.9198 0.0432 0.3899
vn 0.9206 0.0439 0.3880
vn 0.9213 0.0447 0.3863
vn 0.9218 0.0469 0.3849
vn 0.9232 0.0484 0.3814
vn 0.9219 0.0516 0.3840
vn 0.9207 0.0540 0.3866
vn 0.9207 0.0546 0.3864
vn 0.9207 0.0546 0.3865
vn 0.9207 0.0547 0.3865
vn 0.9207 0.0547 0.3864
vn 0.9209 0.0546 0.3860
vn 0.9205 0.0544 0.3868
vn 0.9206 0.0546 0.3866
vn 0.9206 0.0545 0.3867
vn 0.9207 0.0545 0.3865
vn 0.9207 0.0545 0.3864
vn 0.9207 0.0545 0.3863
vn 0.9208 0.0545 0.3863
vn 0.9208 0.0546 0.3863
vn 0.9208 0.0547 0.3863
vn 0.9208 0.0547 0.3862
vn 0.9207 0.0547 0.3863
vn 0.9188 0.0535 0.3911
vn 0.9178 0.0518 0.3936
vn 0.9189 0.0483 0.3914
vn 0.9193 0.0449 0.3909
vn 0.9192 0.0433 0.3914
vn 0.9190 0.0435 0.3918
vn 0.9191 0.0454 0.3914
vn 0.9200 0.0477 0.3890
vn 0.9205 0.0483 0.3877
vn 0.9212 0.0495 0.3860
vn 0.9233 0.0514 0.3807
vn 0.9248 0.0514 0.3769
vn 0.9273 0.0517 0.3707
vn 0.9316 0.0521 0.3597
vn 0.9500 0.0527 0.3078
vn 0.9204 0.0548 0.3870
vn 0.9244 0.0530 0.3778
vn 0.9234 0.0530 0.3803
vn 0.9245 0.0520 0.3777
vn 0.9238 0.0519 0.3793
vn 0.9239 0.0515 0.3792
vn 0.9235 0.0515 0.3801
vn 0.9233 0.0514 0.3805
vn 0.9231 0.0514 0.3812
vn 0.9228 0.0514 0.3818
vn 0.9207 0.0532 0.3867
vn 0.9206 0.0548 0.3866
vn 0.9192 0.0428 0.3914
vn 0.9192 0.0427 0.3915
vn 0.9191 0.0427 0.3916
vn 0.9192 0.0427 0.3916
vn 0.8821 0.0276 0.4703
vn 0.9036 0.0108 0.4281
vn 0.9123 0.0004 0.4094
vn 0.9157 -0.0079 0.4017
vn 0.9182 -0.0118 0.3959
vn 0.9195 -0.0135 0.3928
vn 0.9199 -0.0137 0.3919
vn 0.9201 -0.0137 0.3916
vn 0.9205 -0.0136 0.3904
vn 0.9211 -0.0128 0.3892
vn 0.9221 -0.0117 0.3867
vn 0.9233 -0.0116 0.3840
vn 0.9238 -0.0088 0.3828
vn 0.9257 -0.0060 0.3782
vn 0.9275 -0.0057 0.3738
vn 0.9272 -0.0002 0.3745
vn 0.9293 0.0042 0.3693
vn 0.9311 0.0048 0.3648
vn 0.9328 0.0051 0.3604
vn 0.9345 0.0052 0.3559
vn 0.9309 0.0143 0.3649
vn 0.9326 0.0178 0.3604
vn 0.9345 0.0180 0.3555
vn 0.9370 0.0181 0.3490
vn 0.9192 0.0379 0.3919
vn 0.9193 0.0426 0.3913
vn 0.9193 0.0427 0.3912
vn 0.9194 0.0427 0.3911
vn 0.9194 0.0426 0.3910
vn 0.9194 0.0427 0.3909
vn 0.9193 0.0422 0.3913
vn 0.9200 0.0426 0.3896
vn 0.9195 0.0427 0.3907
vn 0.9195 0.0428 0.3908
vn 0.9193 0.0427 0.3913
vn 0.9193 0.0428 0.3913
vn 0.9193 0.0428 0.3912
vn 0.9192 0.0428 0.3913
vn 0.9192 0.0429 0.3914
vn 0.9192 0.0429 0.3915
vn 0.9192 0.0428 0.3915
vn 0.9880 -0.0418 0.1484
vn 0.9193 -0.0543 0.3897
vn 0.9195 -0.0531 0.3896
vn 0.9872 -0.0416 0.1538
vn 0.9221 -0.0447 0.3843
vn 0.9217 -0.0446 0.3853
vn 0.9193 -0.0456 0.3910
vn 0.9201 -0.0457 0.3891
vn 0.9086 -0.1385 0.3941
vn 0.9716 -0.1252 0.2007
vn 0.9642 -0.1152 0.2389
vn 0.9524 -0.1091 0.2845
vn 0.9437 -0.1048 0.3139
vn 0.9198 -0.0561 0.3883
vn 0.9218 -0.0430 0.3853
vn 0.9218 -0.0430 0.3852
vn 0.9220 -0.0553 0.3831
vn 0.8838 -0.0946 0.4581
vn 0.8703 -0.0939 0.4836
vn 0.8455 -0.0924 0.5259
vn 0.7916 -0.0881 0.6047
vn 0.0004 0.0034 1.0000
vn 0.7865 -0.0874 0.6114
vn 0.8508 -0.0932 0.5171
vn 0.8727 -0.0943 0.4792
vn 0.8842 -0.0947 0.4573
vn 0.9104 -0.1292 0.3930
vn 0.9086 -0.1386 0.3941
vn 0.9091 -0.1381 0.3929
vn 0.9126 -0.1351 0.3860
vn 0.9147 -0.1262 0.3839
vn 0.9164 -0.1173 0.3827
vn 0.9169 -0.1153 0.3820
vn 0.9169 -0.1153 0.3821
vn 0.9170 -0.1159 0.3818
vn 0.9153 -0.1203 0.3843
vn 0.9103 -0.1218 0.3956
vn 0.9245 -0.1051 0.3663
vn 0.9228 -0.1097 0.3693
vn 0.9161 -0.1191 0.3829
vn 0.8998 -0.1371 0.4143
vn 0.9085 -0.1385 0.3942
vn 0.7428 -0.0937 -0.6629
vn 0.9219 -0.0431 0.3850
vn 0.9219 -0.0431 0.3851
vn 0.9219 -0.0430 0.3851
vn 0.9218 -0.0430 0.3854
vn 0.9217 -0.0431 0.3854
vn 0.9217 -0.0430 0.3855
vn 0.8147 -0.0498 0.5778
vn 0.6292 -0.0338 0.7765
vn -0.4474 0.0725 0.8914
vn -0.8168 0.0995 0.5683
vn -0.6593 0.1512 -0.7365
vn 0.9565 -0.1117 0.2694
vn 0.9336 -0.1169 0.3387
vn 0.9306 -0.1099 0.3490
vn 0.9158 -0.1164 0.3844
vn 0.9124 -0.1218 0.3908
vn 0.9093 -0.1281 0.3959
vn 0.9099 -0.1333 0.3928
vn 0.9087 -0.1381 0.3940
vn 0.9086 -0.1385 0.3940
vn 0.9086 -0.1385 0.3939
vn 0.9088 -0.1385 0.3937
vn 0.9915 -0.0939 -0.0901
vn 0.9116 -0.1193 0.3933
vn 0.9108 -0.1198 0.3950
vn 0.9150 -0.1213 0.3848
vn 0.9080 -0.1652 0.3850
vn 0.9089 -0.1608 0.3849
vn 0.9164 -0.1166 0.3829
vn -0.9123 -0.1165 -0.3926
vn -0.9151 -0.1236 -0.3839
vn -0.9152 -0.1232 -0.3836
vn -0.9154 -0.1228 -0.3834
vn -0.9156 -0.1222 -0.3832
vn -0.9157 -0.1214 -0.3832
vn -0.9156 -0.1204 -0.3837
vn -0.9153 -0.1190 -0.3848
vn -0.9143 -0.1173 -0.3876
vn -0.9126 -0.1156 -0.3921
vn -0.9127 -0.1158 -0.3920
vn -0.9124 -0.1155 -0.3927
vn -0.9125 -0.1156 -0.3924
vn -0.9124 -0.1157 -0.3927
vn -0.9126 -0.1156 -0.3922
vn -0.9226 -0.1163 -0.3678
vn -0.9326 -0.1168 -0.3415
vn -0.9286 -0.1187 -0.3517
vn -0.9250 -0.1202 -0.3605
vn -0.9226 -0.1212 -0.3662
vn -0.9208 -0.1220 -0.3704
vn -0.9195 -0.1227 -0.3735
vn -0.9184 -0.1232 -0.3759
vn -0.9153 -0.1278 -0.3820
vn -0.9512 -0.1351 -0.2775
vn -0.9112 -0.1417 -0.3868
vn -0.9144 -0.1492 -0.3763
vn -0.9148 -0.1491 -0.3754
vn -0.9152 -0.1489 -0.3744
vn -0.9155 -0.1484 -0.3739
vn -0.9163 -0.1482 -0.3720
vn -0.9166 -0.1468 -0.3719
vn -0.9160 -0.1446 -0.3743
vn -0.9176 -0.1443 -0.3704
vn -0.9118 -0.1390 -0.3864
vn -0.9119 -0.1392 -0.3862
vn -0.9121 -0.1391 -0.3857
vn -0.9118 -0.1391 -0.3863
vn -0.7966 -0.0795 0.5992
vn -0.9316 -0.1474 -0.3323
vn -0.9250 -0.1480 -0.3501
vn -0.9200 -0.1487 -0.3625
vn -0.9167 -0.1490 -0.3707
vn -0.9121 -0.1527 -0.3804
vn -0.9087 -0.1579 -0.3864
vn -0.9065 -0.1619 -0.3899
vn -0.9054 -0.1639 -0.3917
vn -0.9048 -0.1639 -0.3930
vn -0.9052 -0.1629 -0.3926
vn -0.9104 -0.1447 -0.3875
vn -0.9119 -0.1391 -0.3862
vn -0.9074 -0.1604 -0.3884
vn -0.9071 -0.1637 -0.3877
vn -0.9060 -0.1643 -0.3902
vn -0.9046 -0.1641 -0.3934
vn -0.9030 -0.1639 -0.3972
vn -0.9018 -0.1625 -0.4004
vn -0.8995 -0.1616 -0.4060
vn -0.8960 -0.1617 -0.4137
vn -0.8950 -0.1579 -0.4171
vn -0.8886 -0.1565 -0.4313
vn -0.8725 -0.1557 -0.4630
vn -0.7710 -0.1508 -0.6187
vn -0.8648 -0.1435 -0.4812
vn -0.9122 -0.1388 -0.3855
vn -0.9116 -0.1388 -0.3869
vn -0.9120 -0.1388 -0.3861
vn -0.9103 -0.1370 -0.3906
vn -0.9111 -0.1378 -0.3884
vn -0.9111 -0.1380 -0.3883
vn -0.9119 -0.1390 -0.3862
vn -0.9119 -0.1390 -0.3861
vn -0.9118 -0.1394 -0.3863
vn -0.9118 -0.1395 -0.3863
vn -0.9057 -0.1387 -0.4006
vn -0.8987 -0.1374 -0.4165
vn -0.8956 -0.1351 -0.4238
vn -0.8869 -0.1351 -0.4418
vn -0.8595 -0.1369 -0.4924
vn 0.0927 -0.0952 -0.9911
vn 0.7377 0.0729 -0.6712
vn -0.8485 -0.1239 -0.5145
vn -0.9124 -0.1155 -0.3926
vn -0.9125 -0.1155 -0.3923
vn -0.9125 -0.1156 -0.3923
vn -0.9125 -0.1155 -0.3924
vn -0.9126 -0.1153 -0.3923
vn -0.9126 -0.1155 -0.3923
vn -0.9126 -0.1154 -0.3923
vn -0.9125 -0.1154 -0.3926
vn -0.9124 -0.1154 -0.3927
vn -0.9125 -0.1154 -0.3925
vn -0.9125 -0.1154 -0.3924
vn -0.9123 -0.1152 -0.3930
vn -0.9126 -0.1152 -0.3924
vn -0.9126 -0.1154 -0.3922
vn -0.9125 -0.1154 -0.3923
vn -0.9124 -0.1153 -0.3926
vn -0.9127 -0.1156 -0.3918
vn -0.9130 -0.1156 -0.3913
vn -0.9206 -0.0547 -0.3866
vn -0.9206 -0.0547 -0.3867
vn -0.9180 -0.0526 -0.3931
vn -0.8218 -0.0969 -0.5615
vn -0.8976 -0.0626 -0.4364
vn -0.8740 -0.0639 -0.4816
vn -0.9002 -0.0554 -0.4320
vn -0.8892 -0.0505 -0.4546
vn -0.8747 -0.0395 -0.4831
vn -0.9047 -0.0446 -0.4237
vn -0.9112 -0.0455 -0.4094
vn -0.9142 -0.0458 -0.4027
vn -0.9160 -0.0454 -0.3987
vn -0.9166 -0.0442 -0.3973
vn -0.9179 -0.0444 -0.3943
vn -0.9189 -0.0443 -0.3921
vn -0.9197 -0.0443 -0.3902
vn -0.9203 -0.0448 -0.3886
vn -0.9212 -0.0455 -0.3863
vn -0.9216 -0.0477 -0.3851
vn -0.9229 -0.0491 -0.3819
vn -0.9216 -0.0521 -0.3847
vn -0.9207 -0.0542 -0.3866
vn -0.9207 -0.0546 -0.3865
vn -0.9207 -0.0546 -0.3864
vn -0.9207 -0.0547 -0.3865
vn -0.9207 -0.0547 -0.3864
vn -0.9203 -0.0541 -0.3874
vn -0.9208 -0.0548 -0.3861
vn -0.9206 -0.0546 -0.3866
vn -0.9206 -0.0545 -0.3866
vn -0.9207 -0.0545 -0.3864
vn -0.9208 -0.0545 -0.3863
vn -0.9208 -0.0545 -0.3862
vn -0.9209 -0.0546 -0.3861
vn -0.9208 -0.0546 -0.3862
vn -0.9208 -0.0546 -0.3863
vn -0.9207 -0.0547 -0.3863
vn -0.9206 -0.0546 -0.3865
vn -0.9193 -0.0538 -0.3900
vn -0.9179 -0.0523 -0.3934
vn -0.9188 -0.0490 -0.3917
vn -0.9193 -0.0458 -0.3909
vn -0.9192 -0.0444 -0.3913
vn -0.9191 -0.0446 -0.3914
vn -0.9192 -0.0461 -0.3911
vn -0.9201 -0.0482 -0.3888
vn -0.9206 -0.0488 -0.3874
vn -0.9213 -0.0499 -0.3856
vn -0.9234 -0.0516 -0.3803
vn -0.9250 -0.0517 -0.3764
vn -0.9276 -0.0520 -0.3700
vn -0.9319 -0.0524 -0.3589
vn -0.9474 -0.0527 -0.3157
vn -0.9204 -0.0546 -0.3871
vn -0.9205 -0.0547 -0.3870
vn -0.9229 -0.0537 -0.3814
vn -0.9223 -0.0536 -0.3827
vn -0.9239 -0.0524 -0.3790
vn -0.9233 -0.0523 -0.3804
vn -0.9235 -0.0519 -0.3800
vn -0.9232 -0.0518 -0.3809
vn -0.9231 -0.0516 -0.3812
vn -0.9229 -0.0516 -0.3817
vn -0.9227 -0.0516 -0.3821
vn -0.9207 -0.0533 -0.3867
vn -0.9192 -0.0429 -0.3914
vn -0.9192 -0.0428 -0.3914
vn -0.9192 -0.0427 -0.3915
vn -0.9192 -0.0427 -0.3916
vn -0.9191 -0.0427 -0.3916
vn -0.9193 -0.0428 -0.3913
vn -0.9191 -0.0426 -0.3916
vn -0.8782 -0.0262 -0.4776
vn -0.9040 -0.0090 -0.4275
vn -0.9124 0.0006 -0.4093
vn -0.9157 0.0082 -0.4018
vn -0.9182 0.0118 -0.3960
vn -0.9195 0.0133 -0.3928
vn -0.9199 0.0135 -0.3919
vn -0.9201 0.0135 -0.3915
vn -0.9205 0.0134 -0.3904
vn -0.9210 0.0127 -0.3893
vn -0.9221 0.0117 -0.3867
vn -0.9233 0.0116 -0.3839
vn -0.9239 0.0090 -0.3826
vn -0.9258 0.0064 -0.3780
vn -0.9275 0.0061 -0.3737
vn -0.9275 0.0010 -0.3739
vn -0.9296 -0.0030 -0.3685
vn -0.9314 -0.0036 -0.3639
vn -0.9332 -0.0039 -0.3594
vn -0.9350 -0.0039 -0.3547
vn -0.9318 -0.0125 -0.3628
vn -0.9336 -0.0159 -0.3579
vn -0.9356 -0.0161 -0.3526
vn -0.9382 -0.0161 -0.3456
vn -0.9192 -0.0375 -0.3919
vn -0.9193 -0.0426 -0.3912
vn -0.9193 -0.0426 -0.3913
vn -0.9194 -0.0427 -0.3910
vn -0.9194 -0.0426 -0.3909
vn -0.9199 -0.0426 -0.3899
vn -0.9200 -0.0427 -0.3896
vn -0.9196 -0.0427 -0.3906
vn -0.9193 -0.0427 -0.3913
vn -0.9194 -0.0428 -0.3909
vn -0.9193 -0.0428 -0.3912
vn -0.9192 -0.0428 -0.3915
vn -0.9192 -0.0429 -0.3915
vn -0.9783 0.0424 -0.2027
vn -0.9194 0.0543 -0.3896
vn -0.9195 0.0531 -0.3895
vn -0.9774 0.0420 -0.2071
vn -0.9221 0.0446 -0.3844
vn -0.9217 0.0445 -0.3853
vn -0.9193 0.0455 -0.3910
vn -0.9200 0.0456 -0.3892
vn -0.9085 0.1385 -0.3942
vn -0.9601 0.1248 -0.2502
vn -0.9638 0.1162 -0.2398
vn -0.9528 0.1102 -0.2827
vn -0.9440 0.1058 -0.3126
vn -0.9261 0.0709 -0.3705
vn -0.9210 0.0471 -0.3866
vn -0.9218 0.0430 -0.3853
vn -0.9218 0.0430 -0.3852
vn -0.9218 0.0431 -0.3852
vn -0.9220 0.0564 -0.3831
vn -0.8823 0.0966 -0.4607
vn -0.8679 0.0960 -0.4874
vn -0.8415 0.0946 -0.5319
vn -0.7853 0.0902 -0.6125
vn 0.1380 -0.0246 -0.9901
vn -0.8042 0.0939 -0.5869
vn -0.8563 0.0972 -0.5072
vn -0.8753 0.0973 -0.4737
vn -0.8857 0.0972 -0.4539
vn -0.9103 0.1297 -0.3930
vn -0.9086 0.1385 -0.3941
vn -0.9086 0.1386 -0.3941
vn -0.9114 0.1365 -0.3882
vn -0.9148 0.1309 -0.3821
vn -0.9152 0.1218 -0.3841
vn -0.9169 0.1153 -0.3820
vn -0.9169 0.1171 -0.3815
vn -0.9114 0.1207 -0.3935
vn -0.9238 0.1062 -0.3678
vn -0.9217 0.1109 -0.3716
vn -0.9140 0.1192 -0.3879
vn -0.8860 0.1371 -0.4430
vn -0.9935 0.0959 0.0620
vn -0.9916 0.0826 -0.0992
vn -0.9219 0.0431 -0.3850
vn -0.9219 0.0431 -0.3851
vn -0.9219 0.0430 -0.3851
vn -0.9219 0.0430 -0.3852
vn -0.9218 0.0430 -0.3854
vn -0.8105 0.0229 -0.5853
vn -0.7980 0.0545 -0.6002
vn -0.6494 0.0392 -0.7594
vn 0.5041 -0.0811 -0.8598
vn 0.9288 -0.1102 -0.3539
vn 0.7049 -0.1512 0.6930
vn -0.9675 0.1033 -0.2306
vn -0.9342 0.1136 -0.3383
vn -0.9169 0.1153 -0.3821
vn -0.9154 0.1172 -0.3850
vn -0.9104 0.1229 -0.3950
vn -0.9100 0.1288 -0.3940
vn -0.9092 0.1362 -0.3934
vn -0.9086 0.1385 -0.3940
vn -0.9086 0.1385 -0.3939
vn -0.9087 0.1385 -0.3938
vn -0.9942 0.0979 0.0439
vn -0.9123 0.1182 -0.3922
vn -0.9115 0.1186 -0.3939
vn -0.9148 0.1216 -0.3852
vn -0.9075 0.1652 -0.3861
vn -0.9083 0.1610 -0.3860
vn -0.9163 0.1168 -0.3832
vn -0.9404 0.1224 -0.3172
vn -0.9130 0.1366 -0.3845
vn -0.7652 0.1268 -0.6312
vn -0.9010 0.1381 -0.4113
vn 0.9144 -0.1456 0.3777
vn -0.3498 0.0737 -0.9339
vn 0.9102 -0.1456 0.3877
vn 0.9070 -0.1584 0.3902
vn 0.8975 -0.1837 0.4009
vn -0.9132 0.1447 -0.3810
vn -0.9144 0.1443 -0.3783
vn -0.9431 0.1237 -0.3087
vn -0.9083 0.1388 -0.3947
vn -0.9119 0.1374 -0.3867
vn -0.9598 0.1172 -0.2549
vn -0.9564 0.1036 -0.2729
vn -0.9281 0.0524 -0.3686
vn -0.9218 0.0431 -0.3853
vn -0.9218 0.0429 -0.3852
vn -0.9219 0.0429 -0.3851
vn -0.9219 0.0429 -0.3852
vn -0.9219 0.0429 -0.3850
vn -0.9220 0.0429 -0.3849
vn -0.9220 0.0428 -0.3849
vn -0.9219 0.0429 -0.3849
vn -0.9216 0.0434 -0.3858
vn -0.9218 0.0432 -0.3853
vn 0.9789 -0.1020 -0.1770
vn -0.9079 0.0392 -0.4174
vn 0.9119 -0.1383 0.3864
vn 0.9806 -0.1016 -0.1677
vn 0.9087 -0.1385 0.3939
vn 0.9090 -0.1385 0.3932
vn 0.9112 -0.1324 0.3901
vn 0.9105 -0.1340 0.3911
vn 0.9151 -0.1215 0.3845
vn 0.9150 -0.1218 0.3847
vn 0.9169 -0.1154 0.3820
vn 0.9169 -0.1154 0.3821
vn 0.9169 -0.1153 0.3822
vn 0.9160 -0.1162 0.3840
vn 0.9061 -0.1262 0.4039
vn 0.9047 -0.1261 0.4070
vn -0.9081 0.1389 -0.3950
vn -0.9081 0.1387 -0.3952
vn -0.9082 0.1388 -0.3948
vn 0.9471 -0.1151 0.2996
vn 0.8431 -0.0769 0.5323
vn 0.8454 -0.0743 0.5290
vn 0.9211 -0.0434 0.3869
vn 0.9220 -0.0430 0.3848
vn 0.9219 -0.0430 0.3850
vn 0.9219 -0.0429 0.3850
vn 0.9218 -0.0431 0.3852
vn 0.9218 -0.0431 0.3853
vn 0.9461 -0.0921 0.3105
vn 0.9285 -0.0552 0.3673
vn 0.8948 -0.1017 0.4347
vn 0.9496 -0.1047 0.2954
vn 0.9073 -0.1355 0.3980
vn 0.8928 -0.1031 0.4385
vn 0.9074 -0.1387 0.3968
vn 0.9085 -0.1384 0.3943
vn -0.9085 0.1385 -0.3943
vn 0.9073 -0.1387 0.3970
vn -0.9169 0.1153 -0.3822
vn -0.9085 0.1386 -0.3943
vn -0.9169 0.1152 -0.3820
vn -0.9134 0.1254 -0.3873
vn -0.9156 0.1191 -0.3840
vn -0.9097 0.1355 -0.3925
vn -0.9106 0.1331 -0.3913
vn -0.9085 0.1386 -0.3942
vn -0.9085 0.1386 -0.3941
vn -0.9086 0.1385 -0.3942
vn -0.9085 0.1384 -0.3942
vn -0.9082 0.1389 -0.3949
vn -0.9064 0.1397 -0.3987
vn 0.9494 -0.1161 0.2919
vn -0.9200 0.0493 -0.3889
vn 0.9101 -0.0524 0.4110
vn -0.9210 0.0515 -0.3860
vn -0.9196 0.0495 -0.3897
vn 0.9203 -0.0494 0.3880
vn -0.9232 0.0555 -0.3804
vn 0.9213 -0.0452 0.3863
vn 0.9205 -0.0488 0.3877
vn 0.9218 -0.0429 0.3853
vn 0.9218 -0.0428 0.3853
vn 0.9186 -0.0428 0.3928
vn -0.9756 0.0435 -0.2154
vn -0.9432 0.0470 -0.3288
vn -0.9191 0.0540 -0.3902
vn 0.9104 -0.0478 0.4110
vn -0.9187 0.0542 -0.3912
vn 0.9192 0.0430 0.3914
vn 0.9191 0.0427 0.3918
vn 0.9190 0.0427 0.3919
vn 0.9188 0.0429 0.3924
vn 0.9188 0.0429 0.3925
vn -0.9197 -0.0430 -0.3902
vn -0.9194 -0.0427 -0.3911
vn -0.9193 -0.0425 -0.3912
vn -0.9193 -0.0425 -0.3913
vn -0.8669 -0.0804 -0.4919
vn 0.5270 -0.3086 -0.7918
vn 0.9526 -0.0838 0.2925
vn 0.8895 -0.2400 -0.3888
vn 0.9187 -0.0541 0.3912
vn 0.9187 -0.0541 0.3913
vn 0.9082 -0.0538 0.4150
vn 0.2614 -0.0251 0.9649
vn 0.9046 0.0420 0.4241
vn 0.2638 0.0150 0.9645
vn 0.9192 0.0426 0.3915
vn 0.9192 0.0426 0.3914
vn 0.9192 0.0425 0.3914
vn 0.9192 0.0427 0.3914
vn 0.9193 0.0426 0.3914
vn 0.9193 0.0425 0.3913
vn 0.9193 0.0428 0.3911
vn 0.9194 0.0428 0.3911
vn 0.9197 0.0429 0.3903
vn 0.9192 0.0424 0.3915
vn -0.9198 -0.0433 -0.3900
vn -0.9194 -0.0427 -0.3909
vn -0.9194 -0.0429 -0.3909
vn -0.9190 -0.0425 -0.3920
vn -0.9194 -0.0428 -0.3910
vn -0.9192 -0.0427 -0.3914
vn 0.9153 0.0411 0.4007
vn 0.9179 0.0423 0.3946
vn -0.9206 -0.0547 -0.3868
vn -0.9205 -0.0547 -0.3869
vn -0.9204 -0.0547 -0.3870
vn -0.9210 -0.0521 -0.3860
vn -0.9210 -0.0520 -0.3860
vn 0.9201 0.0541 0.3880
vn 0.9201 0.0541 0.3879
vn 0.9206 0.0545 0.3866
vn 0.9208 0.0536 0.3864
vn 0.9209 0.0523 0.3863
vn 0.9206 0.0511 0.3871
vn 0.9204 0.0509 0.3877
vn 0.9200 0.0514 0.3886
vn 0.9200 0.0513 0.3886
vn 0.9202 0.0533 0.3878
vn 0.9202 0.0532 0.3878
vn 0.9207 0.0545 0.3866
vn 0.9205 0.0543 0.3871
vn 0.9204 0.0543 0.3871
vn 0.9222 0.0553 0.3826
vn 0.9223 0.0554 0.3825
vn -0.9202 -0.0549 -0.3877
vn -0.9202 -0.0548 -0.3876
vn -0.9207 -0.0544 -0.3865
vn -0.9207 -0.0544 -0.3864
vn -0.9208 -0.0545 -0.3861
vn 0.9209 0.0545 0.3860
vn 0.9208 0.0545 0.3862
vn 0.9210 0.0544 0.3858
vn 0.9209 0.0549 0.3860
vn -0.9213 -0.0543 -0.3850
vn 0.9208 0.0549 0.3861
vn -0.9209 -0.0546 -0.3859
vn -0.9213 -0.0544 -0.3851
vn -0.9207 -0.0546 -0.3863
vn -0.9208 -0.0547 -0.3863
vn -0.9206 -0.0547 -0.3865
vn -0.9207 -0.0545 -0.3865
vn -0.9204 -0.0534 -0.3872
vn -0.9199 -0.0507 -0.3888
vn -0.9195 -0.0473 -0.3902
vn -0.9193 -0.0450 -0.3909
vn -0.9192 -0.0430 -0.3915
vn -0.9192 -0.0429 -0.3916
vn -0.9191 -0.0429 -0.3916
vn -0.9191 -0.0430 -0.3916
vn -0.9191 -0.0431 -0.3916
vn -0.9192 -0.0431 -0.3915
vn -0.9191 -0.0430 -0.3918
vn -0.9134 -0.0501 -0.4040
vn -0.9190 -0.0430 -0.3919
vn -0.9205 -0.0546 -0.3870
vn -0.9133 -0.0508 -0.4042
vn -0.9205 -0.0546 -0.3868
vn -0.9255 -0.0568 -0.3745
vn 0.9197 0.0547 0.3889
vn -0.9257 -0.0569 -0.3741
vn 0.9209 0.0547 0.3859
vn 0.9197 0.0547 0.3887
vn 0.9206 0.0547 0.3868
vn 0.9205 0.0547 0.3869
vn 0.9205 0.0547 0.3868
vn -0.9206 -0.0548 -0.3867
vn -0.9605 -0.1053 -0.2576
vn -0.9189 -0.0946 -0.3829
vn 0.9106 0.1361 0.3902
vn -0.9150 -0.0932 -0.3924
vn 0.9129 0.1152 0.3917
vn 0.9107 0.1154 0.3967
vn -0.9946 -0.1017 0.0223
vn -0.9130 -0.1155 -0.3913
vn -0.9125 -0.1153 -0.3924
vn -0.9125 -0.1153 -0.3925
vn -0.9124 -0.1153 -0.3927
vn -0.9127 -0.1155 -0.3921
vn -0.9128 -0.1156 -0.3918
vn -0.9127 -0.1155 -0.3920
vn -0.9128 -0.1156 -0.3917
vn 0.9125 0.1153 0.3925
vn 0.9126 0.1151 0.3924
vn 0.9125 0.1151 0.3925
vn -0.9130 -0.1156 -0.3912
vn -0.9126 -0.1156 -0.3923
vn -0.9125 -0.1155 -0.3925
vn -0.9124 -0.1156 -0.3926
vn -0.9115 -0.1140 -0.3952
vn -0.9114 -0.1140 -0.3953
vn 0.9136 0.1198 0.3885
vn 0.9127 0.1161 0.3918
vn 0.9122 0.1270 0.3897
vn 0.9136 0.1209 0.3883
vn 0.9103 0.1342 0.3917
vn 0.9119 0.1281 0.3899
vn 0.9116 0.1384 0.3872
vn 0.9104 0.1357 0.3909
vn 0.9118 0.1390 0.3863
vn 0.9119 0.1391 0.3863
vn -0.9118 -0.1391 -0.3862
vn 0.9120 0.1392 0.3858
vn 0.9118 0.1391 0.3864
vn 0.9113 0.1495 0.3837
vn 0.9117 0.1403 0.3861
vn 0.9074 0.1601 0.3886
vn 0.9105 0.1522 0.3846
vn 0.9004 0.1691 0.4008
vn 0.9062 0.1618 0.3906
vn 0.9003 0.1807 0.3961
vn 0.8991 0.1742 0.4016
vn 0.9007 0.1836 0.3936
vn 0.9008 0.1836 0.3936
vn 0.9007 0.1837 0.3936
vn 0.9034 0.1747 0.3917
vn 0.9036 0.1738 0.3915
vn 0.9062 0.1646 0.3896
vn 0.9100 0.1476 0.3874
vn 0.9117 0.1395 0.3863
vn -0.9119 -0.1391 -0.3861
vn -0.9118 -0.1392 -0.3862
vn -0.9122 -0.1391 -0.3854
vn 0.9128 0.1396 0.3839
vn 0.9127 0.1395 0.3840
vn 0.9119 0.1391 0.3860
vn 0.9110 0.1384 0.3885
vn 0.9092 0.1373 0.3931
vn -0.9114 -0.1377 -0.3879
vn -0.9109 -0.1366 -0.3894
vn -0.9106 -0.1338 -0.3910
vn -0.9111 -0.1309 -0.3909
vn -0.9117 -0.1289 -0.3901
vn -0.9139 -0.1244 -0.3865
vn -0.9143 -0.1212 -0.3864
vn -0.9131 -0.1173 -0.3905
vn -0.9127 -0.1156 -0.3920
vn -0.9121 -0.1159 -0.3932
vn -0.9121 -0.1159 -0.3933
vn 0.9126 0.1156 0.3923
vn 0.9126 0.1153 0.3924
vn 0.9125 0.1154 0.3923
vt 0.103774 0.000000
vt 0.122642 0.000000
vt 0.113208 0.000000
vt 0.330189 0.000000
vt 0.349057 0.000000
vt 0.339623 0.000000
vt 0.094340 0.000000
vt 0.132075 0.000000
vt 0.320755 0.000000
vt 0.358491 0.000000
vt 0.084906 0.000000
vt 0.141509 0.000000
vt 0.311321 0.000000
vt 0.075472 0.000000
vt 0.150943 0.000000
vt 0.367925 0.000000
vt 0.301887 0.000000
vt 0.066038 0.000000
vt 0.981132 0.000000
vt 1.000000 0.000000
vt 0.990566 0.000000
vt 0.000000 0.000000
vt 0.160377 0.000000
vt 0.292453 0.000000
vt 0.056604 0.000000
vt 0.377358 0.000000
vt 0.169811 0.000000
vt 0.047170 0.000000
vt 0.283019 0.000000
vt 0.179245 0.000000
vt 0.386792 0.000000
vt 0.037736 0.000000
vt 0.273585 0.000000
vt 0.188679 0.000000
vt 0.028302 0.000000
vt 0.264151 0.000000
vt 0.396226 0.000000
vt 0.198113 0.000000
vt 0.018868 0.000000
vt 0.254717 0.000000
vt 0.207547 0.000000
vt 0.009434 0.000000
vt 0.405660 0.000000
vt 0.245283 0.000000
vt 0.216981 0.000000
vt 0.235849 0.000000
vt 0.594340 0.000000
vt 0.415094 0.000000
vt 0.962264 0.000000
vt 0.952830 0.000000
vt 0.943396 0.000000
vt 0.933962 0.000000
vt 0.924528 0.000000
vt 0.915094 0.000000
vt 0.905660 0.000000
vt 0.896226 0.000000
vt 0.886792 0.000000
vt 0.877358 0.000000
vt 0.867925 0.000000
vt 0.858491 0.000000
vt 0.849057 0.000000
vt 0.226415 0.000000
vt 0.603774 0.000000
vt 0.839623 0.000000
vt 0.584906 0.000000
vt 0.613208 0.000000
vt 0.830189 0.000000
vt 0.575472 0.000000
vt 0.622642 0.000000
vt 0.820755 0.000000
vt 0.566038 0.000000
vt 0.632075 0.000000
vt 0.811321 0.000000
vt 0.556604 0.000000
vt 0.641509 0.000000
vt 0.424528 0.000000
vt 0.801887 0.000000
vt 0.650943 0.000000
vt 0.547170 0.000000
vt 0.660377 0.000000
vt 0.792453 0.000000
vt 0.537736 0.000000
vt 0.669811 0.000000
vt 0.783019 0.000000
vt 0.528302 0.000000
vt 0.679245 0.000000
vt 0.433962 0.000000
vt 0.773585 0.000000
vt 0.688679 0.000000
vt 0.518868 0.000000
vt 0.698113 0.000000
vt 0.764151 0.000000
vt 0.509434 0.000000
vt 0.707547 0.000000
vt 0.443396 0.000000
vt 0.754717 0.000000
vt 0.971698 0.000000
vt 0.716981 0.000000
vt 0.500000 0.000000
vt 0.745283 0.000000
vt 0.490566 0.000000
vt 0.452830 0.000000
vt 0.735849 0.000000
vt 0.481132 0.000000
vt 0.462264 0.000000
vt 0.726415 0.000000
vt 0.471698 0.000000
vt 0.941176 0.000000
vt 0.980392 0.000000
vt 0.960784 0.000000
vt 0.431373 0.000000
vt 0.470588 0.000000
vt 0.450980 0.000000
vt 0.411765 0.000000
vt 0.490196 0.000000
vt 0.392157 0.000000
vt 0.509804 0.000000
vt 0.372549 0.000000
vt 0.529412 0.000000
vt 0.352941 0.000000
vt 0.549020 0.000000
vt 0.333333 0.000000
vt 0.568627 0.000000
vt 0.313726 0.000000
vt 0.588235 0.000000
vt 0.294118 0.000000
vt 0.607843 0.000000
vt 0.274510 0.000000
vt 0.627451 0.000000
vt 0.254902 0.000000
vt 0.647059 0.000000
vt 0.235294 0.000000
vt 0.666667 0.000000
vt 0.215686 0.000000
vt 0.686275 0.000000
vt 0.196078 0.000000
vt 0.705882 0.000000
vt 0.176471 0.000000
vt 0.725490 0.000000
vt 0.156863 0.000000
vt 0.745098 0.000000
vt 0.137255 0.000000
vt 0.764706 0.000000
vt 0.117647 0.000000
vt 0.784314 0.000000
vt 0.098039 0.000000
vt 0.803922 0.000000
vt 0.078431 0.000000
vt 0.823529 0.000000
vt 0.058824 0.000000
vt 0.843137 0.000000
vt 0.039216 0.000000
vt 0.862745 0.000000
vt 0.019608 0.000000
vt 0.882353 0.000000
vt 0.901961 0.000000
vt 0.921569 0.000000
vt 0.884298 0.000000
vt 0.900826 0.000000
vt 0.892562 0.000000
vt 0.909091 0.000000
vt 0.917355 0.000000
vt 0.876033 0.000000
vt 0.925620 0.000000
vt 0.933884 0.000000
vt 0.867769 0.000000
vt 0.942149 0.000000
vt 0.950413 0.000000
vt 0.859504 0.000000
vt 0.958678 0.000000
vt 0.966942 0.000000
vt 0.851240 0.000000
vt 0.975207 0.000000
vt 0.983471 0.000000
vt 0.842975 0.000000
vt 0.991736 0.000000
vt 0.057851 0.000000
vt 0.049587 0.000000
vt 0.041322 0.000000
vt 0.033058 0.000000
vt 0.024793 0.000000
vt 0.016529 0.000000
vt 0.008264 0.000000
vt 0.834711 0.000000
vt 0.074380 0.000000
vt 0.066116 0.000000
vt 0.826446 0.000000
vt 0.090909 0.000000
vt 0.082645 0.000000
vt 0.818182 0.000000
vt 0.099174 0.000000
vt 0.107438 0.000000
vt 0.115702 0.000000
vt 0.123967 0.000000
vt 0.132231 0.000000
vt 0.140496 0.000000
vt 0.809917 0.000000
vt 0.148760 0.000000
vt 0.157025 0.000000
vt 0.165289 0.000000
vt 0.801653 0.000000
vt 0.173554 0.000000
vt 0.181818 0.000000
vt 0.793388 0.000000
vt 0.190083 0.000000
vt 0.198347 0.000000
vt 0.785124 0.000000
vt 0.206612 0.000000
vt 0.214876 0.000000
vt 0.776860 0.000000
vt 0.223140 0.000000
vt 0.768595 0.000000
vt 0.231405 0.000000
vt 0.239669 0.000000
vt 0.760331 0.000000
vt 0.247934 0.000000
vt 0.752066 0.000000
vt 0.256198 0.000000
vt 0.743802 0.000000
vt 0.264463 0.000000
vt 0.735537 0.000000
vt 0.272727 0.000000
vt 0.727273 0.000000
vt 0.719008 0.000000
vt 0.280992 0.000000
vt 0.710744 0.000000
vt 0.702479 0.000000
vt 0.289256 0.000000
vt 0.694215 0.000000
vt 0.487603 0.000000
vt 0.504132 0.000000
vt 0.495868 0.000000
vt 0.297521 0.000000
vt 0.685950 0.000000
vt 0.512397 0.000000
vt 0.677686 0.000000
vt 0.305785 0.000000
vt 0.520661 0.000000
vt 0.669421 0.000000
vt 0.528926 0.000000
vt 0.661157 0.000000
vt 0.652893 0.000000
vt 0.314050 0.000000
vt 0.537190 0.000000
vt 0.644628 0.000000
vt 0.545455 0.000000
vt 0.636364 0.000000
vt 0.553719 0.000000
vt 0.322314 0.000000
vt 0.628099 0.000000
vt 0.561983 0.000000
vt 0.619835 0.000000
vt 0.570248 0.000000
vt 0.611570 0.000000
vt 0.578512 0.000000
vt 0.603306 0.000000
vt 0.586777 0.000000
vt 0.330579 0.000000
vt 0.595041 0.000000
vt 0.338843 0.000000
vt 0.479339 0.000000
vt 0.471074 0.000000
vt 0.347107 0.000000
vt 0.462810 0.000000
vt 0.355372 0.000000
vt 0.454545 0.000000
vt 0.446281 0.000000
vt 0.363636 0.000000
vt 0.438017 0.000000
vt 0.429752 0.000000
vt 0.371901 0.000000
vt 0.421488 0.000000
vt 0.413223 0.000000
vt 0.380165 0.000000
vt 0.404959 0.000000
vt 0.396694 0.000000
vt 0.388430 0.000000
vt 0.298701 0.000000
vt 0.324675 0.000000
vt 0.311688 0.000000
vt 0.337662 0.000000
vt 0.961039 0.000000
vt 0.987013 0.000000
vt 0.974026 0.000000
vt 0.948052 0.000000
vt 0.350649 0.000000
vt 0.935065 0.000000
vt 0.285714 0.000000
vt 0.922078 0.000000
vt 0.376623 0.000000
vt 0.389610 0.000000
vt 0.012987 0.000000
vt 0.896104 0.000000
vt 0.402597 0.000000
vt 0.883117 0.000000
vt 0.415584 0.000000
vt 0.870130 0.000000
vt 0.428571 0.000000
vt 0.025974 0.000000
vt 0.857143 0.000000
vt 0.441558 0.000000
vt 0.844156 0.000000
vt 0.259740 0.000000
vt 0.831169 0.000000
vt 0.467532 0.000000
vt 0.480519 0.000000
vt 0.038961 0.000000
vt 0.493506 0.000000
vt 0.805195 0.000000
vt 0.506494 0.000000
vt 0.246753 0.000000
vt 0.792208 0.000000
vt 0.519481 0.000000
vt 0.779221 0.000000
vt 0.051948 0.000000
vt 0.532468 0.000000
vt 0.766234 0.000000
vt 0.753247 0.000000
vt 0.740260 0.000000
vt 0.558442 0.000000
vt 0.233766 0.000000
vt 0.571429 0.000000
vt 0.714286 0.000000
vt 0.584416 0.000000
vt 0.064935 0.000000
vt 0.701299 0.000000
vt 0.597403 0.000000
vt 0.688312 0.000000
vt 0.610390 0.000000
vt 0.675325 0.000000
vt 0.623377 0.000000
vt 0.662338 0.000000
vt 0.649351 0.000000
vt 0.220779 0.000000
vt 0.077922 0.000000
vt 0.207792 0.000000
vt 0.194805 0.000000
vt 0.103896 0.000000
vt 0.116883 0.000000
vt 0.168831 0.000000
vt 0.129870 0.000000
vt 0.155844 0.000000
vt 0.142857 0.000000
vt 0.484211 0.000000
vt 0.494737 0.000000
vt 0.010526 0.000000
vt 0.473684 0.000000
vt 0.021053 0.000000
vt 0.463158 0.000000
vt 0.031579 0.000000
vt 0.452632 0.000000
vt 0.042105 0.000000
vt 0.442105 0.000000
vt 0.052632 0.000000
vt 0.431579 0.000000
vt 0.747368 0.000000
vt 0.757895 0.000000
vt 0.736842 0.000000
vt 0.768421 0.000000
vt 0.726316 0.000000
vt 0.778947 0.000000
vt 0.715789 0.000000
vt 0.063158 0.000000
vt 0.421053 0.000000
vt 0.705263 0.000000
vt 0.789474 0.000000
vt 0.694737 0.000000
vt 0.800000 0.000000
vt 0.073684 0.000000
vt 0.410526 0.000000
vt 0.684211 0.000000
vt 0.810526 0.000000
vt 0.673684 0.000000
vt 0.821053 0.000000
vt 0.084211 0.000000
vt 0.400000 0.000000
vt 0.663158 0.000000
vt 0.831579 0.000000
vt 0.094737 0.000000
vt 0.389474 0.000000
vt 0.652632 0.000000
vt 0.842105 0.000000
vt 0.642105 0.000000
vt 0.852632 0.000000
vt 0.105263 0.000000
vt 0.378947 0.000000
vt 0.631579 0.000000
vt 0.863158 0.000000
vt 0.115789 0.000000
vt 0.368421 0.000000
vt 0.621053 0.000000
vt 0.873684 0.000000
vt 0.357895 0.000000
vt 0.884211 0.000000
vt 0.610526 0.000000
vt 0.126316 0.000000
vt 0.894737 0.000000
vt 0.600000 0.000000
vt 0.136842 0.000000
vt 0.347368 0.000000
vt 0.905263 0.000000
vt 0.589474 0.000000
vt 0.147368 0.000000
vt 0.336842 0.000000
vt 0.915789 0.000000
vt 0.578947 0.000000
vt 0.157895 0.000000
vt 0.326316 0.000000
vt 0.926316 0.000000
vt 0.568421 0.000000
vt 0.936842 0.000000
vt 0.557895 0.000000
vt 0.168421 0.000000
vt 0.315789 0.000000
vt 0.947368 0.000000
vt 0.547368 0.000000
vt 0.957895 0.000000
vt 0.536842 0.000000
vt 0.178947 0.000000
vt 0.305263 0.000000
vt 0.968421 0.000000
vt 0.526316 0.000000
vt 0.978947 0.000000
vt 0.515789 0.000000
vt 0.189474 0.000000
vt 0.294737 0.000000
vt 0.989474 0.000000
vt 0.505263 0.000000
vt 0.200000 0.000000
vt 0.284211 0.000000
vt 0.210526 0.000000
vt 0.273684 0.000000
vt 0.221053 0.000000
vt 0.263158 0.000000
vt 0.231579 0.000000
vt 0.252632 0.000000
vt 0.242105 0.000000
vt 0.000000 1.000000
vt 0.166667 1.000000
vt 0.166667 0.000000
vt 0.333333 1.000000
vt 0.500000 1.000000
vt 0.666667 1.000000
vt 0.833333 1.000000
vt 0.833333 0.000000
vt 1.000000 1.000000
vt 0.020833 1.000000
vt 0.020833 0.000000
vt 0.041667 1.000000
vt 0.041667 0.000000
vt 0.062500 1.000000
vt 0.062500 0.000000
vt 0.083333 1.000000
vt 0.083333 0.000000
vt 0.104167 1.000000
vt 0.104167 0.000000
vt 0.125000 1.000000
vt 0.125000 0.000000
vt 0.145833 1.000000
vt 0.145833 0.000000
vt 0.187500 1.000000
vt 0.187500 0.000000
vt 0.208333 1.000000
vt 0.208333 0.000000
vt 0.229167 1.000000
vt 0.229167 0.000000
vt 0.250000 1.000000
vt 0.250000 0.000000
vt 0.270833 1.000000
vt 0.270833 0.000000
vt 0.291667 1.000000
vt 0.291667 0.000000
vt 0.312500 1.000000
vt 0.312500 0.000000
vt 0.354167 1.000000
vt 0.354167 0.000000
vt 0.375000 1.000000
vt 0.375000 0.000000
vt 0.395833 1.000000
vt 0.395833 0.000000
vt 0.416667 1.000000
vt 0.416667 0.000000
vt 0.437500 1.000000
vt 0.437500 0.000000
vt 0.458333 1.000000
vt 0.458333 0.000000
vt 0.479167 1.000000
vt 0.479167 0.000000
vt 0.520833 1.000000
vt 0.520833 0.000000
vt 0.541667 1.000000
vt 0.541667 0.000000
vt 0.562500 1.000000
vt 0.562500 0.000000
vt 0.583333 1.000000
vt 0.583333 0.000000
vt 0.604167 1.000000
vt 0.604167 0.000000
vt 0.625000 1.000000
vt 0.625000 0.000000
vt 0.645833 1.000000
vt 0.645833 0.000000
vt 0.687500 1.000000
vt 0.687500 0.000000
vt 0.708333 1.000000
vt 0.708333 0.000000
vt 0.729167 1.000000
vt 0.729167 0.000000
vt 0.750000 1.000000
vt 0.750000 0.000000
vt 0.770833 1.000000
vt 0.770833 0.000000
vt 0.791667 1.000000
vt 0.791667 0.000000
vt 0.812500 1.000000
vt 0.812500 0.000000
vt 0.854167 1.000000
vt 0.854167 0.000000
vt 0.875000 1.000000
vt 0.875000 0.000000
vt 0.895833 1.000000
vt 0.895833 0.000000
vt 0.916667 1.000000
vt 0.916667 0.000000
vt 0.937500 1.000000
vt 0.937500 0.000000
vt 0.958333 1.000000
vt 0.958333 0.000000
vt 0.979167 1.000000
vt 0.979167 0.000000
vt 0.012821 1.000000
vt 0.012821 0.000000
vt 0.025641 1.000000
vt 0.025641 0.000000
vt 0.038462 1.000000
vt 0.038462 0.000000
vt 0.051282 1.000000
vt 0.051282 0.000000
vt 0.064103 1.000000
vt 0.064103 0.000000
vt 0.076923 1.000000
vt 0.076923 0.000000
vt 0.089744 1.000000
vt 0.089744 0.000000
vt 0.102564 1.000000
vt 0.102564 0.000000
vt 0.115385 1.000000
vt 0.115385 0.000000
vt 0.128205 1.000000
vt 0.128205 0.000000
vt 0.141026 1.000000
vt 0.141026 0.000000
vt 0.153846 1.000000
vt 0.153846 0.000000
vt 0.179487 1.000000
vt 0.179487 0.000000
vt 0.192308 1.000000
vt 0.192308 0.000000
vt 0.205128 1.000000
vt 0.205128 0.000000
vt 0.217949 1.000000
vt 0.217949 0.000000
vt 0.230769 1.000000
vt 0.230769 0.000000
vt 0.243590 1.000000
vt 0.243590 0.000000
vt 0.256410 1.000000
vt 0.256410 0.000000
vt 0.269231 1.000000
vt 0.269231 0.000000
vt 0.282051 1.000000
vt 0.282051 0.000000
vt 0.294872 1.000000
vt 0.294872 0.000000
vt 0.307692 1.000000
vt 0.307692 0.000000
vt 0.320513 1.000000
vt 0.320513 0.000000
vt 0.346154 1.000000
vt 0.346154 0.000000
vt 0.358974 1.000000
vt 0.358974 0.000000
vt 0.371795 1.000000
vt 0.371795 0.000000
vt 0.384615 1.000000
vt 0.384615 0.000000
vt 0.397436 1.000000
vt 0.397436 0.000000
vt 0.410256 1.000000
vt 0.410256 0.000000
vt 0.423077 1.000000
vt 0.423077 0.000000
vt 0.435897 1.000000
vt 0.435897 0.000000
vt 0.448718 1.000000
vt 0.448718 0.000000
vt 0.461538 1.000000
vt 0.461538 0.000000
vt 0.474359 1.000000
vt 0.474359 0.000000
vt 0.487179 1.000000
vt 0.487179 0.000000
vt 0.512821 1.000000
vt 0.512821 0.000000
vt 0.525641 1.000000
vt 0.525641 0.000000
vt 0.538462 1.000000
vt 0.538462 0.000000
vt 0.551282 1.000000
vt 0.551282 0.000000
vt 0.564103 1.000000
vt 0.564103 0.000000
vt 0.576923 1.000000
vt 0.576923 0.000000
vt 0.589744 1.000000
vt 0.589744 0.000000
vt 0.602564 1.000000
vt 0.602564 0.000000
vt 0.615385 1.000000
vt 0.615385 0.000000
vt 0.628205 1.000000
vt 0.628205 0.000000
vt 0.641026 1.000000
vt 0.641026 0.000000
vt 0.653846 1.000000
vt 0.653846 0.000000
vt 0.679487 1.000000
vt 0.679487 0.000000
vt 0.692308 1.000000
vt 0.692308 0.000000
vt 0.705128 1.000000
vt 0.705128 0.000000
vt 0.717949 1.000000
vt 0.717949 0.000000
vt 0.730769 1.000000
vt 0.730769 0.000000
vt 0.743590 1.000000
vt 0.743590 0.000000
vt 0.756410 1.000000
vt 0.756410 0.000000
vt 0.769231 1.000000
vt 0.769231 0.000000
vt 0.782051 1.000000
vt 0.782051 0.000000
vt 0.794872 1.000000
vt 0.794872 0.000000
vt 0.807692 1.000000
vt 0.807692 0.000000
vt 0.820513 1.000000
vt 0.820513 0.000000
vt 0.846154 1.000000
vt 0.846154 0.000000
vt 0.858974 1.000000
vt 0.858974 0.000000
vt 0.871795 1.000000
vt 0.871795 0.000000
vt 0.884615 1.000000
vt 0.884615 0.000000
vt 0.897436 1.000000
vt 0.897436 0.000000
vt 0.910256 1.000000
vt 0.910256 0.000000
vt 0.923077 1.000000
vt 0.923077 0.000000
vt 0.935897 1.000000
vt 0.935897 0.000000
vt 0.948718 1.000000
vt 0.948718 0.000000
vt 0.961538 1.000000
vt 0.961538 0.000000
vt 0.974359 1.000000
vt 0.974359 0.000000
vt 0.987179 1.000000
vt 0.987179 0.000000
vt 0.008197 1.000000
vt 0.008197 0.000000
vt 0.016393 1.000000
vt 0.016393 0.000000
vt 0.024590 1.000000
vt 0.024590 0.000000
vt 0.032787 1.000000
vt 0.032787 0.000000
vt 0.040984 1.000000
vt 0.040984 0.000000
vt 0.049180 1.000000
vt 0.049180 0.000000
vt 0.057377 1.000000
vt 0.057377 0.000000
vt 0.065574 1.000000
vt 0.065574 0.000000
vt 0.073770 1.000000
vt 0.073770 0.000000
vt 0.081967 1.000000
vt 0.081967 0.000000
vt 0.090164 1.000000
vt 0.090164 0.000000
vt 0.098361 1.000000
vt 0.098361 0.000000
vt 0.106557 1.000000
vt 0.106557 0.000000
vt 0.114754 1.000000
vt 0.114754 0.000000
vt 0.122951 1.000000
vt 0.122951 0.000000
vt 0.131148 1.000000
vt 0.131148 0.000000
vt 0.139344 1.000000
vt 0.139344 0.000000
vt 0.147541 1.000000
vt 0.147541 0.000000
vt 0.155738 1.000000
vt 0.155738 0.000000
vt 0.163934 1.000000
vt 0.163934 0.000000
vt 0.172131 1.000000
vt 0.172131 0.000000
vt 0.180328 1.000000
vt 0.180328 0.000000
vt 0.188525 1.000000
vt 0.188525 0.000000
vt 0.196721 1.000000
vt 0.196721 0.000000
vt 0.204918 1.000000
vt 0.204918 0.000000
vt 0.213115 1.000000
vt 0.213115 0.000000
vt 0.221311 1.000000
vt 0.221311 0.000000
vt 0.229508 1.000000
vt 0.229508 0.000000
vt 0.237705 1.000000
vt 0.237705 0.000000
vt 0.245902 1.000000
vt 0.245902 0.000000
vt 0.254098 1.000000
vt 0.254098 0.000000
vt 0.262295 1.000000
vt 0.262295 0.000000
vt 0.270492 1.000000
vt 0.270492 0.000000
vt 0.278689 1.000000
vt 0.278689 0.000000
vt 0.286885 1.000000
vt 0.286885 0.000000
vt 0.295082 1.000000
vt 0.295082 0.000000
vt 0.303279 1.000000
vt 0.303279 0.000000
vt 0.311475 1.000000
vt 0.311475 0.000000
vt 0.319672 1.000000
vt 0.319672 0.000000
vt 0.327869 1.000000
vt 0.327869 0.000000
vt 0.336066 1.000000
vt 0.336066 0.000000
vt 0.344262 1.000000
vt 0.344262 0.000000
vt 0.352459 1.000000
vt 0.352459 0.000000
vt 0.360656 1.000000
vt 0.360656 0.000000
vt 0.368852 1.000000
vt 0.368852 0.000000
vt 0.377049 1.000000
vt 0.377049 0.000000
vt 0.385246 1.000000
vt 0.385246 0.000000
vt 0.393443 1.000000
vt 0.393443 0.000000
vt 0.401639 1.000000
vt 0.401639 0.000000
vt 0.409836 1.000000
vt 0.409836 0.000000
vt 0.418033 1.000000
vt 0.418033 0.000000
vt 0.426230 1.000000
vt 0.426230 0.000000
vt 0.434426 1.000000
vt 0.434426 0.000000
vt 0.442623 1.000000
vt 0.442623 0.000000
vt 0.450820 1.000000
vt 0.450820 0.000000
vt 0.459016 1.000000
vt 0.459016 0.000000
vt 0.467213 1.000000
vt 0.467213 0.000000
vt 0.475410 1.000000
vt 0.475410 0.000000
vt 0.483607 1.000000
vt 0.483607 0.000000
vt 0.491803 1.000000
vt 0.491803 0.000000
vt 0.508197 1.000000
vt 0.508197 0.000000
vt 0.516393 1.000000
vt 0.516393 0.000000
vt 0.524590 1.000000
vt 0.524590 0.000000
vt 0.532787 1.000000
vt 0.532787 0.000000
vt 0.540984 1.000000
vt 0.540984 0.000000
vt 0.549180 1.000000
vt 0.549180 0.000000
vt 0.557377 1.000000
vt 0.557377 0.000000
vt 0.565574 1.000000
vt 0.565574 0.000000
vt 0.573770 1.000000
vt 0.573770 0.000000
vt 0.581967 1.000000
vt 0.581967 0.000000
vt 0.590164 1.000000
vt 0.590164 0.000000
vt 0.598361 1.000000
vt 0.598361 0.000000
vt 0.606557 1.000000
vt 0.606557 0.000000
vt 0.614754 1.000000
vt 0.614754 0.000000
vt 0.622951 1.000000
vt 0.622951 0.000000
vt 0.631148 1.000000
vt 0.631148 0.000000
vt 0.639344 1.000000
vt 0.639344 0.000000
vt 0.647541 1.000000
vt 0.647541 0.000000
vt 0.655738 1.000000
vt 0.655738 0.000000
vt 0.663934 1.000000
vt 0.663934 0.000000
vt 0.672131 1.000000
vt 0.672131 0.000000
vt 0.680328 1.000000
vt 0.680328 0.000000
vt 0.688525 1.000000
vt 0.688525 0.000000
vt 0.696721 1.000000
vt 0.696721 0.000000
vt 0.704918 1.000000
vt 0.704918 0.000000
vt 0.713115 1.000000
vt 0.713115 0.000000
vt 0.721311 1.000000
vt 0.721311 0.000000
vt 0.729508 1.000000
vt 0.729508 0.000000
vt 0.737705 1.000000
vt 0.737705 0.000000
vt 0.745902 1.000000
vt 0.745902 0.000000
vt 0.754098 1.000000
vt 0.754098 0.000000
vt 0.762295 1.000000
vt 0.762295 0.000000
vt 0.770492 1.000000
vt 0.770492 0.000000
vt 0.778689 1.000000
vt 0.778689 0.000000
vt 0.786885 1.000000
vt 0.786885 0.000000
vt 0.795082 1.000000
vt 0.795082 0.000000
vt 0.803279 1.000000
vt 0.803279 0.000000
vt 0.811475 1.000000
vt 0.811475 0.000000
vt 0.819672 1.000000
vt 0.819672 0.000000
vt 0.827869 1.000000
vt 0.827869 0.000000
vt 0.836066 1.000000
vt 0.836066 0.000000
vt 0.844262 1.000000
vt 0.844262 0.000000
vt 0.852459 1.000000
vt 0.852459 0.000000
vt 0.860656 1.000000
vt 0.860656 0.000000
vt 0.868852 1.000000
vt 0.868852 0.000000
vt 0.877049 1.000000
vt 0.877049 0.000000
vt 0.885246 1.000000
vt 0.885246 0.000000
vt 0.893443 1.000000
vt 0.893443 0.000000
vt 0.901639 1.000000
vt 0.901639 0.000000
vt 0.909836 1.000000
vt 0.909836 0.000000
vt 0.918033 1.000000
vt 0.918033 0.000000
vt 0.926230 1.000000
vt 0.926230 0.000000
vt 0.934426 1.000000
vt 0.934426 0.000000
vt 0.942623 1.000000
vt 0.942623 0.000000
vt 0.950820 1.000000
vt 0.950820 0.000000
vt 0.959016 1.000000
vt 0.959016 0.000000
vt 0.967213 1.000000
vt 0.967213 0.000000
vt 0.975410 1.000000
vt 0.975410 0.000000
vt 0.983607 1.000000
vt 0.983607 0.000000
vt 0.991803 1.000000
vt 0.991803 0.000000
vt 0.009346 1.000000
vt 0.009346 0.000000
vt 0.018692 1.000000
vt 0.018692 0.000000
vt 0.028037 1.000000
vt 0.028037 0.000000
vt 0.037383 1.000000
vt 0.037383 0.000000
vt 0.046729 1.000000
vt 0.046729 0.000000
vt 0.056075 1.000000
vt 0.056075 0.000000
vt 0.065421 1.000000
vt 0.065421 0.000000
vt 0.074766 1.000000
vt 0.074766 0.000000
vt 0.084112 1.000000
vt 0.084112 0.000000
vt 0.093458 1.000000
vt 0.093458 0.000000
vt 0.102804 1.000000
vt 0.102804 0.000000
vt 0.112150 1.000000
vt 0.112150 0.000000
vt 0.121495 1.000000
vt 0.121495 0.000000
vt 0.130841 1.000000
vt 0.130841 0.000000
vt 0.140187 1.000000
vt 0.140187 0.000000
vt 0.149533 1.000000
vt 0.149533 0.000000
vt 0.158879 1.000000
vt 0.158879 0.000000
vt 0.168224 1.000000
vt 0.168224 0.000000
vt 0.177570 1.000000
vt 0.177570 0.000000
vt 0.186916 1.000000
vt 0.186916 0.000000
vt 0.196262 1.000000
vt 0.196262 0.000000
vt 0.205607 1.000000
vt 0.205607 0.000000
vt 0.214953 1.000000
vt 0.214953 0.000000
vt 0.224299 1.000000
vt 0.224299 0.000000
vt 0.233645 1.000000
vt 0.233645 0.000000
vt 0.242991 1.000000
vt 0.242991 0.000000
vt 0.252336 1.000000
vt 0.252336 0.000000
vt 0.261682 1.000000
vt 0.261682 0.000000
vt 0.271028 1.000000
vt 0.271028 0.000000
vt 0.280374 1.000000
vt 0.280374 0.000000
vt 0.289720 1.000000
vt 0.289720 0.000000
vt 0.299065 1.000000
vt 0.299065 0.000000
vt 0.308411 1.000000
vt 0.308411 0.000000
vt 0.317757 1.000000
vt 0.317757 0.000000
vt 0.327103 1.000000
vt 0.327103 0.000000
vt 0.336449 1.000000
vt 0.336449 0.000000
vt 0.345794 1.000000
vt 0.345794 0.000000
vt 0.355140 1.000000
vt 0.355140 0.000000
vt 0.364486 1.000000
vt 0.364486 0.000000
vt 0.373832 1.000000
vt 0.373832 0.000000
vt 0.383178 1.000000
vt 0.383178 0.000000
vt 0.392523 1.000000
vt 0.392523 0.000000
vt 0.401869 1.000000
vt 0.401869 0.000000
vt 0.411215 1.000000
vt 0.411215 0.000000
vt 0.420561 1.000000
vt 0.420561 0.000000
vt 0.429907 1.000000
vt 0.429907 0.000000
vt 0.439252 1.000000
vt 0.439252 0.000000
vt 0.448598 1.000000
vt 0.448598 0.000000
vt 0.457944 1.000000
vt 0.457944 0.000000
vt 0.467290 1.000000
vt 0.467290 0.000000
vt 0.476636 1.000000
vt 0.476636 0.000000
vt 0.485981 1.000000
vt 0.485981 0.000000
vt 0.495327 1.000000
vt 0.495327 0.000000
vt 0.504673 1.000000
vt 0.504673 0.000000
vt 0.514019 1.000000
vt 0.514019 0.000000
vt 0.523364 1.000000
vt 0.523364 0.000000
vt 0.532710 1.000000
vt 0.532710 0.000000
vt 0.542056 1.000000
vt 0.542056 0.000000
vt 0.551402 1.000000
vt 0.551402 0.000000
vt 0.560748 1.000000
vt 0.560748 0.000000
vt 0.570093 1.000000
vt 0.570093 0.000000
vt 0.579439 1.000000
vt 0.579439 0.000000
vt 0.588785 1.000000
vt 0.588785 0.000000
vt 0.598131 1.000000
vt 0.598131 0.000000
vt 0.607477 1.000000
vt 0.607477 0.000000
vt 0.616822 1.000000
vt 0.616822 0.000000
vt 0.626168 1.000000
vt 0.626168 0.000000
vt 0.635514 1.000000
vt 0.635514 0.000000
vt 0.644860 1.000000
vt 0.644860 0.000000
vt 0.654206 1.000000
vt 0.654206 0.000000
vt 0.663551 1.000000
vt 0.663551 0.000000
vt 0.672897 1.000000
vt 0.672897 0.000000
vt 0.682243 1.000000
vt 0.682243 0.000000
vt 0.691589 1.000000
vt 0.691589 0.000000
vt 0.700935 1.000000
vt 0.700935 0.000000
vt 0.710280 1.000000
vt 0.710280 0.000000
vt 0.719626 1.000000
vt 0.719626 0.000000
vt 0.728972 1.000000
vt 0.728972 0.000000
vt 0.738318 1.000000
vt 0.738318 0.000000
vt 0.747664 1.000000
vt 0.747664 0.000000
vt 0.757009 1.000000
vt 0.757009 0.000000
vt 0.766355 1.000000
vt 0.766355 0.000000
vt 0.775701 1.000000
vt 0.775701 0.000000
vt 0.785047 1.000000
vt 0.785047 0.000000
vt 0.794393 1.000000
vt 0.794393 0.000000
vt 0.803738 1.000000
vt 0.803738 0.000000
vt 0.813084 1.000000
vt 0.813084 0.000000
vt 0.822430 1.000000
vt 0.822430 0.000000
vt 0.831776 1.000000
vt 0.831776 0.000000
vt 0.841121 1.000000
vt 0.841121 0.000000
vt 0.850467 1.000000
vt 0.850467 0.000000
vt 0.859813 1.000000
vt 0.859813 0.000000
vt 0.869159 1.000000
vt 0.869159 0.000000
vt 0.878505 1.000000
vt 0.878505 0.000000
vt 0.887850 1.000000
vt 0.887850 0.000000
vt 0.897196 1.000000
vt 0.897196 0.000000
vt 0.906542 1.000000
vt 0.906542 0.000000
vt 0.915888 1.000000
vt 0.915888 0.000000
vt 0.925234 1.000000
vt 0.925234 0.000000
vt 0.934579 1.000000
vt 0.934579 0.000000
vt 0.943925 1.000000
vt 0.943925 0.000000
vt 0.953271 1.000000
vt 0.953271 0.000000
vt 0.962617 1.000000
vt 0.962617 0.000000
vt 0.971963 1.000000
vt 0.971963 0.000000
vt 0.981308 1.000000
vt 0.981308 0.000000
vt 0.990654 1.000000
vt 0.990654 0.000000
s 1
usemtl buoy_text
f 2414/1/2413 2416/2/2412 2415/3/2414
f 2438/4/2433 2440/5/2434 2439/6/2434
f 2413/7/2410 2416/2/2412 2414/1/2413
f 2413/7/2410 2417/8/2412 2416/2/2412
f 2437/9/2432 2440/5/2434 2438/4/2433
f 2437/9/2432 2441/10/2431 2440/5/2434
f 2412/11/2412 2417/8/2412 2413/7/2410
f 2412/11/2412 2418/12/2415 2417/8/2412
f 2436/13/2430 2441/10/2431 2437/9/2432
f 2411/14/2411 2418/12/2415 2412/11/2412
f 2411/14/2411 2419/15/2411 2418/12/2415
f 2436/13/2430 2442/16/2430 2441/10/2431
f 2435/17/2431 2442/16/2430 2436/13/2430
f 2410/18/2410 2419/15/2411 2411/14/2411
f 2507/19/2485 2509/20/2486 2508/21/2485
f 2507/19/2485 2403/22/2403 2509/20/2486
f 2410/18/2410 2420/23/2416 2419/15/2411
f 2434/24/2430 2442/16/2430 2435/17/2431
f 2409/25/2409 2420/23/2416 2410/18/2410
f 2434/24/2430 2443/26/2435 2442/16/2430
f 2409/25/2409 2421/27/2417 2420/23/2416
f 2408/28/2408 2421/27/2417 2409/25/2409
f 2433/29/2429 2443/26/2435 2434/24/2430
f 2408/28/2408 2422/30/2418 2421/27/2417
f 2433/29/2429 2444/31/2436 2443/26/2435
f 2407/32/2407 2422/30/2418 2408/28/2408
f 2432/33/2428 2444/31/2436 2433/29/2429
f 2407/32/2407 2423/34/2419 2422/30/2418
f 2406/35/2406 2423/34/2419 2407/32/2407
f 2431/36/2427 2444/31/2436 2432/33/2428
f 2431/36/2427 2445/37/2437 2444/31/2436
f 2406/35/2406 2424/38/2420 2423/34/2419
f 2405/39/2405 2424/38/2420 2406/35/2406
f 2430/40/2426 2445/37/2437 2431/36/2427
f 2405/39/2405 2425/41/2421 2424/38/2420
f 2404/42/2404 2425/41/2421 2405/39/2405
f 2430/40/2426 2446/43/2438 2445/37/2437
f 2429/44/2425 2446/43/2438 2430/40/2426
f 2404/42/2404 2426/45/2422 2425/41/2421
f 2403/22/2403 2426/45/2422 2404/42/2404
f 2428/46/2424 2446/43/2438 2429/44/2425
f 2428/46/2424 2466/47/2457 2446/43/2438
f 2466/47/2457 2447/48/2439 2446/43/2438
f 2507/19/2485 2505/49/2484 2403/22/2403
f 2505/49/2484 2504/50/2482 2403/22/2403
f 2504/50/2482 2503/51/2411 2403/22/2403
f 2503/51/2411 2502/52/2482 2403/22/2403
f 2502/52/2482 2501/53/2482 2403/22/2403
f 2501/53/2482 2500/54/2412 2403/22/2403
f 2500/54/2412 2499/55/2481 2403/22/2403
f 2499/55/2481 2498/56/2411 2403/22/2403
f 2498/56/2411 2497/57/2483 2403/22/2403
f 2497/57/2483 2496/58/2482 2403/22/2403
f 2496/58/2482 2495/59/2481 2403/22/2403
f 2495/59/2481 2494/60/2480 2403/22/2403
f 2494/60/2480 2426/45/2422 2403/22/2403
f 2494/60/2480 2493/61/2479 2426/45/2422
f 2493/61/2479 2427/62/2423 2426/45/2422
f 2427/62/2423 2467/63/2458 2428/46/2424
f 2467/63/2458 2466/47/2457 2428/46/2424
f 2492/64/2478 2427/62/2423 2493/61/2479
f 2465/65/2456 2447/48/2439 2466/47/2457
f 2427/62/2423 2468/66/2430 2467/63/2458
f 2491/67/2477 2427/62/2423 2492/64/2478
f 2464/68/2455 2447/48/2439 2465/65/2456
f 2427/62/2423 2469/69/2459 2468/66/2430
f 2490/70/2476 2427/62/2423 2491/67/2477
f 2463/71/2454 2447/48/2439 2464/68/2455
f 2427/62/2423 2470/72/2460 2469/69/2459
f 2489/73/2475 2427/62/2423 2490/70/2476
f 2489/73/2475 2470/72/2460 2427/62/2423
f 2462/74/2453 2447/48/2439 2463/71/2454
f 2489/73/2475 2471/75/2461 2470/72/2460
f 2462/74/2453 2448/76/2440 2447/48/2439
f 2488/77/2474 2471/75/2461 2489/73/2475
f 2488/77/2474 2472/78/2462 2471/75/2461
f 2461/79/2452 2448/76/2440 2462/74/2453
f 2488/77/2474 2473/80/2463 2472/78/2462
f 2487/81/2473 2473/80/2463 2488/77/2474
f 2460/82/2451 2448/76/2440 2461/79/2452
f 2487/81/2473 2474/83/2464 2473/80/2463
f 2486/84/2472 2474/83/2464 2487/81/2473
f 2459/85/2450 2448/76/2440 2460/82/2451
f 2486/84/2472 2475/86/2465 2474/83/2464
f 2459/85/2450 2449/87/2441 2448/76/2440
f 2485/88/2471 2475/86/2465 2486/84/2472
f 2485/88/2471 2476/89/2466 2475/86/2465
f 2458/90/2449 2449/87/2441 2459/85/2450
f 2485/88/2471 2477/91/2467 2476/89/2466
f 2484/92/2466 2477/91/2467 2485/88/2471
f 2457/93/2448 2449/87/2441 2458/90/2449
f 2484/92/2466 2478/94/2466 2477/91/2467
f 2457/93/2448 2450/95/2442 2449/87/2441
f 2483/96/2431 2478/94/2466 2484/92/2466
f 2507/19/2485 2506/97/2485 2505/49/2484
f 2483/96/2431 2479/98/2468 2478/94/2466
f 2456/99/2447 2450/95/2442 2457/93/2448
f 2482/100/2470 2479/98/2468 2483/96/2431
f 2455/101/2446 2450/95/2442 2456/99/2447
f 2455/101/2446 2451/102/2443 2450/95/2442
f 2481/103/2469 2479/98/2468 2482/100/2470
f 2454/104/2445 2451/102/2443 2455/101/2446
f 2454/104/2445 2452/105/2444 2451/102/2443
f 2480/106/2468 2479/98/2468 2481/103/2469
f 2453/107/2431 2452/105/2444 2454/104/2445
f 2558/108/2494 2560/109/2496 2559/110/2495
f 2558/108/2494 2561/20/2497 2560/109/2496
f 2532/111/2490 2534/112/2491 2533/113/2489
f 2531/114/2488 2534/112/2491 2532/111/2490
f 2531/114/2488 2535/115/2488 2534/112/2491
f 2530/116/2488 2535/115/2488 2531/114/2488
f 2530/116/2488 2536/117/2489 2535/115/2488
f 2529/118/2488 2536/117/2489 2530/116/2488
f 2529/118/2488 2537/119/2489 2536/117/2489
f 2528/120/2488 2537/119/2489 2529/118/2488
f 2528/120/2488 2538/121/2488 2537/119/2489
f 2527/122/2488 2538/121/2488 2528/120/2488
f 2527/122/2488 2539/123/2489 2538/121/2488
f 2526/124/2488 2539/123/2489 2527/122/2488
f 2526/124/2488 2540/125/2488 2539/123/2489
f 2525/126/2488 2540/125/2488 2526/124/2488
f 2525/126/2488 2541/127/2488 2540/125/2488
f 2524/128/2488 2541/127/2488 2525/126/2488
f 2524/128/2488 2542/129/2488 2541/127/2488
f 2523/130/2488 2542/129/2488 2524/128/2488
f 2523/130/2488 2543/131/2488 2542/129/2488
f 2522/132/2488 2543/131/2488 2523/130/2488
f 2522/132/2488 2544/133/2489 2543/131/2488
f 2521/134/2488 2544/133/2489 2522/132/2488
f 2521/134/2488 2545/135/2489 2544/133/2489
f 2520/136/2488 2545/135/2489 2521/134/2488
f 2520/136/2488 2546/137/2488 2545/135/2489
f 2519/138/2488 2546/137/2488 2520/136/2488
f 2519/138/2488 2547/139/2488 2546/137/2488
f 2518/140/2488 2547/139/2488 2519/138/2488
f 2518/140/2488 2548/141/2488 2547/139/2488
f 2517/142/2489 2548/141/2488 2518/140/2488
f 2517/142/2489 2549/143/2488 2548/141/2488
f 2516/144/2488 2549/143/2488 2517/142/2489
f 2516/144/2488 2550/145/2488 2549/143/2488
f 2515/146/2489 2550/145/2488 2516/144/2488
f 2515/146/2489 2551/147/2488 2550/145/2488
f 2514/148/2488 2551/147/2488 2515/146/2489
f 2514/148/2488 2552/149/2489 2551/147/2488
f 2513/150/2486 2552/149/2489 2514/148/2488
f 2513/150/2486 2553/151/2486 2552/149/2489
f 2512/152/2488 2553/151/2486 2513/150/2486
f 2512/152/2488 2554/153/2489 2553/151/2486
f 2511/154/2488 2554/153/2489 2512/152/2488
f 2511/154/2488 2555/155/2489 2554/153/2489
f 2510/22/2487 2555/155/2489 2511/154/2488
f 2510/22/2487 2556/156/2492 2555/155/2489
f 2557/157/2493 2556/156/2492 2510/22/2487
f 2669/158/2550 2671/159/2551 2670/160/2499
f 2669/158/2550 2672/161/2534 2671/159/2551
f 2669/158/2550 2673/162/2552 2672/161/2534
f 2668/163/2549 2673/162/2552 2669/158/2550
f 2668/163/2549 2674/164/2553 2673/162/2552
f 2668/163/2549 2675/165/2554 2674/164/2553
f 2667/166/2548 2675/165/2554 2668/163/2549
f 2667/166/2548 2676/167/2555 2675/165/2554
f 2667/166/2548 2677/168/2556 2676/167/2555
f 2666/169/2547 2677/168/2556 2667/166/2548
f 2666/169/2547 2678/170/2557 2677/168/2556
f 2666/169/2547 2679/171/2558 2678/170/2557
f 2665/172/2546 2679/171/2558 2666/169/2547
f 2665/172/2546 2680/173/2559 2679/171/2558
f 2665/172/2546 2681/174/2560 2680/173/2559
f 2664/175/2545 2681/174/2560 2665/172/2546
f 2664/175/2545 2682/176/2561 2681/174/2560
f 2664/175/2545 2569/177/2501 2682/176/2561
f 2569/177/2501 2568/178/2499 2682/176/2561
f 2568/178/2499 2567/179/2500 2682/176/2561
f 2567/179/2500 2566/180/2499 2682/176/2561
f 2566/180/2499 2565/181/2499 2682/176/2561
f 2565/181/2499 2564/182/2499 2682/176/2561
f 2564/182/2499 2563/183/2499 2682/176/2561
f 2563/183/2499 2562/22/2498 2682/176/2561
f 2562/22/2498 2683/20/2498 2682/176/2561
f 2663/184/2544 2571/185/2503 2664/175/2545
f 2571/185/2503 2570/186/2502 2664/175/2545
f 2570/186/2502 2569/177/2501 2664/175/2545
f 2662/187/2543 2573/188/2505 2663/184/2544
f 2573/188/2505 2572/189/2504 2663/184/2544
f 2572/189/2504 2571/185/2503 2663/184/2544
f 2661/190/2542 2574/191/2506 2662/187/2543
f 2574/191/2506 2573/188/2505 2662/187/2543
f 2661/190/2542 2575/192/2507 2574/191/2506
f 2661/190/2542 2576/193/2508 2575/192/2507
f 2661/190/2542 2577/194/2509 2576/193/2508
f 2661/190/2542 2578/195/2510 2577/194/2509
f 2661/190/2542 2579/196/2511 2578/195/2510
f 2660/197/2541 2579/196/2511 2661/190/2542
f 2660/197/2541 2580/198/2512 2579/196/2511
f 2660/197/2541 2581/199/2513 2580/198/2512
f 2660/197/2541 2582/200/2514 2581/199/2513
f 2659/201/2540 2582/200/2514 2660/197/2541
f 2659/201/2540 2583/202/2515 2582/200/2514
f 2659/201/2540 2584/203/2516 2583/202/2515
f 2658/204/2539 2584/203/2516 2659/201/2540
f 2658/204/2539 2585/205/2517 2584/203/2516
f 2658/204/2539 2586/206/2518 2585/205/2517
f 2657/207/2538 2586/206/2518 2658/204/2539
f 2657/207/2538 2587/208/2519 2586/206/2518
f 2657/207/2538 2588/209/2520 2587/208/2519
f 2656/210/2537 2588/209/2520 2657/207/2538
f 2656/210/2537 2589/211/2521 2588/209/2520
f 2655/212/2536 2589/211/2521 2656/210/2537
f 2655/212/2536 2590/213/2522 2589/211/2521
f 2655/212/2536 2591/214/2522 2590/213/2522
f 2654/215/2523 2591/214/2522 2655/212/2536
f 2654/215/2523 2592/216/2523 2591/214/2522
f 2653/217/2527 2592/216/2523 2654/215/2523
f 2653/217/2527 2593/218/2523 2592/216/2523
f 2652/219/2527 2593/218/2523 2653/217/2527
f 2652/219/2527 2594/220/2523 2593/218/2523
f 2651/221/2523 2594/220/2523 2652/219/2527
f 2651/221/2523 2595/222/2523 2594/220/2523
f 2650/223/2523 2595/222/2523 2651/221/2523
f 2649/224/2523 2595/222/2523 2650/223/2523
f 2649/224/2523 2596/225/2524 2595/222/2523
f 2648/226/2524 2596/225/2524 2649/224/2523
f 2647/227/2525 2596/225/2524 2648/226/2524
f 2647/227/2525 2597/228/2525 2596/225/2524
f 2646/229/2525 2597/228/2525 2647/227/2525
f 2621/230/2529 2623/231/2529 2622/232/2530
f 2646/229/2525 2598/233/2525 2597/228/2525
f 2645/234/2525 2598/233/2525 2646/229/2525
f 2621/230/2529 2624/235/2529 2623/231/2529
f 2644/236/2525 2598/233/2525 2645/234/2525
f 2644/236/2525 2599/237/2525 2598/233/2525
f 2621/230/2529 2625/238/2529 2624/235/2529
f 2643/239/2522 2599/237/2525 2644/236/2525
f 2621/230/2529 2626/240/2529 2625/238/2529
f 2642/241/2525 2599/237/2525 2643/239/2522
f 2641/242/2525 2599/237/2525 2642/241/2525
f 2641/242/2525 2600/243/2522 2599/237/2525
f 2621/230/2529 2627/244/2529 2626/240/2529
f 2640/245/2525 2600/243/2522 2641/242/2525
f 2621/230/2529 2628/246/2529 2627/244/2529
f 2639/247/2522 2600/243/2522 2640/245/2525
f 2621/230/2529 2629/248/2529 2628/246/2529
f 2639/247/2522 2601/249/2522 2600/243/2522
f 2638/250/2535 2601/249/2522 2639/247/2522
f 2621/230/2529 2630/251/2531 2629/248/2529
f 2637/252/2534 2601/249/2522 2638/250/2535
f 2621/230/2529 2631/253/2531 2630/251/2531
f 2636/254/2534 2601/249/2522 2637/252/2534
f 2621/230/2529 2632/255/2529 2631/253/2531
f 2635/256/2534 2601/249/2522 2636/254/2534
f 2621/230/2529 2633/257/2532 2632/255/2529
f 2635/256/2534 2602/258/2522 2601/249/2522
f 2634/259/2533 2602/258/2522 2635/256/2534
f 2621/230/2529 2634/259/2533 2633/257/2532
f 2621/230/2529 2602/258/2522 2634/259/2533
f 2621/230/2529 2603/260/2523 2602/258/2522
f 2620/261/2523 2603/260/2523 2621/230/2529
f 2619/262/2523 2603/260/2523 2620/261/2523
f 2619/262/2523 2604/263/2522 2603/260/2523
f 2618/264/2523 2604/263/2522 2619/262/2523
f 2618/264/2523 2605/265/2523 2604/263/2522
f 2617/266/2523 2605/265/2523 2618/264/2523
f 2616/267/2523 2605/265/2523 2617/266/2523
f 2616/267/2523 2606/268/2523 2605/265/2523
f 2615/269/2523 2606/268/2523 2616/267/2523
f 2614/270/2528 2606/268/2523 2615/269/2523
f 2614/270/2528 2607/271/2523 2606/268/2523
f 2613/272/2522 2607/271/2523 2614/270/2528
f 2612/273/2527 2607/271/2523 2613/272/2522
f 2612/273/2527 2608/274/2522 2607/271/2523
f 2611/275/2527 2608/274/2522 2612/273/2527
f 2610/276/2523 2608/274/2522 2611/275/2527
f 2610/276/2523 2609/277/2526 2608/274/2522
f 2707/278/2572 2709/279/2573 2708/280/2573
f 2707/278/2572 2710/281/2574 2709/279/2573
f 2758/282/2602 2760/283/2603 2759/284/2603
f 2758/282/2602 2761/20/2602 2760/283/2603
f 2757/285/2563 2761/20/2602 2758/282/2602
f 2707/278/2572 2711/286/2575 2710/281/2574
f 2756/287/2563 2761/20/2602 2757/285/2563
f 2756/287/2563 2684/22/2562 2761/20/2602
f 2707/278/2572 2712/268/2576 2711/286/2575
f 2706/288/2571 2712/268/2576 2707/278/2572
f 2755/289/2562 2684/22/2562 2756/287/2563
f 2706/288/2571 2713/290/2577 2712/268/2576
f 2754/161/2563 2684/22/2562 2755/289/2562
f 2706/288/2571 2714/291/2578 2713/290/2577
f 2754/161/2563 2685/292/2563 2684/22/2562
f 2753/293/2563 2685/292/2563 2754/161/2563
f 2706/288/2571 2715/294/2579 2714/291/2578
f 2705/222/2570 2715/294/2579 2706/288/2571
f 2752/295/2563 2685/292/2563 2753/293/2563
f 2705/222/2570 2716/296/2580 2715/294/2579
f 2751/297/2563 2685/292/2563 2752/295/2563
f 2705/222/2570 2717/298/2581 2716/296/2580
f 2751/297/2563 2686/299/2563 2685/292/2563
f 2750/300/2563 2686/299/2563 2751/297/2563
f 2705/222/2570 2718/301/2582 2717/298/2581
f 2749/302/2563 2686/299/2563 2750/300/2563
f 2704/303/2569 2718/301/2582 2705/222/2570
f 2704/303/2569 2719/266/2583 2718/301/2582
f 2748/304/2601 2686/299/2563 2749/302/2563
f 2704/303/2569 2720/305/2584 2719/266/2583
f 2704/303/2569 2721/306/2585 2720/305/2584
f 2747/190/2563 2686/299/2563 2748/304/2601
f 2747/190/2563 2687/307/2563 2686/299/2563
f 2704/303/2569 2722/308/2586 2721/306/2585
f 2746/309/2600 2687/307/2563 2747/190/2563
f 2704/303/2569 2723/310/2587 2722/308/2586
f 2703/311/2568 2723/310/2587 2704/303/2569
f 2745/312/2563 2687/307/2563 2746/309/2600
f 2703/311/2568 2724/313/2588 2723/310/2587
f 2744/314/2601 2687/307/2563 2745/312/2563
f 2744/314/2601 2688/315/2563 2687/307/2563
f 2703/311/2568 2725/316/2589 2724/313/2588
f 2743/317/2600 2688/315/2563 2744/314/2601
f 2742/318/2600 2688/315/2563 2743/317/2600
f 2703/311/2568 2726/246/2590 2725/316/2589
f 2741/319/2601 2688/315/2563 2742/318/2600
f 2703/311/2568 2727/320/2591 2726/246/2590
f 2702/321/2567 2727/320/2591 2703/311/2568
f 2740/223/2599 2688/315/2563 2741/319/2601
f 2702/321/2567 2728/322/2592 2727/320/2591
f 2739/323/2600 2688/315/2563 2740/223/2599
f 2702/321/2567 2729/324/2593 2728/322/2592
f 2739/323/2600 2689/325/2563 2688/315/2563
f 2738/326/2600 2689/325/2563 2739/323/2600
f 2702/321/2567 2730/327/2593 2729/324/2593
f 2737/328/2599 2689/325/2563 2738/326/2600
f 2702/321/2567 2731/329/2594 2730/327/2593
f 2736/330/2598 2689/325/2563 2737/328/2599
f 2702/321/2567 2732/331/2594 2731/329/2594
f 2735/332/2597 2689/325/2563 2736/330/2598
f 2702/321/2567 2733/247/2595 2732/331/2594
f 2734/333/2596 2689/325/2563 2735/332/2597
f 2702/321/2567 2734/333/2596 2733/247/2595
f 2702/321/2567 2689/325/2563 2734/333/2596
f 2701/334/2564 2689/325/2563 2702/321/2567
f 2701/334/2564 2690/335/2564 2689/325/2563
f 2700/336/2564 2690/335/2564 2701/334/2564
f 2700/336/2564 2691/188/2564 2690/335/2564
f 2699/337/2564 2691/188/2564 2700/336/2564
f 2699/337/2564 2692/338/2564 2691/188/2564
f 2698/203/2564 2692/338/2564 2699/337/2564
f 2698/203/2564 2693/339/2564 2692/338/2564
f 2697/340/2566 2693/339/2564 2698/203/2564
f 2697/340/2566 2694/341/2565 2693/339/2564
f 2696/342/2564 2694/341/2565 2697/340/2566
f 2696/342/2564 2695/343/2564 2694/341/2565
f 2766/322/2608 2768/300/2610 2767/323/2609
f 2766/322/2608 2769/20/2611 2768/300/2610
f 2765/298/2607 2769/20/2611 2766/322/2608
f 2764/288/2606 2762/22/2604 2765/298/2607
f 2762/22/2604 2769/20/2611 2765/298/2607
f 2764/288/2606 2763/343/2605 2762/22/2604
f 2816/344/2644 2770/22/2612 2817/345/2612
f 2816/344/2644 2771/346/2613 2770/22/2612
f 2815/347/2643 2771/346/2613 2816/344/2644
f 2815/347/2643 2772/348/2614 2771/346/2613
f 2814/349/2642 2772/348/2614 2815/347/2643
f 2814/349/2642 2773/350/2615 2772/348/2614
f 2813/351/2641 2773/350/2615 2814/349/2642
f 2813/351/2641 2774/352/2616 2773/350/2615
f 2812/353/2640 2774/352/2616 2813/351/2641
f 2812/353/2640 2775/354/2617 2774/352/2616
f 2811/355/2639 2841/356/2654 2812/353/2640
f 2841/356/2654 2775/354/2617 2812/353/2640
f 2811/355/2639 2842/357/2655 2841/356/2654
f 2840/358/2653 2775/354/2617 2841/356/2654
f 2811/355/2639 2843/359/2656 2842/357/2655
f 2839/360/2652 2775/354/2617 2840/358/2653
f 2811/355/2639 2844/361/2657 2843/359/2656
f 2838/362/2651 2775/354/2617 2839/360/2652
f 2838/362/2651 2776/363/2618 2775/354/2617
f 2810/364/2638 2844/361/2657 2811/355/2639
f 2837/365/2650 2776/363/2618 2838/362/2651
f 2810/364/2638 2845/366/2658 2844/361/2657
f 2836/367/2649 2776/363/2618 2837/365/2650
f 2810/364/2638 2846/368/2637 2845/366/2658
f 2836/367/2649 2777/369/2618 2776/363/2618
f 2809/370/2637 2846/368/2637 2810/364/2638
f 2835/371/2648 2777/369/2618 2836/367/2649
f 2809/370/2637 2847/372/2637 2846/368/2637
f 2834/373/2618 2777/369/2618 2835/371/2648
f 2809/370/2637 2848/374/2637 2847/372/2637
f 2834/373/2618 2778/375/2618 2777/369/2618
f 2808/376/2637 2848/374/2637 2809/370/2637
f 2833/377/2618 2778/375/2618 2834/373/2618
f 2808/376/2637 2849/378/2637 2848/374/2637
f 2833/377/2618 2779/379/2618 2778/375/2618
f 2807/380/2636 2849/378/2637 2808/376/2637
f 2832/381/2618 2779/379/2618 2833/377/2618
f 2807/380/2636 2850/382/2637 2849/378/2637
f 2831/383/2618 2779/379/2618 2832/381/2618
f 2807/380/2636 2851/384/2636 2850/382/2637
f 2831/383/2618 2780/385/2619 2779/379/2618
f 2806/386/2636 2851/384/2636 2807/380/2636
f 2830/387/2619 2780/385/2619 2831/383/2618
f 2806/386/2636 2852/388/2659 2851/384/2636
f 2830/387/2619 2781/389/2619 2780/385/2619
f 2805/390/2635 2852/388/2659 2806/386/2636
f 2829/391/2619 2781/389/2619 2830/387/2619
f 2805/390/2635 2853/392/2660 2852/388/2659
f 2804/393/2634 2853/392/2660 2805/390/2635
f 2804/393/2634 2854/394/2661 2853/392/2660
f 2828/395/2619 2781/389/2619 2829/391/2619
f 2828/395/2619 2782/396/2619 2781/389/2619
f 2804/393/2634 2855/397/2662 2854/394/2661
f 2827/398/2619 2782/396/2619 2828/395/2619
f 2827/398/2619 2783/399/2619 2782/396/2619
f 2803/400/2633 2855/397/2662 2804/393/2634
f 2803/400/2633 2856/401/2663 2855/397/2662
f 2826/402/2619 2783/399/2619 2827/398/2619
f 2826/402/2619 2784/403/2619 2783/399/2619
f 2802/404/2632 2856/401/2663 2803/400/2633
f 2802/404/2632 2857/405/2631 2856/401/2663
f 2825/406/2619 2784/403/2619 2826/402/2619
f 2825/406/2619 2785/407/2619 2784/403/2619
f 2801/408/2631 2857/405/2631 2802/404/2632
f 2801/408/2631 2858/409/2612 2857/405/2631
f 2824/410/2647 2785/407/2619 2825/406/2619
f 2801/408/2631 2859/411/2612 2858/409/2612
f 2823/412/2647 2785/407/2619 2824/410/2647
f 2823/412/2647 2786/413/2619 2785/407/2619
f 2800/414/2612 2859/411/2612 2801/408/2631
f 2800/414/2612 2860/415/2664 2859/411/2612
f 2822/416/2647 2786/413/2619 2823/412/2647
f 2800/414/2612 2861/417/2664 2860/415/2664
f 2821/418/2646 2786/413/2619 2822/416/2647
f 2821/418/2646 2787/419/2619 2786/413/2619
f 2799/420/2612 2861/417/2664 2800/414/2612
f 2799/420/2612 2862/421/2664 2861/417/2664
f 2820/422/2646 2787/419/2619 2821/418/2646
f 2799/420/2612 2863/423/2664 2862/421/2664
f 2819/424/2646 2787/419/2619 2820/422/2646
f 2819/424/2646 2788/425/2620 2787/419/2619
f 2798/426/2630 2863/423/2664 2799/420/2612
f 2798/426/2630 2864/427/2665 2863/423/2664
f 2818/428/2645 2788/425/2620 2819/424/2646
f 2798/426/2630 2865/20/2666 2864/427/2665
f 2865/20/2666 2788/425/2620 2818/428/2645
f 2798/426/2630 2788/425/2620 2865/20/2666
f 2798/426/2630 2789/429/2621 2788/425/2620
f 2797/430/2629 2789/429/2621 2798/426/2630
f 2797/430/2629 2790/431/2622 2789/429/2621
f 2796/432/2628 2790/431/2622 2797/430/2629
f 2796/432/2628 2791/433/2623 2790/431/2622
f 2795/434/2627 2791/433/2623 2796/432/2628
f 2795/434/2627 2792/435/2624 2791/433/2623
f 2794/436/2626 2792/435/2624 2795/434/2627
f 2794/436/2626 2793/437/2625 2792/435/2624
f 2868/376/2669 2870/368/2671 2869/398/2670
f 2868/376/2669 2871/20/2672 2870/368/2671
f 2868/376/2669 2866/22/2667 2871/20/2672
f 2868/376/2669 2867/429/2668 2866/22/2667
f 2883/1/2684 2884/3/2685 2885/2/2686
f 2907/4/2707 2908/6/2708 2909/5/2709
f 2882/7/2683 2883/1/2684 2885/2/2686
f 2882/7/2683 2885/2/2686 2886/8/2682
f 2906/9/2706 2907/4/2707 2909/5/2709
f 2906/9/2706 2909/5/2709 2910/10/2710
f 2881/11/2682 2882/7/2683 2886/8/2682
f 2881/11/2682 2886/8/2682 2887/12/2687
f 2905/13/2705 2906/9/2706 2910/10/2710
f 2880/14/2681 2881/11/2682 2887/12/2687
f 2880/14/2681 2887/12/2687 2888/15/2688
f 2905/13/2705 2910/10/2710 2911/16/2711
f 2904/17/2704 2905/13/2705 2911/16/2711
f 2879/18/2680 2880/14/2681 2888/15/2688
f 2976/19/2755 2977/21/2755 2978/20/2758
f 2976/19/2755 2978/20/2758 2872/22/2673
f 2879/18/2680 2888/15/2688 2889/23/2689
f 2903/24/2703 2904/17/2704 2911/16/2711
f 2878/25/2679 2879/18/2680 2889/23/2689
f 2903/24/2703 2911/16/2711 2912/26/2712
f 2878/25/2679 2889/23/2689 2890/27/2690
f 2877/28/2678 2878/25/2679 2890/27/2690
f 2902/29/2702 2903/24/2703 2912/26/2712
f 2877/28/2678 2890/27/2690 2891/30/2691
f 2902/29/2702 2912/26/2712 2913/31/2713
f 2876/32/2677 2877/28/2678 2891/30/2691
f 2901/33/2701 2902/29/2702 2913/31/2713
f 2876/32/2677 2891/30/2691 2892/34/2692
f 2875/35/2676 2876/32/2677 2892/34/2692
f 2900/36/2700 2901/33/2701 2913/31/2713
f 2900/36/2700 2913/31/2713 2914/37/2714
f 2875/35/2676 2892/34/2692 2893/38/2693
f 2874/39/2675 2875/35/2676 2893/38/2693
f 2899/40/2699 2900/36/2700 2914/37/2714
f 2874/39/2675 2893/38/2693 2894/41/2694
f 2873/42/2674 2874/39/2675 2894/41/2694
f 2899/40/2699 2914/37/2714 2915/43/2715
f 2898/44/2698 2899/40/2699 2915/43/2715
f 2873/42/2674 2894/41/2694 2895/45/2695
f 2872/22/2673 2873/42/2674 2895/45/2695
f 2897/46/2697 2898/44/2698 2915/43/2715
f 2897/46/2697 2915/43/2715 2935/47/2734
f 2935/47/2734 2915/43/2715 2916/48/2716
f 2976/19/2755 2872/22/2673 2974/49/2757
f 2974/49/2757 2872/22/2673 2973/50/2756
f 2973/50/2756 2872/22/2673 2972/51/2756
f 2972/51/2756 2872/22/2673 2971/52/2756
f 2971/52/2756 2872/22/2673 2970/53/2753
f 2970/53/2753 2872/22/2673 2969/54/2753
f 2969/54/2753 2872/22/2673 2968/55/2753
f 2968/55/2753 2872/22/2673 2967/56/2753
f 2967/56/2753 2872/22/2673 2966/57/2755
f 2966/57/2755 2872/22/2673 2965/58/2754
f 2965/58/2754 2872/22/2673 2964/59/2753
f 2964/59/2753 2872/22/2673 2963/60/2752
f 2963/60/2752 2872/22/2673 2895/45/2695
f 2963/60/2752 2895/45/2695 2962/61/2751
f 2962/61/2751 2895/45/2695 2896/62/2696
f 2896/62/2696 2897/46/2697 2936/63/2735
f 2936/63/2735 2897/46/2697 2935/47/2734
f 2961/64/2750 2962/61/2751 2896/62/2696
f 2934/65/2733 2935/47/2734 2916/48/2716
f 2896/62/2696 2936/63/2735 2937/66/2736
f 2960/67/2749 2961/64/2750 2896/62/2696
f 2933/68/2732 2934/65/2733 2916/48/2716
f 2896/62/2696 2937/66/2736 2938/69/2709
f 2959/70/2748 2960/67/2749 2896/62/2696
f 2932/71/2731 2933/68/2732 2916/48/2716
f 2896/62/2696 2938/69/2709 2939/72/2737
f 2958/73/2747 2959/70/2748 2896/62/2696
f 2958/73/2747 2896/62/2696 2939/72/2737
f 2931/74/2730 2932/71/2731 2916/48/2716
f 2958/73/2747 2939/72/2737 2940/75/2738
f 2931/74/2730 2916/48/2716 2917/76/2717
f 2957/77/2746 2958/73/2747 2940/75/2738
f 2957/77/2746 2940/75/2738 2941/78/2739
f 2930/79/2729 2931/74/2730 2917/76/2717
f 2957/77/2746 2941/78/2739 2942/80/2740
f 2956/81/2745 2957/77/2746 2942/80/2740
f 2929/82/2728 2930/79/2729 2917/76/2717
f 2956/81/2745 2942/80/2740 2943/83/2709
f 2955/84/2741 2956/81/2745 2943/83/2709
f 2928/85/2727 2929/82/2728 2917/76/2717
f 2955/84/2741 2943/83/2709 2944/86/2709
f 2928/85/2727 2917/76/2717 2918/87/2718
f 2954/88/2741 2955/84/2741 2944/86/2709
f 2954/88/2741 2944/86/2709 2945/89/2706
f 2927/90/2726 2928/85/2727 2918/87/2718
f 2954/88/2741 2945/89/2706 2946/91/2741
f 2953/92/2741 2954/88/2741 2946/91/2741
f 2926/93/2725 2927/90/2726 2918/87/2718
f 2953/92/2741 2946/91/2741 2947/94/2741
f 2926/93/2725 2918/87/2718 2919/95/2719
f 2952/96/2706 2953/92/2741 2947/94/2741
f 2976/19/2755 2974/49/2757 2975/97/2755
f 2952/96/2706 2947/94/2741 2948/98/2742
f 2925/99/2724 2926/93/2725 2919/95/2719
f 2951/100/2744 2952/96/2706 2948/98/2742
f 2924/101/2723 2925/99/2724 2919/95/2719
f 2924/101/2723 2919/95/2719 2920/102/2720
f 2950/103/2743 2951/100/2744 2948/98/2742
f 2923/104/2722 2924/101/2723 2920/102/2720
f 2923/104/2722 2920/102/2720 2921/105/2721
f 2949/106/2742 2950/103/2743 2948/98/2742
f 2922/107/2706 2923/104/2722 2921/105/2721
f 3027/108/2758 3028/110/2758 3029/109/2758
f 3027/108/2758 3029/109/2758 3030/20/2758
f 3001/111/2763 3002/113/2762 3003/112/2764
f 3000/114/2760 3001/111/2763 3003/112/2764
f 3000/114/2760 3003/112/2764 3004/115/2761
f 2999/116/2762 3000/114/2760 3004/115/2761
f 2999/116/2762 3004/115/2761 3005/117/2758
f 2998/118/2761 2999/116/2762 3005/117/2758
f 2998/118/2761 3005/117/2758 3006/119/2759
f 2997/120/2761 2998/118/2761 3006/119/2759
f 2997/120/2761 3006/119/2759 3007/121/2759
f 2996/122/2761 2997/120/2761 3007/121/2759
f 2996/122/2761 3007/121/2759 3008/123/2761
f 2995/124/2761 2996/122/2761 3008/123/2761
f 2995/124/2761 3008/123/2761 3009/125/2759
f 2994/126/2761 2995/124/2761 3009/125/2759
f 2994/126/2761 3009/125/2759 3010/127/2761
f 2993/128/2761 2994/126/2761 3010/127/2761
f 2993/128/2761 3010/127/2761 3011/129/2761
f 2992/130/2761 2993/128/2761 3011/129/2761
f 2992/130/2761 3011/129/2761 3012/131/2759
f 2991/132/2761 2992/130/2761 3012/131/2759
f 2991/132/2761 3012/131/2759 3013/133/2761
f 2990/134/2761 2991/132/2761 3013/133/2761
f 2990/134/2761 3013/133/2761 3014/135/2761
f 2989/136/2759 2990/134/2761 3014/135/2761
f 2989/136/2759 3014/135/2761 3015/137/2761
f 2988/138/2759 2989/136/2759 3015/137/2761
f 2988/138/2759 3015/137/2761 3016/139/2761
f 2987/140/2761 2988/138/2759 3016/139/2761
f 2987/140/2761 3016/139/2761 3017/141/2761
f 2986/142/2761 2987/140/2761 3017/141/2761
f 2986/142/2761 3017/141/2761 3018/143/2761
f 2985/144/2761 2986/142/2761 3018/143/2761
f 2985/144/2761 3018/143/2761 3019/145/2759
f 2984/146/2759 2985/144/2761 3019/145/2759
f 2984/146/2759 3019/145/2759 3020/147/2761
f 2983/148/2761 2984/146/2759 3020/147/2761
f 2983/148/2761 3020/147/2761 3021/149/2759
f 2982/150/2761 2983/148/2761 3021/149/2759
f 2982/150/2761 3021/149/2759 3022/151/2761
f 2981/152/2761 2982/150/2761 3022/151/2761
f 2981/152/2761 3022/151/2761 3023/153/2759
f 2980/154/2760 2981/152/2761 3023/153/2759
f 2980/154/2760 3023/153/2759 3024/155/2765
f 2979/22/2759 2980/154/2760 3024/155/2765
f 2979/22/2759 3024/155/2765 3025/156/2766
f 3026/157/2767 2979/22/2759 3025/156/2766
f 3138/158/2818 3139/160/2819 3140/159/2801
f 3138/158/2818 3140/159/2801 3141/161/2820
f 3138/158/2818 3141/161/2820 3142/162/2821
f 3137/163/2817 3138/158/2818 3142/162/2821
f 3137/163/2817 3142/162/2821 3143/164/2822
f 3137/163/2817 3143/164/2822 3144/165/2823
f 3136/166/2816 3137/163/2817 3144/165/2823
f 3136/166/2816 3144/165/2823 3145/167/2824
f 3136/166/2816 3145/167/2824 3146/168/2825
f 3135/169/2815 3136/166/2816 3146/168/2825
f 3135/169/2815 3146/168/2825 3147/170/2826
f 3135/169/2815 3147/170/2826 3148/171/2827
f 3134/172/2814 3135/169/2815 3148/171/2827
f 3134/172/2814 3148/171/2827 3149/173/2828
f 3134/172/2814 3149/173/2828 3150/174/2829
f 3133/175/2813 3134/172/2814 3150/174/2829
f 3133/175/2813 3150/174/2829 3151/176/2830
f 3133/175/2813 3151/176/2830 3038/177/2771
f 3038/177/2771 3151/176/2830 3037/178/2770
f 3037/178/2770 3151/176/2830 3036/179/2768
f 3036/179/2768 3151/176/2830 3035/180/2769
f 3035/180/2769 3151/176/2830 3034/181/2768
f 3034/181/2768 3151/176/2830 3033/182/2768
f 3033/182/2768 3151/176/2830 3032/183/2768
f 3032/183/2768 3151/176/2830 3031/22/2768
f 3031/22/2768 3151/176/2830 3152/20/2768
f 3132/184/2812 3133/175/2813 3040/185/2773
f 3040/185/2773 3133/175/2813 3039/186/2772
f 3039/186/2772 3133/175/2813 3038/177/2771
f 3131/187/2811 3132/184/2812 3042/188/2775
f 3042/188/2775 3132/184/2812 3041/189/2774
f 3041/189/2774 3132/184/2812 3040/185/2773
f 3130/190/2810 3131/187/2811 3043/191/2776
f 3043/191/2776 3131/187/2811 3042/188/2775
f 3130/190/2810 3043/191/2776 3044/192/2777
f 3130/190/2810 3044/192/2777 3045/193/2778
f 3130/190/2810 3045/193/2778 3046/194/2779
f 3130/190/2810 3046/194/2779 3047/195/2780
f 3130/190/2810 3047/195/2780 3048/196/2781
f 3129/197/2809 3130/190/2810 3048/196/2781
f 3129/197/2809 3048/196/2781 3049/198/2782
f 3129/197/2809 3049/198/2782 3050/199/2783
f 3129/197/2809 3050/199/2783 3051/200/2784
f 3128/201/2808 3129/197/2809 3051/200/2784
f 3128/201/2808 3051/200/2784 3052/202/2785
f 3128/201/2808 3052/202/2785 3053/203/2786
f 3127/204/2807 3128/201/2808 3053/203/2786
f 3127/204/2807 3053/203/2786 3054/205/2787
f 3127/204/2807 3054/205/2787 3055/206/2788
f 3126/207/2806 3127/204/2807 3055/206/2788
f 3126/207/2806 3055/206/2788 3056/208/2789
f 3126/207/2806 3056/208/2789 3057/209/2790
f 3125/210/2805 3126/207/2806 3057/209/2790
f 3125/210/2805 3057/209/2790 3058/211/2791
f 3124/212/2804 3125/210/2805 3058/211/2791
f 3124/212/2804 3058/211/2791 3059/213/2792
f 3124/212/2804 3059/213/2792 3060/214/2793
f 3123/215/2769 3124/212/2804 3060/214/2793
f 3123/215/2769 3060/214/2793 3061/216/2793
f 3122/217/2769 3123/215/2769 3061/216/2793
f 3122/217/2769 3061/216/2793 3062/218/2793
f 3121/219/2769 3122/217/2769 3062/218/2793
f 3121/219/2769 3062/218/2793 3063/220/2793
f 3120/221/2793 3121/219/2769 3063/220/2793
f 3120/221/2793 3063/220/2793 3064/222/2794
f 3119/223/2793 3120/221/2793 3064/222/2794
f 3118/224/2794 3119/223/2793 3064/222/2794
f 3118/224/2794 3064/222/2794 3065/225/2794
f 3117/226/2794 3118/224/2794 3065/225/2794
f 3116/227/2794 3117/226/2794 3065/225/2794
f 3116/227/2794 3065/225/2794 3066/228/2795
f 3115/229/2795 3116/227/2794 3066/228/2795
f 3090/230/2798 3091/232/2798 3092/231/2798
f 3115/229/2795 3066/228/2795 3067/233/2795
f 3114/234/2795 3115/229/2795 3067/233/2795
f 3090/230/2798 3092/231/2798 3093/235/2798
f 3113/236/2795 3114/234/2795 3067/233/2795
f 3113/236/2795 3067/233/2795 3068/237/2795
f 3090/230/2798 3093/235/2798 3094/238/2798
f 3112/239/2795 3113/236/2795 3068/237/2795
f 3090/230/2798 3094/238/2798 3095/240/2798
f 3111/241/2795 3112/239/2795 3068/237/2795
f 3110/242/2795 3111/241/2795 3068/237/2795
f 3110/242/2795 3068/237/2795 3069/243/2795
f 3090/230/2798 3095/240/2798 3096/244/2798
f 3109/245/2792 3110/242/2795 3069/243/2795
f 3090/230/2798 3096/244/2798 3097/246/2798
f 3108/247/2792 3109/245/2792 3069/243/2795
f 3090/230/2798 3097/246/2798 3098/248/2798
f 3108/247/2792 3069/243/2795 3070/249/2792
f 3107/250/2800 3108/247/2792 3070/249/2792
f 3090/230/2798 3098/248/2798 3099/251/2799
f 3106/252/2796 3107/250/2800 3070/249/2792
f 3090/230/2798 3099/251/2799 3100/253/2800
f 3105/254/2801 3106/252/2796 3070/249/2792
f 3090/230/2798 3100/253/2800 3101/255/2799
f 3104/256/2803 3105/254/2801 3070/249/2792
f 3090/230/2798 3101/255/2799 3102/257/2801
f 3104/256/2803 3070/249/2792 3071/258/2792
f 3103/259/2802 3104/256/2803 3071/258/2792
f 3090/230/2798 3102/257/2801 3103/259/2802
f 3090/230/2798 3103/259/2802 3071/258/2792
f 3090/230/2798 3071/258/2792 3072/260/2793
f 3089/261/2793 3090/230/2798 3072/260/2793
f 3088/262/2793 3089/261/2793 3072/260/2793
f 3088/262/2793 3072/260/2793 3073/263/2793
f 3087/264/2793 3088/262/2793 3073/263/2793
f 3087/264/2793 3073/263/2793 3074/265/2793
f 3086/266/2793 3087/264/2793 3074/265/2793
f 3085/267/2792 3086/266/2793 3074/265/2793
f 3085/267/2792 3074/265/2793 3075/268/2793
f 3084/269/2769 3085/267/2792 3075/268/2793
f 3083/270/2793 3084/269/2769 3075/268/2793
f 3083/270/2793 3075/268/2793 3076/271/2792
f 3082/272/2797 3083/270/2793 3076/271/2792
f 3081/273/2796 3082/272/2797 3076/271/2792
f 3081/273/2796 3076/271/2792 3077/274/2792
f 3080/275/2769 3081/273/2796 3077/274/2792
f 3079/276/2793 3080/275/2769 3077/274/2792
f 3079/276/2793 3077/274/2792 3078/277/2770
f 3176/278/2841 3177/280/2842 3178/279/2842
f 3176/278/2841 3178/279/2842 3179/281/2843
f 3227/282/2871 3228/284/2871 3229/283/2871
f 3227/282/2871 3229/283/2871 3230/20/2871
f 3226/285/2831 3227/282/2871 3230/20/2871
f 3176/278/2841 3179/281/2843 3180/286/2844
f 3225/287/2831 3226/285/2831 3230/20/2871
f 3225/287/2831 3230/20/2871 3153/22/2831
f 3176/278/2841 3180/286/2844 3181/268/2845
f 3175/288/2840 3176/278/2841 3181/268/2845
f 3224/289/2831 3225/287/2831 3153/22/2831
f 3175/288/2840 3181/268/2845 3182/290/2846
f 3223/161/2832 3224/289/2831 3153/22/2831
f 3175/288/2840 3182/290/2846 3183/291/2847
f 3223/161/2832 3153/22/2831 3154/292/2831
f 3222/293/2832 3223/161/2832 3154/292/2831
f 3175/288/2840 3183/291/2847 3184/294/2848
f 3174/222/2839 3175/288/2840 3184/294/2848
f 3221/295/2831 3222/293/2832 3154/292/2831
f 3174/222/2839 3184/294/2848 3185/296/2849
f 3220/297/2832 3221/295/2831 3154/292/2831
f 3174/222/2839 3185/296/2849 3186/298/2850
f 3220/297/2832 3154/292/2831 3155/299/2832
f 3219/300/2832 3220/297/2832 3155/299/2832
f 3174/222/2839 3186/298/2850 3187/301/2851
f 3218/302/2831 3219/300/2832 3155/299/2832
f 3173/303/2838 3174/222/2839 3187/301/2851
f 3173/303/2838 3187/301/2851 3188/266/2852
f 3217/304/2832 3218/302/2831 3155/299/2832
f 3173/303/2838 3188/266/2852 3189/305/2853
f 3173/303/2838 3189/305/2853 3190/306/2854
f 3216/190/2832 3217/304/2832 3155/299/2832
f 3216/190/2832 3155/299/2832 3156/307/2832
f 3173/303/2838 3190/306/2854 3191/308/2855
f 3215/309/2832 3216/190/2832 3156/307/2832
f 3173/303/2838 3191/308/2855 3192/310/2856
f 3172/311/2837 3173/303/2838 3192/310/2856
f 3214/312/2870 3215/309/2832 3156/307/2832
f 3172/311/2837 3192/310/2856 3193/313/2857
f 3213/314/2832 3214/312/2870 3156/307/2832
f 3213/314/2832 3156/307/2832 3157/315/2832
f 3172/311/2837 3193/313/2857 3194/316/2858
f 3212/317/2869 3213/314/2832 3157/315/2832
f 3211/318/2869 3212/317/2869 3157/315/2832
f 3172/311/2837 3194/316/2858 3195/246/2859
f 3210/319/2869 3211/318/2869 3157/315/2832
f 3172/311/2837 3195/246/2859 3196/320/2860
f 3171/321/2836 3172/311/2837 3196/320/2860
f 3209/223/2867 3210/319/2869 3157/315/2832
f 3171/321/2836 3196/320/2860 3197/322/2861
f 3208/323/2869 3209/223/2867 3157/315/2832
f 3171/321/2836 3197/322/2861 3198/324/2861
f 3208/323/2869 3157/315/2832 3158/325/2832
f 3207/326/2869 3208/323/2869 3158/325/2832
f 3171/321/2836 3198/324/2861 3199/327/2862
f 3206/328/2868 3207/326/2869 3158/325/2832
f 3171/321/2836 3199/327/2862 3200/329/2862
f 3205/330/2867 3206/328/2868 3158/325/2832
f 3171/321/2836 3200/329/2862 3201/331/2863
f 3204/332/2866 3205/330/2867 3158/325/2832
f 3171/321/2836 3201/331/2863 3202/247/2864
f 3203/333/2865 3204/332/2866 3158/325/2832
f 3171/321/2836 3202/247/2864 3203/333/2865
f 3171/321/2836 3203/333/2865 3158/325/2832
f 3170/334/2833 3171/321/2836 3158/325/2832
f 3170/334/2833 3158/325/2832 3159/335/2833
f 3169/336/2833 3170/334/2833 3159/335/2833
f 3169/336/2833 3159/335/2833 3160/188/2833
f 3168/337/2833 3169/336/2833 3160/188/2833
f 3168/337/2833 3160/188/2833 3161/338/2833
f 3167/203/2833 3168/337/2833 3161/338/2833
f 3167/203/2833 3161/338/2833 3162/339/2834
f 3166/340/2833 3167/203/2833 3162/339/2834
f 3166/340/2833 3162/339/2834 3163/341/2835
f 3165/342/2834 3166/340/2833 3163/341/2835
f 3165/342/2834 3163/341/2835 3164/343/2835
f 3235/322/2876 3236/323/2877 3237/300/2878
f 3235/322/2876 3237/300/2878 3238/20/2879
f 3234/298/2875 3235/322/2876 3238/20/2879
f 3233/288/2874 3234/298/2875 3231/22/2872
f 3231/22/2872 3234/298/2875 3238/20/2879
f 3233/288/2874 3231/22/2872 3232/343/2873
f 3285/344/2912 3286/345/2913 3239/22/2880
f 3285/344/2912 3239/22/2880 3240/346/2881
f 3284/347/2911 3285/344/2912 3240/346/2881
f 3284/347/2911 3240/346/2881 3241/348/2882
f 3283/349/2910 3284/347/2911 3241/348/2882
f 3283/349/2910 3241/348/2882 3242/350/2883
f 3282/351/2909 3283/349/2910 3242/350/2883
f 3282/351/2909 3242/350/2883 3243/352/2884
f 3281/353/2908 3282/351/2909 3243/352/2884
f 3281/353/2908 3243/352/2884 3244/354/2885
f 3280/355/2907 3281/353/2908 3310/356/2925
f 3310/356/2925 3281/353/2908 3244/354/2885
f 3280/355/2907 3310/356/2925 3311/357/2926
f 3309/358/2924 3310/356/2925 3244/354/2885
f 3280/355/2907 3311/357/2926 3312/359/2927
f 3308/360/2923 3309/358/2924 3244/354/2885
f 3280/355/2907 3312/359/2927 3313/361/2928
f 3307/362/2922 3308/360/2923 3244/354/2885
f 3307/362/2922 3244/354/2885 3245/363/2886
f 3279/364/2906 3280/355/2907 3313/361/2928
f 3306/365/2921 3307/362/2922 3245/363/2886
f 3279/364/2906 3313/361/2928 3314/366/2906
f 3305/367/2920 3306/365/2921 3245/363/2886
f 3279/364/2906 3314/366/2906 3315/368/2906
f 3305/367/2920 3245/363/2886 3246/369/2887
f 3278/370/2906 3279/364/2906 3315/368/2906
f 3304/371/2919 3305/367/2920 3246/369/2887
f 3278/370/2906 3315/368/2906 3316/372/2906
f 3303/373/2887 3304/371/2919 3246/369/2887
f 3278/370/2906 3316/372/2906 3317/374/2906
f 3303/373/2887 3246/369/2887 3247/375/2887
f 3277/376/2905 3278/370/2906 3317/374/2906
f 3302/377/2887 3303/373/2887 3247/375/2887
f 3277/376/2905 3317/374/2906 3318/378/2906
f 3302/377/2887 3247/375/2887 3248/379/2887
f 3276/380/2905 3277/376/2905 3318/378/2906
f 3301/381/2887 3302/377/2887 3248/379/2887
f 3276/380/2905 3318/378/2906 3319/382/2906
f 3300/383/2887 3301/381/2887 3248/379/2887
f 3276/380/2905 3319/382/2906 3320/384/2905
f 3300/383/2887 3248/379/2887 3249/385/2887
f 3275/386/2905 3276/380/2905 3320/384/2905
f 3299/387/2887 3300/383/2887 3249/385/2887
f 3275/386/2905 3320/384/2905 3321/388/2905
f 3299/387/2887 3249/385/2887 3250/389/2888
f 3274/390/2905 3275/386/2905 3321/388/2905
f 3298/391/2888 3299/387/2887 3250/389/2888
f 3274/390/2905 3321/388/2905 3322/392/2929
f 3273/393/2904 3274/390/2905 3322/392/2929
f 3273/393/2904 3322/392/2929 3323/394/2930
f 3297/395/2888 3298/391/2888 3250/389/2888
f 3297/395/2888 3250/389/2888 3251/396/2888
f 3273/393/2904 3323/394/2930 3324/397/2931
f 3296/398/2888 3297/395/2888 3251/396/2888
f 3296/398/2888 3251/396/2888 3252/399/2888
f 3272/400/2903 3273/393/2904 3324/397/2931
f 3272/400/2903 3324/397/2931 3325/401/2932
f 3295/402/2888 3296/398/2888 3252/399/2888
f 3295/402/2888 3252/399/2888 3253/403/2888
f 3271/404/2902 3272/400/2903 3325/401/2932
f 3271/404/2902 3325/401/2932 3326/405/2901
f 3294/406/2888 3295/402/2888 3253/403/2888
f 3294/406/2888 3253/403/2888 3254/407/2888
f 3270/408/2901 3271/404/2902 3326/405/2901
f 3270/408/2901 3326/405/2901 3327/409/2901
f 3293/410/2888 3294/406/2888 3254/407/2888
f 3270/408/2901 3327/409/2901 3328/411/2900
f 3292/412/2918 3293/410/2888 3254/407/2888
f 3292/412/2918 3254/407/2888 3255/413/2888
f 3269/414/2901 3270/408/2901 3328/411/2900
f 3269/414/2901 3328/411/2900 3329/415/2900
f 3291/416/2918 3292/412/2918 3255/413/2888
f 3269/414/2901 3329/415/2900 3330/417/2933
f 3290/418/2917 3291/416/2918 3255/413/2888
f 3290/418/2917 3255/413/2888 3256/419/2888
f 3268/420/2900 3269/414/2901 3330/417/2933
f 3268/420/2900 3330/417/2933 3331/421/2933
f 3289/422/2916 3290/418/2917 3256/419/2888
f 3268/420/2900 3331/421/2933 3332/423/2933
f 3288/424/2915 3289/422/2916 3256/419/2888
f 3288/424/2915 3256/419/2888 3257/425/2889
f 3267/426/2899 3268/420/2900 3332/423/2933
f 3267/426/2899 3332/423/2933 3333/427/2934
f 3287/428/2914 3288/424/2915 3257/425/2889
f 3267/426/2899 3333/427/2934 3334/20/2935
f 3334/20/2935 3287/428/2914 3257/425/2889
f 3267/426/2899 3334/20/2935 3257/425/2889
f 3267/426/2899 3257/425/2889 3258/429/2890
f 3266/430/2898 3267/426/2899 3258/429/2890
f 3266/430/2898 3258/429/2890 3259/431/2891
f 3265/432/2897 3266/430/2898 3259/431/2891
f 3265/432/2897 3259/431/2891 3260/433/2892
f 3264/434/2896 3265/432/2897 3260/433/2892
f 3264/434/2896 3260/433/2892 3261/435/2893
f 3263/436/2895 3264/434/2896 3261/435/2893
f 3263/436/2895 3261/435/2893 3262/437/2894
f 3337/376/2938 3338/398/2939 3339/368/2940
f 3337/376/2938 3339/368/2940 3340/20/2941
f 3337/376/2938 3340/20/2941 3335/22/2936
f 3337/376/2938 3335/22/2936 3336/429/2937
f 3342/438/2943 3344/439/2945 3343/440/2944 3341/22/2942
f 3344/439/2945 3346/441/2947 3345/122/2946 3343/440/2944
f 3346/441/2947 3348/442/2949 3347/99/2948 3345/122/2946
f 3348/442/2949 3350/443/2951 3349/133/2950 3347/99/2948
f 3350/443/2951 3352/444/2953 3351/445/2952 3349/133/2950
f 3352/444/2953 3342/446/2943 3341/20/2942 3351/445/2952
f 3354/438/2955 3356/447/2957 3355/448/2956 3353/22/2954
f 3356/447/2957 3358/449/2959 3357/450/2958 3355/448/2956
f 3358/449/2959 3360/451/2960 3359/452/2960 3357/450/2958
f 3360/451/2960 3362/453/2961 3361/454/2960 3359/452/2960
f 3362/453/2961 3364/455/2887 3363/456/2960 3361/454/2960
f 3364/455/2887 3366/457/2887 3365/458/2962 3363/456/2960
f 3366/457/2887 3368/459/2962 3367/460/2887 3365/458/2962
f 3368/459/2962 3370/439/2962 3369/440/2962 3367/460/2887
f 3370/439/2962 3372/461/2887 3371/462/2887 3369/440/2962
f 3372/461/2887 3374/463/2887 3373/464/2887 3371/462/2887
f 3374/463/2887 3376/465/2888 3375/466/2888 3373/464/2887
f 3376/465/2888 3378/467/2888 3377/468/2888 3375/466/2888
f 3378/467/2888 3380/469/2888 3379/470/2888 3377/468/2888
f 3380/469/2888 3382/471/2888 3381/472/2888 3379/470/2888
f 3382/471/2888 3384/473/2918 3383/474/2963 3381/472/2888
f 3384/473/2918 3386/441/2963 3385/122/2888 3383/474/2963
f 3386/441/2963 3388/475/2964 3387/476/2917 3385/122/2888
f 3388/475/2964 3390/477/2918 3389/478/2965 3387/476/2917
f 3390/477/2918 3392/479/2967 3391/480/2966 3389/478/2965
f 3392/479/2967 3394/481/2966 3393/482/2968 3391/480/2966
f 3394/481/2966 3396/483/2918 3395/484/2969 3393/482/2968
f 3396/483/2918 3398/485/2971 3397/486/2970 3395/484/2969
f 3398/485/2971 3400/487/2973 3399/488/2972 3397/486/2970
f 3400/487/2973 3402/442/2974 3401/99/2664 3399/488/2972
f 3402/442/2974 3404/489/2664 3403/490/2664 3401/99/2664
f 3404/489/2664 3406/491/2664 3405/492/2664 3403/490/2664
f 3406/491/2664 3408/493/2664 3407/494/2612 3405/492/2664
f 3408/493/2664 3410/495/2612 3409/496/2612 3407/494/2612
f 3410/495/2612 3412/497/2612 3411/498/2612 3409/496/2612
f 3412/497/2612 3414/499/2631 3413/500/2631 3411/498/2612
f 3414/499/2631 3416/501/2631 3415/502/2631 3413/500/2631
f 3416/501/2631 3418/443/2976 3417/133/2975 3415/502/2631
f 3418/443/2976 3420/503/2978 3419/504/2977 3417/133/2975
f 3420/503/2978 3422/505/2636 3421/506/2636 3419/504/2977
f 3422/505/2636 3424/507/2636 3423/508/2636 3421/506/2636
f 3424/507/2636 3426/509/2636 3425/510/2636 3423/508/2636
f 3426/509/2636 3428/511/2980 3427/512/2979 3425/510/2636
f 3428/511/2980 3430/513/2980 3429/514/2980 3427/512/2979
f 3430/513/2980 3432/515/2980 3431/516/2980 3429/514/2980
f 3432/515/2980 3434/444/2637 3433/445/2637 3431/516/2980
f 3434/444/2637 3436/517/2637 3435/518/2637 3433/445/2637
f 3436/517/2637 3438/519/2637 3437/520/2637 3435/518/2637
f 3438/519/2637 3440/521/2637 3439/522/2637 3437/520/2637
f 3440/521/2637 3442/523/2981 3441/524/2637 3439/522/2637
f 3442/523/2981 3444/525/2983 3443/526/2982 3441/524/2637
f 3444/525/2983 3446/527/2985 3445/528/2984 3443/526/2982
f 3446/527/2985 3448/529/2987 3447/530/2986 3445/528/2984
f 3448/529/2987 3354/446/2955 3353/20/2954 3447/530/2986
f 3450/438/2989 3452/447/2991 3451/448/2990 3449/22/2988
f 3452/447/2991 3454/449/2993 3453/450/2992 3451/448/2990
f 3454/449/2993 3456/451/2994 3455/452/2993 3453/450/2992
f 3456/451/2994 3458/453/2993 3457/454/2647 3455/452/2993
f 3458/453/2993 3460/455/2647 3459/456/2647 3457/454/2647
f 3460/455/2647 3462/457/2995 3461/458/2995 3459/456/2647
f 3462/457/2995 3464/459/2995 3463/460/2995 3461/458/2995
f 3464/459/2995 3466/439/2995 3465/440/2995 3463/460/2995
f 3466/439/2995 3468/461/2619 3467/462/2619 3465/440/2995
f 3468/461/2619 3470/463/2995 3469/464/2995 3467/462/2619
f 3470/463/2995 3472/465/2995 3471/466/2995 3469/464/2995
f 3472/465/2995 3474/467/2995 3473/468/2995 3471/466/2995
f 3474/467/2995 3476/469/2995 3475/470/2995 3473/468/2995
f 3476/469/2995 3478/471/2996 3477/472/2996 3475/470/2995
f 3478/471/2996 3480/473/2996 3479/474/2996 3477/472/2996
f 3480/473/2996 3482/441/2618 3481/122/2618 3479/474/2996
f 3482/441/2618 3484/475/2618 3483/476/2996 3481/122/2618
f 3484/475/2618 3486/477/2996 3485/478/2996 3483/476/2996
f 3486/477/2996 3488/479/2998 3487/480/2997 3485/478/2996
f 3488/479/2998 3490/481/3000 3489/482/2999 3487/480/2997
f 3490/481/3000 3492/483/3002 3491/484/3001 3489/482/2999
f 3492/483/3002 3494/485/3004 3493/486/3003 3491/484/3001
f 3494/485/3004 3496/487/3003 3495/488/2913 3493/486/3003
f 3496/487/3003 3498/442/2913 3497/99/2913 3495/488/2913
f 3498/442/2913 3500/489/2913 3499/490/2913 3497/99/2913
f 3500/489/2913 3502/491/2913 3501/492/2913 3499/490/2913
f 3502/491/2913 3504/493/2880 3503/494/2906 3501/492/2913
f 3504/493/2880 3506/495/2906 3505/496/2906 3503/494/2906
f 3506/495/2906 3508/497/2906 3507/498/3005 3505/496/2906
f 3508/497/2906 3510/499/3005 3509/500/2905 3507/498/3005
f 3510/499/3005 3512/501/2905 3511/502/2905 3509/500/2905
f 3512/501/2905 3514/443/2905 3513/133/2905 3511/502/2905
f 3514/443/2905 3516/503/2905 3515/504/3006 3513/133/2905
f 3516/503/2905 3518/505/3008 3517/506/3007 3515/504/3006
f 3518/505/3008 3520/507/3010 3519/508/3009 3517/506/3007
f 3520/507/3010 3522/509/3011 3521/510/3011 3519/508/3009
f 3522/509/3011 3524/511/3012 3523/512/3012 3521/510/3011
f 3524/511/3012 3526/513/2900 3525/514/3012 3523/512/3012
f 3526/513/2900 3528/515/2900 3527/516/2900 3525/514/3012
f 3528/515/2900 3530/444/2900 3529/445/2900 3527/516/2900
f 3530/444/2900 3532/517/2900 3531/518/2900 3529/445/2900
f 3532/517/2900 3534/519/2900 3533/520/2900 3531/518/2900
f 3534/519/2900 3536/521/2900 3535/522/2900 3533/520/2900
f 3536/521/2900 3538/523/2900 3537/524/2900 3535/522/2900
f 3538/523/2900 3540/525/2955 3539/526/2900 3537/524/2900
f 3540/525/2955 3542/527/3013 3541/528/2955 3539/526/2900
f 3542/527/3013 3544/529/3015 3543/530/3014 3541/528/2955
f 3544/529/3015 3450/446/2989 3449/20/2988 3543/530/3014
f 3546/438/3017 3548/457/3019 3547/458/3018 3545/22/3016
f 3548/457/3019 3550/467/3021 3549/468/3020 3547/458/3018
f 3550/467/3021 3552/477/3023 3551/478/3022 3549/468/3020
f 3552/477/3023 3554/442/3025 3553/99/3024 3551/478/3022
f 3554/442/3025 3556/499/3027 3555/500/3026 3553/99/3024
f 3556/499/3027 3558/509/3029 3557/510/3028 3555/500/3026
f 3558/509/3029 3560/519/3031 3559/520/3030 3557/510/3028
f 3560/519/3031 3546/446/3017 3545/20/3016 3559/520/3030
f 3562/438/2562 3564/531/2562 3563/532/2562 3561/22/2562
f 3564/531/2562 3566/533/2562 3565/534/2562 3563/532/2562
f 3566/533/2562 3568/535/2562 3567/536/2562 3565/534/2562
f 3568/535/2562 3570/537/2563 3569/538/2563 3567/536/2562
f 3570/537/2563 3572/539/2563 3571/540/2563 3569/538/2563
f 3572/539/2563 3574/541/2563 3573/542/2563 3571/540/2563
f 3574/541/2563 3576/543/2600 3575/544/2601 3573/542/2563
f 3576/543/2600 3578/545/2600 3577/546/2600 3575/544/2601
f 3578/545/2600 3580/547/2603 3579/548/2601 3577/546/2600
f 3580/547/2603 3582/549/3032 3581/550/2564 3579/548/2601
f 3582/549/3032 3584/551/3033 3583/552/3032 3581/550/2564
f 3584/551/3033 3586/553/3034 3585/554/3033 3583/552/3032
f 3586/553/3034 3588/439/3034 3587/440/3034 3585/554/3033
f 3588/439/3034 3590/555/3035 3589/556/3034 3587/440/3034
f 3590/555/3035 3592/557/2861 3591/558/3035 3589/556/3034
f 3592/557/2861 3594/559/3035 3593/560/2861 3591/558/3035
f 3594/559/3035 3596/561/2861 3595/562/3036 3593/560/2861
f 3596/561/2861 3598/563/3038 3597/564/3037 3595/562/3036
f 3598/563/3038 3600/565/3040 3599/566/3039 3597/564/3037
f 3600/565/3040 3602/567/3042 3601/568/3041 3599/566/3039
f 3602/567/3042 3604/569/3041 3603/570/3042 3601/568/3041
f 3604/569/3041 3606/571/3041 3605/572/3041 3603/570/3042
f 3606/571/3041 3608/573/3043 3607/574/3043 3605/572/3041
f 3608/573/3043 3610/575/3045 3609/576/3044 3607/574/3043
f 3610/575/3045 3612/577/3047 3611/578/3046 3609/576/3044
f 3612/577/3047 3614/441/3048 3613/122/3048 3611/578/3046
f 3614/441/3048 3616/579/3049 3615/580/3049 3613/122/3048
f 3616/579/3049 3618/581/3049 3617/582/3049 3615/580/3049
f 3618/581/3049 3620/583/3050 3619/584/3050 3617/582/3049
f 3620/583/3050 3622/585/3049 3621/586/3049 3619/584/3050
f 3622/585/3049 3624/587/3049 3623/588/3049 3621/586/3049
f 3624/587/3049 3626/589/3049 3625/590/3049 3623/588/3049
f 3626/589/3049 3628/591/3049 3627/592/3049 3625/590/3049
f 3628/591/3049 3630/593/3050 3629/594/3051 3627/592/3049
f 3630/593/3050 3632/595/2592 3631/596/3049 3629/594/3051
f 3632/595/2592 3634/597/3049 3633/598/3049 3631/596/3049
f 3634/597/3049 3636/599/3049 3635/600/3049 3633/598/3049
f 3636/599/3049 3638/601/3049 3637/602/3050 3635/600/3049
f 3638/601/3049 3640/442/3051 3639/99/3049 3637/602/3050
f 3640/442/3051 3642/603/3053 3641/604/3052 3639/99/3049
f 3642/603/3053 3644/605/3052 3643/606/3052 3641/604/3052
f 3644/605/3052 3646/607/3051 3645/608/2592 3643/606/3052
f 3646/607/3051 3648/609/2592 3647/610/3052 3645/608/2592
f 3648/609/2592 3650/611/3052 3649/612/3049 3647/610/3052
f 3650/611/3052 3652/613/3048 3651/614/2564 3649/612/3049
f 3652/613/3048 3654/615/2564 3653/616/3054 3651/614/2564
f 3654/615/2564 3656/617/3054 3655/618/3054 3653/616/3054
f 3656/617/3054 3658/619/3054 3657/620/3055 3655/618/3054
f 3658/619/3054 3660/621/3055 3659/622/2593 3657/620/3055
f 3660/621/3055 3662/623/2593 3661/624/3056 3659/622/2593
f 3662/623/2593 3664/625/3057 3663/626/2868 3661/624/3056
f 3664/625/3057 3666/443/2868 3665/133/3058 3663/626/2868
f 3666/443/2868 3668/627/3058 3667/628/3059 3665/133/3058
f 3668/627/3058 3670/629/3059 3669/630/2833 3667/628/3059
f 3670/629/3059 3672/631/3060 3671/632/2869 3669/630/2833
f 3672/631/3060 3674/633/2869 3673/634/2832 3671/632/2869
f 3674/633/2869 3676/635/2832 3675/636/2832 3673/634/2832
f 3676/635/2832 3678/637/3060 3677/638/3060 3675/636/2832
f 3678/637/3060 3680/639/3060 3679/640/3060 3677/638/3060
f 3680/639/3060 3682/641/2832 3681/642/2832 3679/640/3060
f 3682/641/2832 3684/643/2832 3683/644/2832 3681/642/2832
f 3684/643/2832 3686/645/2832 3685/646/2832 3683/644/2832
f 3686/645/2832 3688/647/2832 3687/648/2831 3685/646/2832
f 3688/647/2832 3690/649/2831 3689/650/2832 3687/648/2831
f 3690/649/2831 3692/444/3060 3691/445/3060 3689/650/2832
f 3692/444/3060 3694/651/2832 3693/652/2832 3691/445/3060
f 3694/651/2832 3696/653/2831 3695/654/2831 3693/652/2832
f 3696/653/2831 3698/655/2832 3697/656/2832 3695/654/2831
f 3698/655/2832 3700/657/2832 3699/658/2832 3697/656/2832
f 3700/657/2832 3702/659/2831 3701/660/2831 3699/658/2832
f 3702/659/2831 3704/661/2831 3703/662/2831 3701/660/2831
f 3704/661/2831 3706/663/2832 3705/664/2832 3703/662/2831
f 3706/663/2832 3708/665/2832 3707/666/2832 3705/664/2832
f 3708/665/2832 3710/667/3061 3709/668/3061 3707/666/2832
f 3710/667/3061 3712/669/3061 3711/670/3062 3709/668/3061
f 3712/669/3061 3714/671/3064 3713/672/3063 3711/670/3062
f 3714/671/3064 3716/673/3065 3715/674/3065 3713/672/3063
f 3716/673/3065 3562/446/2562 3561/20/2562 3715/674/3065
f 3718/438/3067 3720/675/2793 3719/676/2769 3717/22/3066
f 3720/675/2793 3722/677/2768 3721/678/2793 3719/676/2769
f 3722/677/2768 3724/679/3066 3723/680/2768 3721/678/2793
f 3724/679/3066 3726/681/3067 3725/682/3066 3723/680/2768
f 3726/681/3067 3728/683/2768 3727/684/3067 3725/682/3066
f 3728/683/2768 3730/685/2794 3729/686/2768 3727/684/3067
f 3730/685/2794 3732/687/3068 3731/688/2794 3729/686/2768
f 3732/687/3068 3734/689/2819 3733/690/3068 3731/688/2794
f 3734/689/2819 3736/691/3069 3735/692/2819 3733/690/3068
f 3736/691/3069 3738/693/3071 3737/694/3070 3735/692/2819
f 3738/693/3071 3740/695/2522 3739/696/3072 3737/694/3070
f 3740/695/2522 3742/697/2523 3741/698/2522 3739/696/3072
f 3742/697/2523 3744/699/2527 3743/700/2523 3741/698/2522
f 3744/699/2527 3746/701/2525 3745/702/2523 3743/700/2523
f 3746/701/2525 3748/703/2523 3747/704/2525 3745/702/2523
f 3748/703/2523 3750/705/2527 3749/706/2523 3747/704/2525
f 3750/705/2527 3752/707/3073 3751/708/2527 3749/706/2523
f 3752/707/3073 3754/709/3073 3753/710/3073 3751/708/2527
f 3754/709/3073 3756/711/3075 3755/712/3074 3753/710/3073
f 3756/711/3075 3758/713/3077 3757/714/3076 3755/712/3074
f 3758/713/3077 3760/715/3079 3759/716/3078 3757/714/3076
f 3760/715/3079 3762/717/3081 3761/718/3080 3759/716/3078
f 3762/717/3081 3764/719/2527 3763/720/3073 3761/718/3080
f 3764/719/2527 3766/721/3083 3765/722/3082 3763/720/3073
f 3766/721/3083 3768/723/2527 3767/724/2527 3765/722/3082
f 3768/723/2527 3770/725/2527 3769/726/2527 3767/724/2527
f 3770/725/2527 3772/727/2527 3771/728/2527 3769/726/2527
f 3772/727/2527 3774/729/2523 3773/730/3084 3771/728/2527
f 3774/729/2523 3776/731/2524 3775/732/2523 3773/730/3084
f 3776/731/2524 3778/733/3083 3777/734/2522 3775/732/2523
f 3778/733/3083 3780/735/2522 3779/736/3083 3777/734/2522
f 3780/735/2522 3782/737/2523 3781/738/2523 3779/736/3083
f 3782/737/2523 3784/739/2524 3783/740/2524 3781/738/2523
f 3784/739/2524 3786/741/2524 3785/742/2524 3783/740/2524
f 3786/741/2524 3788/743/2525 3787/744/2525 3785/742/2524
f 3788/743/2525 3790/745/2525 3789/746/2525 3787/744/2525
f 3790/745/2525 3792/747/2525 3791/748/2525 3789/746/2525
f 3792/747/2525 3794/749/2525 3793/750/2525 3791/748/2525
f 3794/749/2525 3796/751/2525 3795/752/2525 3793/750/2525
f 3796/751/2525 3798/753/2525 3797/754/2525 3795/752/2525
f 3798/753/2525 3800/755/2522 3799/756/2522 3797/754/2525
f 3800/755/2522 3802/757/2522 3801/758/2522 3799/756/2522
f 3802/757/2522 3804/759/2522 3803/760/2522 3801/758/2522
f 3804/759/2522 3806/761/2535 3805/762/2522 3803/760/2522
f 3806/761/2535 3808/763/3085 3807/764/2535 3805/762/2522
f 3808/763/3085 3810/765/2522 3809/766/3085 3807/764/2535
f 3810/765/2522 3812/767/2529 3811/768/2522 3809/766/3085
f 3812/767/2529 3814/769/3086 3813/770/2529 3811/768/2522
f 3814/769/3086 3816/771/3088 3815/772/3087 3813/770/2529
f 3816/771/3088 3818/773/3090 3817/774/3089 3815/772/3087
f 3818/773/3090 3820/775/2803 3819/776/2799 3817/774/3089
f 3820/775/2803 3822/777/3091 3821/778/2803 3819/776/2799
f 3822/777/3091 3824/779/2798 3823/780/3092 3821/778/2803
f 3824/779/2798 3826/781/2800 3825/782/2798 3823/780/3092
f 3826/781/2800 3828/783/2798 3827/784/2800 3825/782/2798
f 3828/783/2798 3830/785/2798 3829/786/2798 3827/784/2800
f 3830/785/2798 3832/787/3090 3831/788/2798 3829/786/2798
f 3832/787/3090 3834/789/2798 3833/790/3090 3831/788/2798
f 3834/789/2798 3836/791/2798 3835/792/2798 3833/790/3090
f 3836/791/2798 3838/793/3094 3837/794/3093 3835/792/2798
f 3838/793/3094 3840/442/2522 3839/99/2522 3837/794/3093
f 3840/442/2522 3842/795/2523 3841/796/2522 3839/99/2522
f 3842/795/2523 3844/797/2522 3843/798/3083 3841/796/2522
f 3844/797/2522 3846/799/3083 3845/800/2523 3843/798/3083
f 3846/799/3083 3848/801/2523 3847/802/2522 3845/800/2523
f 3848/801/2523 3850/803/2522 3849/804/2522 3847/802/2522
f 3850/803/2522 3852/805/2522 3851/806/2534 3849/804/2522
f 3852/805/2522 3854/807/2532 3853/808/3095 3851/806/2534
f 3854/807/2532 3856/809/3097 3855/810/3096 3853/808/3095
f 3856/809/3097 3858/811/3096 3857/812/2500 3855/810/3096
f 3858/811/3096 3860/813/3099 3859/814/3098 3857/812/2500
f 3860/813/3099 3862/815/3101 3861/816/3100 3859/814/3098
f 3862/815/3101 3864/817/3102 3863/818/2792 3861/816/3100
f 3864/817/3102 3866/819/2792 3865/820/2792 3863/818/2792
f 3866/819/2792 3868/821/2792 3867/822/2792 3865/820/2792
f 3868/821/2792 3870/823/2792 3869/824/2793 3867/822/2792
f 3870/823/2792 3872/825/2793 3871/826/2795 3869/824/2793
f 3872/825/2793 3874/827/2795 3873/828/2795 3871/826/2795
f 3874/827/2795 3876/829/2792 3875/830/2792 3873/828/2795
f 3876/829/2792 3878/831/2798 3877/832/2798 3875/830/2792
f 3878/831/2798 3880/833/3103 3879/834/3103 3877/832/2798
f 3880/833/3103 3882/835/2792 3881/836/2792 3879/834/3103
f 3882/835/2792 3884/837/2795 3883/838/2795 3881/836/2792
f 3884/837/2795 3886/839/2795 3885/840/2795 3883/838/2795
f 3886/839/2795 3888/841/2794 3887/842/2794 3885/840/2795
f 3888/841/2794 3890/843/2794 3889/844/2794 3887/842/2794
f 3890/843/2794 3892/845/2793 3891/846/2794 3889/844/2794
f 3892/845/2793 3894/847/2792 3893/848/3103 3891/846/2794
f 3894/847/2792 3896/849/2792 3895/850/2792 3893/848/3103
f 3896/849/2792 3898/851/3103 3897/852/2792 3895/850/2792
f 3898/851/3103 3900/853/2798 3899/854/3103 3897/852/2792
f 3900/853/2798 3902/855/3103 3901/856/2798 3899/854/3103
f 3902/855/3103 3904/857/3105 3903/858/3104 3901/856/2798
f 3904/857/3105 3906/859/3107 3905/860/3106 3903/858/3104
f 3906/859/3107 3908/861/2871 3907/862/2871 3905/860/3106
f 3908/861/2871 3910/863/2871 3909/864/2871 3907/862/2871
f 3910/863/2871 3912/865/3108 3911/866/3108 3909/864/2871
f 3912/865/3108 3914/867/3108 3913/868/3109 3911/866/3108
f 3914/867/3108 3916/869/3109 3915/870/3108 3913/868/3109
f 3916/869/3109 3918/871/3110 3917/872/3110 3915/870/3108
f 3918/871/3110 3920/873/3112 3919/874/3111 3917/872/3110
f 3920/873/3112 3922/875/3111 3921/876/3111 3919/874/3111
f 3922/875/3111 3924/877/3112 3923/878/3110 3921/876/3111
f 3924/877/3112 3926/879/3110 3925/880/3110 3923/878/3110
f 3926/879/3110 3928/881/3110 3927/882/3108 3925/880/3110
f 3928/881/3110 3930/883/3114 3929/884/3113 3927/882/3108
f 3930/883/3114 3932/885/3116 3931/886/3115 3929/884/3113
f 3932/885/3116 3934/887/2793 3933/888/3067 3931/886/3115
f 3934/887/2793 3936/889/2768 3935/890/3117 3933/888/3067
f 3936/889/2768 3938/891/3119 3937/892/3118 3935/890/3117
f 3938/891/3119 3940/893/3120 3939/894/2529 3937/892/3118
f 3940/893/3120 3942/895/3121 3941/896/3121 3939/894/2529
f 3942/895/3121 3944/897/2529 3943/898/2500 3941/896/3121
f 3944/897/2529 3946/899/3123 3945/900/3122 3943/898/2500
f 3946/899/3123 3948/901/3122 3947/902/3124 3945/900/3122
f 3948/901/3122 3950/903/3071 3949/904/3125 3947/902/3124
f 3950/903/3071 3952/905/3125 3951/906/2499 3949/904/3125
f 3952/905/3125 3954/907/2499 3953/908/3072 3951/906/2499
f 3954/907/2499 3956/909/3072 3955/910/3125 3953/908/3072
f 3956/909/3072 3958/911/2499 3957/912/2499 3955/910/3125
f 3958/911/2499 3960/913/3126 3959/914/3073 3957/912/2499
f 3960/913/3126 3718/446/3067 3717/20/3066 3959/914/3073
f 3962/438/3128 3964/467/3130 3963/468/3129 3961/22/3127
f 3964/467/3130 3966/442/3131 3965/99/2486 3963/468/3129
f 3966/442/3131 3968/509/3133 3967/510/3132 3965/99/2486
f 3968/509/3133 3962/446/3128 3961/20/3127 3967/510/3132
f 3970/438/2762 3972/447/2761 3971/448/2762 3969/22/3134
f 3972/447/2761 3974/449/2761 3973/450/2761 3971/448/2762
f 3974/449/2761 3976/451/2758 3975/452/2761 3973/450/2761
f 3976/451/2758 3978/453/2761 3977/454/3135 3975/452/2761
f 3978/453/2761 3980/455/2759 3979/456/2759 3977/454/3135
f 3980/455/2759 3982/457/2761 3981/458/2759 3979/456/2759
f 3982/457/2761 3984/459/2761 3983/460/2761 3981/458/2759
f 3984/459/2761 3986/439/2764 3985/440/2764 3983/460/2761
f 3986/439/2764 3988/461/2761 3987/462/2761 3985/440/2764
f 3988/461/2761 3990/463/2761 3989/464/2761 3987/462/2761
f 3990/463/2761 3992/465/2761 3991/466/2761 3989/464/2761
f 3992/465/2761 3994/467/2761 3993/468/2761 3991/466/2761
f 3994/467/2761 3996/469/2762 3995/470/2761 3993/468/2761
f 3996/469/2762 3998/471/2761 3997/472/2761 3995/470/2761
f 3998/471/2761 4000/473/2759 3999/474/2761 3997/472/2761
f 4000/473/2759 4002/441/2761 4001/122/2761 3999/474/2761
f 4002/441/2761 4004/475/2761 4003/476/2761 4001/122/2761
f 4004/475/2761 4006/477/2759 4005/478/2759 4003/476/2761
f 4006/477/2759 4008/479/2759 4007/480/2759 4005/478/2759
f 4008/479/2759 4010/481/2759 4009/482/2759 4007/480/2759
f 4010/481/2759 4012/483/2759 4011/484/3136 4009/482/2759
f 4012/483/2759 4014/485/3136 4013/486/2755 4011/484/3136
f 4014/485/3136 4016/487/2755 4015/488/3137 4013/486/2755
f 4016/487/2755 4018/442/3138 4017/99/2486 4015/488/3137
f 4018/442/3138 4020/489/2486 4019/490/3139 4017/99/2486
f 4020/489/2486 4022/491/2488 4021/492/2488 4019/490/3139
f 4022/491/2488 4024/493/2488 4023/494/2489 4021/492/2488
f 4024/493/2488 4026/495/2489 4025/496/2489 4023/494/2489
f 4026/495/2489 4028/497/2488 4027/498/2489 4025/496/2489
f 4028/497/2488 4030/499/2489 4029/500/2489 4027/498/2489
f 4030/499/2489 4032/501/2488 4031/502/2488 4029/500/2489
f 4032/501/2488 4034/443/2488 4033/133/2488 4031/502/2488
f 4034/443/2488 4036/503/2488 4035/504/2488 4033/133/2488
f 4036/503/2488 4038/505/2488 4037/506/2488 4035/504/2488
f 4038/505/2488 4040/507/2488 4039/508/2488 4037/506/2488
f 4040/507/2488 4042/509/2488 4041/510/2488 4039/508/2488
f 4042/509/2488 4044/511/2488 4043/512/2488 4041/510/2488
f 4044/511/2488 4046/513/2488 4045/514/2488 4043/512/2488
f 4046/513/2488 4048/515/2488 4047/516/2488 4045/514/2488
f 4048/515/2488 4050/444/2488 4049/445/2488 4047/516/2488
f 4050/444/2488 4052/517/2489 4051/518/2488 4049/445/2488
f 4052/517/2489 4054/519/2488 4053/520/2489 4051/518/2488
f 4054/519/2488 4056/521/2488 4055/522/2486 4053/520/2489
f 4056/521/2488 4058/523/2489 4057/524/2488 4055/522/2486
f 4058/523/2489 4060/525/2488 4059/526/2489 4057/524/2488
f 4060/525/2488 4062/527/3140 4061/528/2486 4059/526/2489
f 4062/527/3140 4064/529/3134 4063/530/3141 4061/528/2486
f 4064/529/3134 3970/446/2762 3969/20/3134 4063/530/3141
f 4066/438/2481 4068/915/2756 4067/916/2756 4065/22/2756
f 4068/915/2756 4070/917/2756 4069/918/3142 4067/916/2756
f 4070/917/2756 4072/919/3142 4071/920/3143 4069/918/3142
f 4072/919/3142 4074/921/3143 4073/922/2753 4071/920/3143
f 4074/921/3143 4076/923/2753 4075/924/2753 4073/922/2753
f 4076/923/2753 4078/925/2753 4077/926/3142 4075/924/2753
f 4078/925/2753 4080/927/3142 4079/928/2753 4077/926/3142
f 4080/927/3142 4082/929/2753 4081/930/2753 4079/928/2753
f 4082/929/2753 4084/931/3143 4083/932/3144 4081/930/2753
f 4084/931/3143 4086/933/3144 4085/934/3145 4083/932/3144
f 4086/933/3144 4088/935/3145 4087/936/3146 4085/934/3145
f 4088/935/3145 4090/937/3148 4089/938/3147 4087/936/3146
f 4090/937/3148 4092/939/3147 4091/940/2412 4089/938/3147
f 4092/939/3147 4094/941/2412 4093/942/2411 4091/940/2412
f 4094/941/2412 4096/943/3150 4095/944/3149 4093/942/2411
f 4096/943/3150 4098/945/3152 4097/946/3151 4095/944/3149
f 4098/945/3152 4100/947/3154 4099/948/3153 4097/946/3151
f 4100/947/3154 4102/949/3156 4101/950/3155 4099/948/3153
f 4102/949/3156 4104/951/2430 4103/952/2466 4101/950/3155
f 4104/951/2430 4106/953/2466 4105/954/2430 4103/952/2466
f 4106/953/2466 4108/955/2430 4107/956/2431 4105/954/2430
f 4108/955/2430 4110/957/2431 4109/958/2466 4107/956/2431
f 4110/957/2431 4112/959/2466 4111/960/2466 4109/958/2466
f 4112/959/2466 4114/961/2466 4113/962/2741 4111/960/2466
f 4114/961/2466 4116/963/2741 4115/964/2706 4113/962/2741
f 4116/963/2741 4118/965/2706 4117/966/3157 4115/964/2706
f 4118/965/2706 4120/967/2709 4119/968/2709 4117/966/3157
f 4120/967/2709 4122/969/2709 4121/970/2709 4119/968/2709
f 4122/969/2709 4124/971/2709 4123/972/2706 4121/970/2709
f 4124/971/2709 4126/973/2706 4125/974/2709 4123/972/2706
f 4126/973/2706 4128/975/2709 4127/976/3157 4125/974/2709
f 4128/975/2709 4130/977/3157 4129/978/2709 4127/976/3157
f 4130/977/3157 4132/979/2709 4131/980/3157 4129/978/2709
f 4132/979/2709 4134/981/2709 4133/982/3158 4131/980/3157
f 4134/981/2709 4136/983/2736 4135/984/2706 4133/982/3158
f 4136/983/2736 4138/985/2706 4137/986/3159 4135/984/2706
f 4138/985/2706 4140/987/3159 4139/988/2430 4137/986/3159
f 4140/987/3159 4142/989/3161 4141/990/3160 4139/988/2430
f 4142/989/3161 4144/991/3163 4143/992/3162 4141/990/3160
f 4144/991/3163 4146/993/3165 4145/994/3164 4143/992/3162
f 4146/993/3165 4148/995/3167 4147/996/3166 4145/994/3164
f 4148/995/3167 4150/997/3168 4149/998/3168 4147/996/3166
f 4150/997/3168 4152/999/3168 4151/1000/3168 4149/998/3168
f 4152/999/3168 4154/1001/3168 4153/1002/3168 4151/1000/3168
f 4154/1001/3168 4156/1003/3170 4155/1004/3169 4153/1002/3168
f 4156/1003/3170 4158/1005/3169 4157/1006/3169 4155/1004/3169
f 4158/1005/3169 4160/1007/3169 4159/1008/3169 4157/1006/3169
f 4160/1007/3169 4162/1009/3172 4161/1010/3171 4159/1008/3169
f 4162/1009/3172 4164/1011/3174 4163/1012/3173 4161/1010/3171
f 4164/1011/3174 4166/1013/3176 4165/1014/3175 4163/1012/3173
f 4166/1013/3176 4168/1015/2706 4167/1016/2706 4165/1014/3175
f 4168/1015/2706 4170/1017/2706 4169/1018/2706 4167/1016/2706
f 4170/1017/2706 4172/1019/2706 4171/1020/2706 4169/1018/2706
f 4172/1019/2706 4174/1021/3157 4173/1022/3157 4171/1020/2706
f 4174/1021/3157 4176/1023/3157 4175/1024/3157 4173/1022/3157
f 4176/1023/3157 4178/1025/2706 4177/1026/2706 4175/1024/3157
f 4178/1025/2706 4180/1027/2706 4179/1028/2706 4177/1026/2706
f 4180/1027/2706 4182/1029/2706 4181/1030/2706 4179/1028/2706
f 4182/1029/2706 4184/1031/2709 4183/1032/3157 4181/1030/2706
f 4184/1031/2709 4186/1033/2706 4185/1034/2709 4183/1032/3157
f 4186/1033/2706 4188/1035/2709 4187/1036/3157 4185/1034/2709
f 4188/1035/2709 4190/1037/3177 4189/1038/2709 4187/1036/3157
f 4190/1037/3177 4192/1039/3179 4191/1040/3178 4189/1038/2709
f 4192/1039/3179 4194/1041/2430 4193/1042/3180 4191/1040/3178
f 4194/1041/2430 4196/1043/3181 4195/1044/2430 4193/1042/3180
f 4196/1043/3181 4198/1045/2432 4197/1046/2430 4195/1044/2430
f 4198/1045/2432 4200/1047/2432 4199/1048/2432 4197/1046/2430
f 4200/1047/2432 4202/1049/2431 4201/1050/2431 4199/1048/2432
f 4202/1049/2431 4204/1051/2430 4203/1052/2434 4201/1050/2431
f 4204/1051/2430 4206/1053/2431 4205/1054/2430 4203/1052/2434
f 4206/1053/2431 4208/1055/2430 4207/1056/2431 4205/1054/2430
f 4208/1055/2430 4210/1057/2431 4209/1058/2430 4207/1056/2431
f 4210/1057/2431 4212/1059/2466 4211/1060/2431 4209/1058/2430
f 4212/1059/2466 4214/1061/2466 4213/1062/2466 4211/1060/2431
f 4214/1061/2466 4216/1063/2466 4215/1064/2466 4213/1062/2466
f 4216/1063/2466 4218/1065/3182 4217/1066/2466 4215/1064/2466
f 4218/1065/3182 4220/1067/2742 4219/1068/3183 4217/1066/2466
f 4220/1067/2742 4222/1069/2741 4221/1070/2741 4219/1068/3183
f 4222/1069/2741 4224/1071/2741 4223/1072/2741 4221/1070/2741
f 4224/1071/2741 4226/1073/2741 4225/1074/2741 4223/1072/2741
f 4226/1073/2741 4228/1075/2741 4227/1076/2741 4225/1074/2741
f 4228/1075/2741 4230/1077/3185 4229/1078/3184 4227/1076/2741
f 4230/1077/3185 4232/1079/3187 4231/1080/3186 4229/1078/3184
f 4232/1079/3187 4234/1081/3189 4233/1082/3188 4231/1080/3186
f 4234/1081/3189 4236/1083/3191 4235/1084/3190 4233/1082/3188
f 4236/1083/3191 4238/1085/2753 4237/1086/2753 4235/1084/3190
f 4238/1085/2753 4240/1087/2683 4239/1088/2753 4237/1086/2753
f 4240/1087/2683 4242/1089/2682 4241/1090/2683 4239/1088/2753
f 4242/1089/2682 4244/1091/3192 4243/1092/2682 4241/1090/2683
f 4244/1091/3192 4246/1093/3193 4245/1094/3192 4243/1092/2682
f 4246/1093/3193 4248/1095/2411 4247/1096/3194 4245/1094/3192
f 4248/1095/2411 4250/1097/2412 4249/1098/2411 4247/1096/3194
f 4250/1097/2412 4252/1099/2412 4251/1100/2412 4249/1098/2411
f 4252/1099/2412 4254/1101/2410 4253/1102/2412 4251/1100/2412
f 4254/1101/2410 4256/1103/2410 4255/1104/2410 4253/1102/2412
f 4256/1103/2410 4258/1105/2412 4257/1106/2411 4255/1104/2410
f 4258/1105/2412 4260/1107/2482 4259/1108/2412 4257/1106/2411
f 4260/1107/2482 4262/1109/2481 4261/1110/2482 4259/1108/2412
f 4262/1109/2481 4264/1111/2482 4263/1112/2481 4261/1110/2482
f 4264/1111/2482 4266/1113/2485 4265/1114/2485 4263/1112/2481
f 4266/1113/2485 4268/1115/2482 4267/1116/2485 4265/1114/2485
f 4268/1115/2482 4270/1117/2485 4269/1118/2410 4267/1116/2485
f 4270/1117/2485 4272/1119/3196 4271/1120/3195 4269/1118/2410
f 4272/1119/3196 4274/1121/2755 4273/1122/3143 4271/1120/3195
f 4274/1121/2755 4276/1123/2755 4275/1124/3197 4273/1122/3143
f 4276/1123/2755 4278/1125/3198 4277/1126/2481 4275/1124/3197
f 4278/1125/3198 4066/446/2481 4065/20/2756 4277/1126/2481
f 4290/1/3210 4292/2/3212 4291/3/3211
f 4314/4/3232 4316/5/3234 4315/6/3233
f 4289/7/3209 4292/2/3212 4290/1/3210
f 4289/7/3209 4293/8/3213 4292/2/3212
f 4313/9/3231 4316/5/3234 4314/4/3232
f 4313/9/3231 4317/10/3231 4316/5/3234
f 4288/11/3208 4293/8/3213 4289/7/3209
f 4288/11/3208 4294/12/3214 4293/8/3213
f 4312/13/3231 4317/10/3231 4313/9/3231
f 4287/14/3207 4294/12/3214 4288/11/3208
f 4287/14/3207 4295/15/3215 4294/12/3214
f 4312/13/3231 4318/16/3230 4317/10/3231
f 4311/17/3231 4318/16/3230 4312/13/3231
f 4286/18/3206 4295/15/3215 4287/14/3207
f 4383/19/3283 4385/20/3286 4384/21/3283
f 4383/19/3283 4279/22/3199 4385/20/3286
f 4286/18/3206 4296/23/3216 4295/15/3215
f 4310/24/3230 4318/16/3230 4311/17/3231
f 4285/25/3205 4296/23/3216 4286/18/3206
f 4310/24/3230 4319/26/3235 4318/16/3230
f 4285/25/3205 4297/27/3217 4296/23/3216
f 4284/28/3204 4297/27/3217 4285/25/3205
f 4309/29/3229 4319/26/3235 4310/24/3230
f 4284/28/3204 4298/30/3218 4297/27/3217
f 4309/29/3229 4320/31/3236 4319/26/3235
f 4283/32/3203 4298/30/3218 4284/28/3204
f 4308/33/3228 4320/31/3236 4309/29/3229
f 4283/32/3203 4299/34/3219 4298/30/3218
f 4282/35/3202 4299/34/3219 4283/32/3203
f 4307/36/3227 4320/31/3236 4308/33/3228
f 4307/36/3227 4321/37/3237 4320/31/3236
f 4282/35/3202 4300/38/3220 4299/34/3219
f 4281/39/3201 4300/38/3220 4282/35/3202
f 4306/40/3226 4321/37/3237 4307/36/3227
f 4281/39/3201 4301/41/3221 4300/38/3220
f 4280/42/3200 4301/41/3221 4281/39/3201
f 4306/40/3226 4322/43/3238 4321/37/3237
f 4305/44/3225 4322/43/3238 4306/40/3226
f 4280/42/3200 4302/45/3222 4301/41/3221
f 4279/22/3199 4302/45/3222 4280/42/3200
f 4304/46/3224 4322/43/3238 4305/44/3225
f 4304/46/3224 4342/47/3257 4322/43/3238
f 4342/47/3257 4323/48/3239 4322/43/3238
f 4383/19/3283 4381/49/3285 4279/22/3199
f 4381/49/3285 4380/50/3284 4279/22/3199
f 4380/50/3284 4379/51/3284 4279/22/3199
f 4379/51/3284 4378/52/3282 4279/22/3199
f 4378/52/3282 4377/53/3284 4279/22/3199
f 4377/53/3284 4376/54/3282 4279/22/3199
f 4376/54/3282 4375/55/3282 4279/22/3199
f 4375/55/3282 4374/56/3283 4279/22/3199
f 4374/56/3283 4373/57/3282 4279/22/3199
f 4373/57/3282 4372/58/3282 4279/22/3199
f 4372/58/3282 4371/59/3281 4279/22/3199
f 4371/59/3281 4370/60/3280 4279/22/3199
f 4370/60/3280 4302/45/3222 4279/22/3199
f 4370/60/3280 4369/61/3279 4302/45/3222
f 4369/61/3279 4303/62/3223 4302/45/3222
f 4303/62/3223 4343/63/3258 4304/46/3224
f 4343/63/3258 4342/47/3257 4304/46/3224
f 4368/64/3278 4303/62/3223 4369/61/3279
f 4341/65/3256 4323/48/3239 4342/47/3257
f 4303/62/3223 4344/66/3259 4343/63/3258
f 4367/67/3277 4303/62/3223 4368/64/3278
f 4340/68/3255 4323/48/3239 4341/65/3256
f 4303/62/3223 4345/69/3260 4344/66/3259
f 4366/70/3276 4303/62/3223 4367/67/3277
f 4339/71/3254 4323/48/3239 4340/68/3255
f 4303/62/3223 4346/72/3261 4345/69/3260
f 4365/73/3275 4303/62/3223 4366/70/3276
f 4365/73/3275 4346/72/3261 4303/62/3223
f 4338/74/3253 4323/48/3239 4339/71/3254
f 4365/73/3275 4347/75/3262 4346/72/3261
f 4338/74/3253 4324/76/3240 4323/48/3239
f 4364/77/3274 4347/75/3262 4365/73/3275
f 4364/77/3274 4348/78/3263 4347/75/3262
f 4337/79/3252 4324/76/3240 4338/74/3253
f 4364/77/3274 4349/80/3264 4348/78/3263
f 4363/81/3273 4349/80/3264 4364/77/3274
f 4336/82/3251 4324/76/3240 4337/79/3252
f 4363/81/3273 4350/83/3265 4349/80/3264
f 4362/84/3272 4350/83/3265 4363/81/3273
f 4335/85/3250 4324/76/3240 4336/82/3251
f 4362/84/3272 4351/86/3266 4350/83/3265
f 4335/85/3250 4325/87/3241 4324/76/3240
f 4361/88/3271 4351/86/3266 4362/84/3272
f 4361/88/3271 4352/89/3267 4351/86/3266
f 4334/90/3249 4325/87/3241 4335/85/3250
f 4361/88/3271 4353/91/3268 4352/89/3267
f 4360/92/3267 4353/91/3268 4361/88/3271
f 4333/93/3248 4325/87/3241 4334/90/3249
f 4360/92/3267 4354/94/3267 4353/91/3268
f 4333/93/3248 4326/95/3242 4325/87/3241
f 4359/96/3231 4354/94/3267 4360/92/3267
f 4383/19/3283 4382/97/3283 4381/49/3285
f 4359/96/3231 4355/98/3233 4354/94/3267
f 4332/99/3247 4326/95/3242 4333/93/3248
f 4358/100/3270 4355/98/3233 4359/96/3231
f 4331/101/3246 4326/95/3242 4332/99/3247
f 4331/101/3246 4327/102/3243 4326/95/3242
f 4357/103/3269 4355/98/3233 4358/100/3270
f 4330/104/3245 4327/102/3243 4331/101/3246
f 4330/104/3245 4328/105/3244 4327/102/3243
f 4356/106/3233 4355/98/3233 4357/103/3269
f 4329/107/3234 4328/105/3244 4330/104/3245
f 4434/108/3300 4436/109/3302 4435/110/3301
f 4434/108/3300 4437/20/3303 4436/109/3302
f 4408/111/3294 4410/112/3294 4409/113/3295
f 4407/114/3285 4410/112/3294 4408/111/3294
f 4407/114/3285 4411/115/3290 4410/112/3294
f 4406/116/3293 4411/115/3290 4407/114/3285
f 4406/116/3293 4412/117/3290 4411/115/3290
f 4405/118/3292 4412/117/3290 4406/116/3293
f 4405/118/3292 4413/119/3296 4412/117/3290
f 4404/120/3286 4413/119/3296 4405/118/3292
f 4404/120/3286 4414/121/3288 4413/119/3296
f 4403/122/3290 4414/121/3288 4404/120/3286
f 4403/122/3290 4415/123/3290 4414/121/3288
f 4402/124/3290 4415/123/3290 4403/122/3290
f 4402/124/3290 4416/125/3288 4415/123/3290
f 4401/126/3288 4416/125/3288 4402/124/3290
f 4401/126/3288 4417/127/3290 4416/125/3288
f 4400/128/3285 4417/127/3290 4401/126/3288
f 4400/128/3285 4418/129/3290 4417/127/3290
f 4399/130/3291 4418/129/3290 4400/128/3285
f 4399/130/3291 4419/131/3290 4418/129/3290
f 4398/132/3288 4419/131/3290 4399/130/3291
f 4398/132/3288 4420/133/3290 4419/131/3290
f 4397/134/3288 4420/133/3290 4398/132/3288
f 4397/134/3288 4421/135/3288 4420/133/3290
f 4396/136/3290 4421/135/3288 4397/134/3288
f 4396/136/3290 4422/137/3288 4421/135/3288
f 4395/138/3288 4422/137/3288 4396/136/3290
f 4395/138/3288 4423/139/3288 4422/137/3288
f 4394/140/3288 4423/139/3288 4395/138/3288
f 4394/140/3288 4424/141/3288 4423/139/3288
f 4393/142/3290 4424/141/3288 4394/140/3288
f 4393/142/3290 4425/143/3288 4424/141/3288
f 4392/144/3288 4425/143/3288 4393/142/3290
f 4392/144/3288 4426/145/3288 4425/143/3288
f 4391/146/3290 4426/145/3288 4392/144/3288
f 4391/146/3290 4427/147/3288 4426/145/3288
f 4390/148/3288 4427/147/3288 4391/146/3290
f 4390/148/3288 4428/149/3290 4427/147/3288
f 4389/150/3289 4428/149/3290 4390/148/3288
f 4389/150/3289 4429/151/3290 4428/149/3290
f 4388/152/3288 4429/151/3290 4389/150/3289
f 4388/152/3288 4430/153/3288 4429/151/3290
f 4387/154/3285 4430/153/3288 4388/152/3288
f 4387/154/3285 4431/155/3297 4430/153/3288
f 4386/22/3287 4431/155/3297 4387/154/3285
f 4386/22/3287 4432/156/3298 4431/155/3297
f 4433/157/3299 4432/156/3298 4386/22/3287
f 4545/158/3355 4547/159/3357 4546/160/3356
f 4545/158/3355 4548/161/3358 4547/159/3357
f 4545/158/3355 4549/162/3359 4548/161/3358
f 4544/163/3354 4549/162/3359 4545/158/3355
f 4544/163/3354 4550/164/3360 4549/162/3359
f 4544/163/3354 4551/165/3361 4550/164/3360
f 4543/166/3353 4551/165/3361 4544/163/3354
f 4543/166/3353 4552/167/3362 4551/165/3361
f 4543/166/3353 4553/168/3363 4552/167/3362
f 4542/169/3352 4553/168/3363 4543/166/3353
f 4542/169/3352 4554/170/3364 4553/168/3363
f 4542/169/3352 4555/171/3365 4554/170/3364
f 4541/172/3351 4555/171/3365 4542/169/3352
f 4541/172/3351 4556/173/3366 4555/171/3365
f 4541/172/3351 4557/174/3367 4556/173/3366
f 4540/175/3350 4557/174/3367 4541/172/3351
f 4540/175/3350 4558/176/3368 4557/174/3367
f 4540/175/3350 4445/177/3306 4558/176/3368
f 4445/177/3306 4444/178/3304 4558/176/3368
f 4444/178/3304 4443/179/3305 4558/176/3368
f 4443/179/3305 4442/180/3304 4558/176/3368
f 4442/180/3304 4441/181/3304 4558/176/3368
f 4441/181/3304 4440/182/3304 4558/176/3368
f 4440/182/3304 4439/183/3304 4558/176/3368
f 4439/183/3304 4438/22/3304 4558/176/3368
f 4438/22/3304 4559/20/3304 4558/176/3368
f 4539/184/3349 4447/185/3308 4540/175/3350
f 4447/185/3308 4446/186/3307 4540/175/3350
f 4446/186/3307 4445/177/3306 4540/175/3350
f 4538/187/3348 4449/188/3310 4539/184/3349
f 4449/188/3310 4448/189/3309 4539/184/3349
f 4448/189/3309 4447/185/3308 4539/184/3349
f 4537/190/3347 4450/191/3311 4538/187/3348
f 4450/191/3311 4449/188/3310 4538/187/3348
f 4537/190/3347 4451/192/3312 4450/191/3311
f 4537/190/3347 4452/193/3313 4451/192/3312
f 4537/190/3347 4453/194/3314 4452/193/3313
f 4537/190/3347 4454/195/3315 4453/194/3314
f 4537/190/3347 4455/196/3316 4454/195/3315
f 4536/197/3346 4455/196/3316 4537/190/3347
f 4536/197/3346 4456/198/3317 4455/196/3316
f 4536/197/3346 4457/199/3318 4456/198/3317
f 4536/197/3346 4458/200/3319 4457/199/3318
f 4535/201/3345 4458/200/3319 4536/197/3346
f 4535/201/3345 4459/202/3320 4458/200/3319
f 4535/201/3345 4460/203/3321 4459/202/3320
f 4534/204/3344 4460/203/3321 4535/201/3345
f 4534/204/3344 4461/205/3322 4460/203/3321
f 4534/204/3344 4462/206/3323 4461/205/3322
f 4533/207/3343 4462/206/3323 4534/204/3344
f 4533/207/3343 4463/208/3324 4462/206/3323
f 4533/207/3343 4464/209/3325 4463/208/3324
f 4532/210/3342 4464/209/3325 4533/207/3343
f 4532/210/3342 4465/211/3326 4464/209/3325
f 4531/212/3341 4465/211/3326 4532/210/3342
f 4531/212/3341 4466/213/3327 4465/211/3326
f 4531/212/3341 4467/214/3327 4466/213/3327
f 4530/215/3327 4467/214/3327 4531/212/3341
f 4530/215/3327 4468/216/3327 4467/214/3327
f 4529/217/3327 4468/216/3327 4530/215/3327
f 4529/217/3327 4469/218/3327 4468/216/3327
f 4528/219/3333 4469/218/3327 4529/217/3327
f 4528/219/3333 4470/220/3327 4469/218/3327
f 4527/221/3327 4470/220/3327 4528/219/3333
f 4527/221/3327 4471/222/3327 4470/220/3327
f 4526/223/3327 4471/222/3327 4527/221/3327
f 4525/224/3327 4471/222/3327 4526/223/3327
f 4525/224/3327 4472/225/3328 4471/222/3327
f 4524/226/3328 4472/225/3328 4525/224/3327
f 4523/227/3328 4472/225/3328 4524/226/3328
f 4523/227/3328 4473/228/3329 4472/225/3328
f 4522/229/3329 4473/228/3329 4523/227/3328
f 4497/230/3334 4499/231/3334 4498/232/3334
f 4522/229/3329 4474/233/3329 4473/228/3329
f 4521/234/3329 4474/233/3329 4522/229/3329
f 4497/230/3334 4500/235/3334 4499/231/3334
f 4520/236/3329 4474/233/3329 4521/234/3329
f 4520/236/3329 4475/237/3329 4474/233/3329
f 4497/230/3334 4501/238/3334 4500/235/3334
f 4519/239/3329 4475/237/3329 4520/236/3329
f 4497/230/3334 4502/240/3334 4501/238/3334
f 4518/241/3329 4475/237/3329 4519/239/3329
f 4517/242/3329 4475/237/3329 4518/241/3329
f 4517/242/3329 4476/243/3330 4475/237/3329
f 4497/230/3334 4503/244/3334 4502/240/3334
f 4516/245/3329 4476/243/3330 4517/242/3329
f 4497/230/3334 4504/246/3334 4503/244/3334
f 4515/247/3329 4476/243/3330 4516/245/3329
f 4497/230/3334 4505/248/3334 4504/246/3334
f 4515/247/3329 4477/249/3330 4476/243/3330
f 4514/250/3340 4477/249/3330 4515/247/3329
f 4497/230/3334 4506/251/3335 4505/248/3334
f 4513/252/3340 4477/249/3330 4514/250/3340
f 4497/230/3334 4507/253/3335 4506/251/3335
f 4512/254/3339 4477/249/3330 4513/252/3340
f 4497/230/3334 4508/255/3327 4507/253/3335
f 4511/256/3338 4477/249/3330 4512/254/3339
f 4497/230/3334 4509/257/3336 4508/255/3327
f 4511/256/3338 4478/258/3330 4477/249/3330
f 4510/259/3337 4478/258/3330 4511/256/3338
f 4497/230/3334 4510/259/3337 4509/257/3336
f 4497/230/3334 4478/258/3330 4510/259/3337
f 4497/230/3334 4479/260/3327 4478/258/3330
f 4496/261/3327 4479/260/3327 4497/230/3334
f 4495/262/3327 4479/260/3327 4496/261/3327
f 4495/262/3327 4480/263/3330 4479/260/3327
f 4494/264/3327 4480/263/3330 4495/262/3327
f 4494/264/3327 4481/265/3327 4480/263/3330
f 4493/266/3330 4481/265/3327 4494/264/3327
f 4492/267/3330 4481/265/3327 4493/266/3330
f 4492/267/3330 4482/268/3327 4481/265/3327
f 4491/269/3333 4482/268/3327 4492/267/3330
f 4490/270/3327 4482/268/3327 4491/269/3333
f 4490/270/3327 4483/271/3327 4482/268/3327
f 4489/272/3327 4483/271/3327 4490/270/3327
f 4488/273/3333 4483/271/3327 4489/272/3327
f 4488/273/3333 4484/274/3330 4483/271/3327
f 4487/275/3333 4484/274/3330 4488/273/3333
f 4486/276/3332 4484/274/3330 4487/275/3333
f 4486/276/3332 4485/277/3331 4484/274/3330
f 4583/278/3379 4585/279/3380 4584/280/3380
f 4583/278/3379 4586/281/3381 4585/279/3380
f 4634/282/3411 4636/283/3411 4635/284/3412
f 4634/282/3411 4637/20/3411 4636/283/3411
f 4633/285/3370 4637/20/3411 4634/282/3411
f 4583/278/3379 4587/286/3382 4586/281/3381
f 4632/287/3369 4637/20/3411 4633/285/3370
f 4632/287/3369 4560/22/3369 4637/20/3411
f 4583/278/3379 4588/268/3383 4587/286/3382
f 4582/288/3378 4588/268/3383 4583/278/3379
f 4631/289/3370 4560/22/3369 4632/287/3369
f 4582/288/3378 4589/290/3384 4588/268/3383
f 4630/161/3370 4560/22/3369 4631/289/3370
f 4582/288/3378 4590/291/3385 4589/290/3384
f 4630/161/3370 4561/292/3370 4560/22/3369
f 4629/293/3370 4561/292/3370 4630/161/3370
f 4582/288/3378 4591/294/3386 4590/291/3385
f 4581/222/3377 4591/294/3386 4582/288/3378
f 4628/295/3370 4561/292/3370 4629/293/3370
f 4581/222/3377 4592/296/3387 4591/294/3386
f 4627/297/3370 4561/292/3370 4628/295/3370
f 4581/222/3377 4593/298/3388 4592/296/3387
f 4627/297/3370 4562/299/3370 4561/292/3370
f 4626/300/3370 4562/299/3370 4627/297/3370
f 4581/222/3377 4594/301/3389 4593/298/3388
f 4625/302/3370 4562/299/3370 4626/300/3370
f 4580/303/3376 4594/301/3389 4581/222/3377
f 4580/303/3376 4595/266/3390 4594/301/3389
f 4624/304/3370 4562/299/3370 4625/302/3370
f 4580/303/3376 4596/305/3391 4595/266/3390
f 4580/303/3376 4597/306/3392 4596/305/3391
f 4623/190/3370 4562/299/3370 4624/304/3370
f 4623/190/3370 4563/307/3370 4562/299/3370
f 4580/303/3376 4598/308/3393 4597/306/3392
f 4622/309/3409 4563/307/3370 4623/190/3370
f 4580/303/3376 4599/310/3394 4598/308/3393
f 4579/311/3375 4599/310/3394 4580/303/3376
f 4621/312/3370 4563/307/3370 4622/309/3409
f 4579/311/3375 4600/313/3395 4599/310/3394
f 4620/314/3409 4563/307/3370 4621/312/3370
f 4620/314/3409 4564/315/3370 4563/307/3370
f 4579/311/3375 4601/316/3396 4600/313/3395
f 4619/317/3409 4564/315/3370 4620/314/3409
f 4618/318/3409 4564/315/3370 4619/317/3409
f 4579/311/3375 4602/246/3397 4601/316/3396
f 4617/319/3370 4564/315/3370 4618/318/3409
f 4579/311/3375 4603/320/3398 4602/246/3397
f 4578/321/3374 4603/320/3398 4579/311/3375
f 4616/223/3410 4564/315/3370 4617/319/3370
f 4578/321/3374 4604/322/3399 4603/320/3398
f 4615/323/3410 4564/315/3370 4616/223/3410
f 4578/321/3374 4605/324/3400 4604/322/3399
f 4615/323/3410 4565/325/3370 4564/315/3370
f 4614/326/3409 4565/325/3370 4615/323/3410
f 4578/321/3374 4606/327/3401 4605/324/3400
f 4613/328/3408 4565/325/3370 4614/326/3409
f 4578/321/3374 4607/329/3402 4606/327/3401
f 4612/330/3407 4565/325/3370 4613/328/3408
f 4578/321/3374 4608/331/3403 4607/329/3402
f 4611/332/3406 4565/325/3370 4612/330/3407
f 4578/321/3374 4609/247/3404 4608/331/3403
f 4610/333/3405 4565/325/3370 4611/332/3406
f 4578/321/3374 4610/333/3405 4609/247/3404
f 4578/321/3374 4565/325/3370 4610/333/3405
f 4577/334/3371 4565/325/3370 4578/321/3374
f 4577/334/3371 4566/335/3371 4565/325/3370
f 4576/336/3371 4566/335/3371 4577/334/3371
f 4576/336/3371 4567/188/3371 4566/335/3371
f 4575/337/3371 4567/188/3371 4576/336/3371
f 4575/337/3371 4568/338/3372 4567/188/3371
f 4574/203/3371 4568/338/3372 4575/337/3371
f 4574/203/3371 4569/339/3371 4568/338/3372
f 4573/340/3371 4569/339/3371 4574/203/3371
f 4573/340/3371 4570/341/3373 4569/339/3371
f 4572/342/3371 4570/341/3373 4573/340/3371
f 4572/342/3371 4571/343/3371 4570/341/3373
f 4642/322/3417 4644/300/3419 4643/323/3418
f 4642/322/3417 4645/20/3420 4644/300/3419
f 4641/298/3416 4645/20/3420 4642/322/3417
f 4640/288/3415 4638/22/3413 4641/298/3416
f 4638/22/3413 4645/20/3420 4641/298/3416
f 4640/288/3415 4639/343/3414 4638/22/3413
f 4692/344/3456 4646/22/3421 4693/345/3442
f 4692/344/3456 4647/346/3422 4646/22/3421
f 4691/347/3455 4647/346/3422 4692/344/3456
f 4691/347/3455 4648/348/3423 4647/346/3422
f 4690/349/3454 4648/348/3423 4691/347/3455
f 4690/349/3454 4649/350/3424 4648/348/3423
f 4689/351/3453 4649/350/3424 4690/349/3454
f 4689/351/3453 4650/352/3425 4649/350/3424
f 4688/353/3452 4650/352/3425 4689/351/3453
f 4688/353/3452 4651/354/3426 4650/352/3425
f 4687/355/3451 4717/356/3466 4688/353/3452
f 4717/356/3466 4651/354/3426 4688/353/3452
f 4687/355/3451 4718/357/3467 4717/356/3466
f 4716/358/3465 4651/354/3426 4717/356/3466
f 4687/355/3451 4719/359/3468 4718/357/3467
f 4715/360/3464 4651/354/3426 4716/358/3465
f 4687/355/3451 4720/361/3469 4719/359/3468
f 4714/362/3463 4651/354/3426 4715/360/3464
f 4714/362/3463 4652/363/3427 4651/354/3426
f 4686/364/3450 4720/361/3469 4687/355/3451
f 4713/365/3462 4652/363/3427 4714/362/3463
f 4686/364/3450 4721/366/3470 4720/361/3469
f 4712/367/3461 4652/363/3427 4713/365/3462
f 4686/364/3450 4722/368/3449 4721/366/3470
f 4712/367/3461 4653/369/3428 4652/363/3427
f 4685/370/3449 4722/368/3449 4686/364/3450
f 4711/371/3460 4653/369/3428 4712/367/3461
f 4685/370/3449 4723/372/3449 4722/368/3449
f 4710/373/3428 4653/369/3428 4711/371/3460
f 4685/370/3449 4724/374/3449 4723/372/3449
f 4710/373/3428 4654/375/3428 4653/369/3428
f 4684/376/3449 4724/374/3449 4685/370/3449
f 4709/377/3428 4654/375/3428 4710/373/3428
f 4684/376/3449 4725/378/3449 4724/374/3449
f 4709/377/3428 4655/379/3428 4654/375/3428
f 4683/380/3448 4725/378/3449 4684/376/3449
f 4708/381/3428 4655/379/3428 4709/377/3428
f 4683/380/3448 4726/382/3448 4725/378/3449
f 4707/383/3428 4655/379/3428 4708/381/3428
f 4683/380/3448 4727/384/3448 4726/382/3448
f 4707/383/3428 4656/385/3429 4655/379/3428
f 4682/386/3448 4727/384/3448 4683/380/3448
f 4706/387/3429 4656/385/3429 4707/383/3428
f 4682/386/3448 4728/388/3471 4727/384/3448
f 4706/387/3429 4657/389/3429 4656/385/3429
f 4681/390/3447 4728/388/3471 4682/386/3448
f 4705/391/3429 4657/389/3429 4706/387/3429
f 4681/390/3447 4729/392/3472 4728/388/3471
f 4680/393/3446 4729/392/3472 4681/390/3447
f 4680/393/3446 4730/394/3473 4729/392/3472
f 4704/395/3429 4657/389/3429 4705/391/3429
f 4704/395/3429 4658/396/3429 4657/389/3429
f 4680/393/3446 4731/397/3474 4730/394/3473
f 4703/398/3429 4658/396/3429 4704/395/3429
f 4703/398/3429 4659/399/3429 4658/396/3429
f 4679/400/3445 4731/397/3474 4680/393/3446
f 4679/400/3445 4732/401/3475 4731/397/3474
f 4702/402/3429 4659/399/3429 4703/398/3429
f 4702/402/3429 4660/403/3429 4659/399/3429
f 4678/404/3444 4732/401/3475 4679/400/3445
f 4678/404/3444 4733/405/3443 4732/401/3475
f 4701/406/3429 4660/403/3429 4702/402/3429
f 4701/406/3429 4661/407/3429 4660/403/3429
f 4677/408/3443 4733/405/3443 4678/404/3444
f 4677/408/3443 4734/409/3443 4733/405/3443
f 4700/410/3459 4661/407/3429 4701/406/3429
f 4677/408/3443 4735/411/3442 4734/409/3443
f 4699/412/3459 4661/407/3429 4700/410/3459
f 4699/412/3459 4662/413/3429 4661/407/3429
f 4676/414/3442 4735/411/3442 4677/408/3443
f 4676/414/3442 4736/415/3476 4735/411/3442
f 4698/416/3459 4662/413/3429 4699/412/3459
f 4676/414/3442 4737/417/3476 4736/415/3476
f 4697/418/3458 4662/413/3429 4698/416/3459
f 4697/418/3458 4663/419/3430 4662/413/3429
f 4675/420/3442 4737/417/3476 4676/414/3442
f 4675/420/3442 4738/421/3476 4737/417/3476
f 4696/422/3458 4663/419/3430 4697/418/3458
f 4675/420/3442 4739/423/3476 4738/421/3476
f 4695/424/3458 4663/419/3430 4696/422/3458
f 4695/424/3458 4664/425/3431 4663/419/3430
f 4674/426/3441 4739/423/3476 4675/420/3442
f 4674/426/3441 4740/427/3477 4739/423/3476
f 4694/428/3457 4664/425/3431 4695/424/3458
f 4674/426/3441 4741/20/3478 4740/427/3477
f 4741/20/3478 4664/425/3431 4694/428/3457
f 4674/426/3441 4664/425/3431 4741/20/3478
f 4674/426/3441 4665/429/3432 4664/425/3431
f 4673/430/3440 4665/429/3432 4674/426/3441
f 4673/430/3440 4666/431/3433 4665/429/3432
f 4672/432/3439 4666/431/3433 4673/430/3440
f 4672/432/3439 4667/433/3434 4666/431/3433
f 4671/434/3438 4667/433/3434 4672/432/3439
f 4671/434/3438 4668/435/3435 4667/433/3434
f 4670/436/3437 4668/435/3435 4671/434/3438
f 4670/436/3437 4669/437/3436 4668/435/3435
f 4744/376/3481 4746/368/3483 4745/398/3482
f 4744/376/3481 4747/20/3484 4746/368/3483
f 4744/376/3481 4742/22/3479 4747/20/3484
f 4744/376/3481 4743/429/3480 4742/22/3479
f 4759/1/3495 4760/3/3496 4761/2/3497
f 4783/4/3519 4784/6/3520 4785/5/3521
f 4758/7/3494 4759/1/3495 4761/2/3497
f 4758/7/3494 4761/2/3497 4762/8/3498
f 4782/9/3518 4783/4/3519 4785/5/3521
f 4782/9/3518 4785/5/3521 4786/10/3522
f 4757/11/3494 4758/7/3494 4762/8/3498
f 4757/11/3494 4762/8/3498 4763/12/3499
f 4781/13/3517 4782/9/3518 4786/10/3522
f 4756/14/3493 4757/11/3494 4763/12/3499
f 4756/14/3493 4763/12/3499 4764/15/3500
f 4781/13/3517 4786/10/3522 4787/16/3523
f 4780/17/3516 4781/13/3517 4787/16/3523
f 4755/18/3492 4756/14/3493 4764/15/3500
f 4852/19/3571 4853/21/3571 4854/20/3572
f 4852/19/3571 4854/20/3572 4748/22/3485
f 4755/18/3492 4764/15/3500 4765/23/3501
f 4779/24/3515 4780/17/3516 4787/16/3523
f 4754/25/3491 4755/18/3492 4765/23/3501
f 4779/24/3515 4787/16/3523 4788/26/3524
f 4754/25/3491 4765/23/3501 4766/27/3502
f 4753/28/3490 4754/25/3491 4766/27/3502
f 4778/29/3514 4779/24/3515 4788/26/3524
f 4753/28/3490 4766/27/3502 4767/30/3503
f 4778/29/3514 4788/26/3524 4789/31/3525
f 4752/32/3489 4753/28/3490 4767/30/3503
f 4777/33/3513 4778/29/3514 4789/31/3525
f 4752/32/3489 4767/30/3503 4768/34/3504
f 4751/35/3488 4752/32/3489 4768/34/3504
f 4776/36/3512 4777/33/3513 4789/31/3525
f 4776/36/3512 4789/31/3525 4790/37/3526
f 4751/35/3488 4768/34/3504 4769/38/3505
f 4750/39/3487 4751/35/3488 4769/38/3505
f 4775/40/3511 4776/36/3512 4790/37/3526
f 4750/39/3487 4769/38/3505 4770/41/3506
f 4749/42/3486 4750/39/3487 4770/41/3506
f 4775/40/3511 4790/37/3526 4791/43/3527
f 4774/44/3510 4775/40/3511 4791/43/3527
f 4749/42/3486 4770/41/3506 4771/45/3507
f 4748/22/3485 4749/42/3486 4771/45/3507
f 4773/46/3509 4774/44/3510 4791/43/3527
f 4773/46/3509 4791/43/3527 4811/47/3547
f 4811/47/3547 4791/43/3527 4792/48/3528
f 4852/19/3571 4748/22/3485 4850/49/3570
f 4850/49/3570 4748/22/3485 4849/50/3568
f 4849/50/3568 4748/22/3485 4848/51/3568
f 4848/51/3568 4748/22/3485 4847/52/3568
f 4847/52/3568 4748/22/3485 4846/53/3568
f 4846/53/3568 4748/22/3485 4845/54/3569
f 4845/54/3569 4748/22/3485 4844/55/3569
f 4844/55/3569 4748/22/3485 4843/56/3568
f 4843/56/3568 4748/22/3485 4842/57/3568
f 4842/57/3568 4748/22/3485 4841/58/3568
f 4841/58/3568 4748/22/3485 4840/59/3568
f 4840/59/3568 4748/22/3485 4839/60/3567
f 4839/60/3567 4748/22/3485 4771/45/3507
f 4839/60/3567 4771/45/3507 4838/61/3566
f 4838/61/3566 4771/45/3507 4772/62/3508
f 4772/62/3508 4773/46/3509 4812/63/3548
f 4812/63/3548 4773/46/3509 4811/47/3547
f 4837/64/3565 4838/61/3566 4772/62/3508
f 4810/65/3546 4811/47/3547 4792/48/3528
f 4772/62/3508 4812/63/3548 4813/66/3549
f 4836/67/3564 4837/64/3565 4772/62/3508
f 4809/68/3545 4810/65/3546 4792/48/3528
f 4772/62/3508 4813/66/3549 4814/69/3550
f 4835/70/3563 4836/67/3564 4772/62/3508
f 4808/71/3544 4809/68/3545 4792/48/3528
f 4772/62/3508 4814/69/3550 4815/72/3551
f 4834/73/3562 4835/70/3563 4772/62/3508
f 4834/73/3562 4772/62/3508 4815/72/3551
f 4807/74/3543 4808/71/3544 4792/48/3528
f 4834/73/3562 4815/72/3551 4816/75/3552
f 4807/74/3543 4792/48/3528 4793/76/3529
f 4833/77/3561 4834/73/3562 4816/75/3552
f 4833/77/3561 4816/75/3552 4817/78/3553
f 4806/79/3542 4807/74/3543 4793/76/3529
f 4833/77/3561 4817/78/3553 4818/80/3554
f 4832/81/3560 4833/77/3561 4818/80/3554
f 4805/82/3541 4806/79/3542 4793/76/3529
f 4832/81/3560 4818/80/3554 4819/83/3555
f 4831/84/3557 4832/81/3560 4819/83/3555
f 4804/85/3540 4805/82/3541 4793/76/3529
f 4831/84/3557 4819/83/3555 4820/86/3556
f 4804/85/3540 4793/76/3529 4794/87/3530
f 4830/88/3557 4831/84/3557 4820/86/3556
f 4830/88/3557 4820/86/3556 4821/89/3534
f 4803/90/3539 4804/85/3540 4794/87/3530
f 4830/88/3557 4821/89/3534 4822/91/3557
f 4829/92/3557 4830/88/3557 4822/91/3557
f 4802/93/3538 4803/90/3539 4794/87/3530
f 4829/92/3557 4822/91/3557 4823/94/3557
f 4802/93/3538 4794/87/3530 4795/95/3531
f 4828/96/3534 4829/92/3557 4823/94/3557
f 4852/19/3571 4850/49/3570 4851/97/3571
f 4828/96/3534 4823/94/3557 4824/98/3550
f 4801/99/3537 4802/93/3538 4795/95/3531
f 4827/100/3559 4828/96/3534 4824/98/3550
f 4800/101/3536 4801/99/3537 4795/95/3531
f 4800/101/3536 4795/95/3531 4796/102/3532
f 4826/103/3558 4827/100/3559 4824/98/3550
f 4799/104/3535 4800/101/3536 4796/102/3532
f 4799/104/3535 4796/102/3532 4797/105/3533
f 4825/106/3550 4826/103/3558 4824/98/3550
f 4798/107/3534 4799/104/3535 4797/105/3533
f 4903/108/3572 4904/110/3572 4905/109/3572
f 4903/108/3572 4905/109/3572 4906/20/3572
f 4877/111/3577 4878/113/3578 4879/112/3579
f 4876/114/3576 4877/111/3577 4879/112/3579
f 4876/114/3576 4879/112/3579 4880/115/3580
f 4875/116/3575 4876/114/3576 4880/115/3580
f 4875/116/3575 4880/115/3580 4881/117/3581
f 4874/118/3575 4875/116/3575 4881/117/3581
f 4874/118/3575 4881/117/3581 4882/119/3575
f 4873/120/3573 4874/118/3575 4882/119/3575
f 4873/120/3573 4882/119/3575 4883/121/3573
f 4872/122/3575 4873/120/3573 4883/121/3573
f 4872/122/3575 4883/121/3573 4884/123/3575
f 4871/124/3575 4872/122/3575 4884/123/3575
f 4871/124/3575 4884/123/3575 4885/125/3575
f 4870/126/3573 4871/124/3575 4885/125/3575
f 4870/126/3573 4885/125/3575 4886/127/3572
f 4869/128/3573 4870/126/3573 4886/127/3572
f 4869/128/3573 4886/127/3572 4887/129/3575
f 4868/130/3575 4869/128/3573 4887/129/3575
f 4868/130/3575 4887/129/3575 4888/131/3573
f 4867/132/3575 4868/130/3575 4888/131/3573
f 4867/132/3575 4888/131/3573 4889/133/3573
f 4866/134/3575 4867/132/3575 4889/133/3573
f 4866/134/3575 4889/133/3573 4890/135/3575
f 4865/136/3573 4866/134/3575 4890/135/3575
f 4865/136/3573 4890/135/3575 4891/137/3575
f 4864/138/3573 4865/136/3573 4891/137/3575
f 4864/138/3573 4891/137/3575 4892/139/3575
f 4863/140/3575 4864/138/3573 4892/139/3575
f 4863/140/3575 4892/139/3575 4893/141/3575
f 4862/142/3575 4863/140/3575 4893/141/3575
f 4862/142/3575 4893/141/3575 4894/143/3575
f 4861/144/3575 4862/142/3575 4894/143/3575
f 4861/144/3575 4894/143/3575 4895/145/3573
f 4860/146/3573 4861/144/3575 4895/145/3573
f 4860/146/3573 4895/145/3573 4896/147/3575
f 4859/148/3575 4860/146/3573 4896/147/3575
f 4859/148/3575 4896/147/3575 4897/149/3573
f 4858/150/3572 4859/148/3575 4897/149/3573
f 4858/150/3572 4897/149/3573 4898/151/3573
f 4857/152/3570 4858/150/3572 4898/151/3573
f 4857/152/3570 4898/151/3573 4899/153/3575
f 4856/154/3574 4857/152/3570 4899/153/3575
f 4856/154/3574 4899/153/3575 4900/155/3574
f 4855/22/3573 4856/154/3574 4900/155/3574
f 4855/22/3573 4900/155/3574 4901/156/3582
f 4902/157/3580 4855/22/3573 4901/156/3582
f 5014/158/3636 5015/160/3637 5016/159/3638
f 5014/158/3636 5016/159/3638 5017/161/3639
f 5014/158/3636 5017/161/3639 5018/162/3640
f 5013/163/3635 5014/158/3636 5018/162/3640
f 5013/163/3635 5018/162/3640 5019/164/3641
f 5013/163/3635 5019/164/3641 5020/165/3642
f 5012/166/3634 5013/163/3635 5020/165/3642
f 5012/166/3634 5020/165/3642 5021/167/3643
f 5012/166/3634 5021/167/3643 5022/168/3644
f 5011/169/3633 5012/166/3634 5022/168/3644
f 5011/169/3633 5022/168/3644 5023/170/3645
f 5011/169/3633 5023/170/3645 5024/171/3646
f 5010/172/3632 5011/169/3633 5024/171/3646
f 5010/172/3632 5024/171/3646 5025/173/3647
f 5010/172/3632 5025/173/3647 5026/174/3648
f 5009/175/3631 5010/172/3632 5026/174/3648
f 5009/175/3631 5026/174/3648 5027/176/3649
f 5009/175/3631 5027/176/3649 4914/177/3585
f 4914/177/3585 5027/176/3649 4913/178/3584
f 4913/178/3584 5027/176/3649 4912/179/3583
f 4912/179/3583 5027/176/3649 4911/180/3583
f 4911/180/3583 5027/176/3649 4910/181/3583
f 4910/181/3583 5027/176/3649 4909/182/3583
f 4909/182/3583 5027/176/3649 4908/183/3583
f 4908/183/3583 5027/176/3649 4907/22/3583
f 4907/22/3583 5027/176/3649 5028/20/3583
f 5008/184/3630 5009/175/3631 4916/185/3587
f 4916/185/3587 5009/175/3631 4915/186/3586
f 4915/186/3586 5009/175/3631 4914/177/3585
f 5007/187/3629 5008/184/3630 4918/188/3589
f 4918/188/3589 5008/184/3630 4917/189/3588
f 4917/189/3588 5008/184/3630 4916/185/3587
f 5006/190/3628 5007/187/3629 4919/191/3590
f 4919/191/3590 5007/187/3629 4918/188/3589
f 5006/190/3628 4919/191/3590 4920/192/3591
f 5006/190/3628 4920/192/3591 4921/193/3592
f 5006/190/3628 4921/193/3592 4922/194/3593
f 5006/190/3628 4922/194/3593 4923/195/3594
f 5006/190/3628 4923/195/3594 4924/196/3595
f 5005/197/3627 5006/190/3628 4924/196/3595
f 5005/197/3627 4924/196/3595 4925/198/3596
f 5005/197/3627 4925/198/3596 4926/199/3597
f 5005/197/3627 4926/199/3597 4927/200/3598
f 5004/201/3626 5005/197/3627 4927/200/3598
f 5004/201/3626 4927/200/3598 4928/202/3599
f 5004/201/3626 4928/202/3599 4929/203/3600
f 5003/204/3625 5004/201/3626 4929/203/3600
f 5003/204/3625 4929/203/3600 4930/205/3601
f 5003/204/3625 4930/205/3601 4931/206/3602
f 5002/207/3624 5003/204/3625 4931/206/3602
f 5002/207/3624 4931/206/3602 4932/208/3603
f 5002/207/3624 4932/208/3603 4933/209/3604
f 5001/210/3623 5002/207/3624 4933/209/3604
f 5001/210/3623 4933/209/3604 4934/211/3605
f 5000/212/3622 5001/210/3623 4934/211/3605
f 5000/212/3622 4934/211/3605 4935/213/3606
f 5000/212/3622 4935/213/3606 4936/214/3606
f 4999/215/3621 5000/212/3622 4936/214/3606
f 4999/215/3621 4936/214/3606 4937/216/3606
f 4998/217/3606 4999/215/3621 4937/216/3606
f 4998/217/3606 4937/216/3606 4938/218/3606
f 4997/219/3621 4998/217/3606 4938/218/3606
f 4997/219/3621 4938/218/3606 4939/220/3606
f 4996/221/3606 4997/219/3621 4939/220/3606
f 4996/221/3606 4939/220/3606 4940/222/3607
f 4995/223/3606 4996/221/3606 4940/222/3607
f 4994/224/3607 4995/223/3606 4940/222/3607
f 4994/224/3607 4940/222/3607 4941/225/3607
f 4993/226/3607 4994/224/3607 4941/225/3607
f 4992/227/3607 4993/226/3607 4941/225/3607
f 4992/227/3607 4941/225/3607 4942/228/3608
f 4991/229/3608 4992/227/3607 4942/228/3608
f 4966/230/3613 4967/232/3614 4968/231/3614
f 4991/229/3608 4942/228/3608 4943/233/3608
f 4990/234/3608 4991/229/3608 4943/233/3608
f 4966/230/3613 4968/231/3614 4969/235/3613
f 4989/236/3607 4990/234/3608 4943/233/3608
f 4989/236/3607 4943/233/3608 4944/237/3608
f 4966/230/3613 4969/235/3613 4970/238/3613
f 4988/239/3608 4989/236/3607 4944/237/3608
f 4966/230/3613 4970/238/3613 4971/240/3613
f 4987/241/3608 4988/239/3608 4944/237/3608
f 4986/242/3615 4987/241/3608 4944/237/3608
f 4986/242/3615 4944/237/3608 4945/243/3608
f 4966/230/3613 4971/240/3613 4972/244/3613
f 4985/245/3607 4986/242/3615 4945/243/3608
f 4966/230/3613 4972/244/3613 4973/246/3613
f 4984/247/3609 4985/245/3607 4945/243/3608
f 4966/230/3613 4973/246/3613 4974/248/3613
f 4984/247/3609 4945/243/3608 4946/249/3609
f 4983/250/3620 4984/247/3609 4946/249/3609
f 4966/230/3613 4974/248/3613 4975/251/3615
f 4982/252/3615 4983/250/3620 4946/249/3609
f 4966/230/3613 4975/251/3615 4976/253/3616
f 4981/254/3618 4982/252/3615 4946/249/3609
f 4966/230/3613 4976/253/3616 4977/255/3617
f 4980/256/3619 4981/254/3618 4946/249/3609
f 4966/230/3613 4977/255/3617 4978/257/3618
f 4980/256/3619 4946/249/3609 4947/258/3609
f 4979/259/3619 4980/256/3619 4947/258/3609
f 4966/230/3613 4978/257/3618 4979/259/3619
f 4966/230/3613 4979/259/3619 4947/258/3609
f 4966/230/3613 4947/258/3609 4948/260/3609
f 4965/261/3606 4966/230/3613 4948/260/3609
f 4964/262/3606 4965/261/3606 4948/260/3609
f 4964/262/3606 4948/260/3609 4949/263/3606
f 4963/264/3606 4964/262/3606 4949/263/3606
f 4963/264/3606 4949/263/3606 4950/265/3606
f 4962/266/3606 4963/264/3606 4950/265/3606
f 4961/267/3606 4962/266/3606 4950/265/3606
f 4961/267/3606 4950/265/3606 4951/268/3606
f 4960/269/3612 4961/267/3606 4951/268/3606
f 4959/270/3606 4960/269/3612 4951/268/3606
f 4959/270/3606 4951/268/3606 4952/271/3606
f 4958/272/3606 4959/270/3606 4952/271/3606
f 4957/273/3583 4958/272/3606 4952/271/3606
f 4957/273/3583 4952/271/3606 4953/274/3609
f 4956/275/3584 4957/273/3583 4953/274/3609
f 4955/276/3611 4956/275/3584 4953/274/3609
f 4955/276/3611 4953/274/3609 4954/277/3610
f 5052/278/3661 5053/280/3662 5054/279/3662
f 5052/278/3661 5054/279/3662 5055/281/3663
f 5103/282/3692 5104/284/3693 5105/283/3693
f 5103/282/3692 5105/283/3693 5106/20/3692
f 5102/285/3650 5103/282/3692 5106/20/3692
f 5052/278/3661 5055/281/3663 5056/286/3664
f 5101/287/3650 5102/285/3650 5106/20/3692
f 5101/287/3650 5106/20/3692 5029/22/3650
f 5052/278/3661 5056/286/3664 5057/268/3665
f 5051/288/3660 5052/278/3661 5057/268/3665
f 5100/289/3692 5101/287/3650 5029/22/3650
f 5051/288/3660 5057/268/3665 5058/290/3666
f 5099/161/3650 5100/289/3692 5029/22/3650
f 5051/288/3660 5058/290/3666 5059/291/3667
f 5099/161/3650 5029/22/3650 5030/292/3650
f 5098/293/3651 5099/161/3650 5030/292/3650
f 5051/288/3660 5059/291/3667 5060/294/3668
f 5050/222/3659 5051/288/3660 5060/294/3668
f 5097/295/3650 5098/293/3651 5030/292/3650
f 5050/222/3659 5060/294/3668 5061/296/3669
f 5096/297/3650 5097/295/3650 5030/292/3650
f 5050/222/3659 5061/296/3669 5062/298/3670
f 5096/297/3650 5030/292/3650 5031/299/3651
f 5095/300/3650 5096/297/3650 5031/299/3651
f 5050/222/3659 5062/298/3670 5063/301/3671
f 5094/302/3651 5095/300/3650 5031/299/3651
f 5049/303/3658 5050/222/3659 5063/301/3671
f 5049/303/3658 5063/301/3671 5064/266/3672
f 5093/304/3651 5094/302/3651 5031/299/3651
f 5049/303/3658 5064/266/3672 5065/305/3673
f 5049/303/3658 5065/305/3673 5066/306/3674
f 5092/190/3651 5093/304/3651 5031/299/3651
f 5092/190/3651 5031/299/3651 5032/307/3651
f 5049/303/3658 5066/306/3674 5067/308/3675
f 5091/309/3651 5092/190/3651 5032/307/3651
f 5049/303/3658 5067/308/3675 5068/310/3676
f 5048/311/3657 5049/303/3658 5068/310/3676
f 5090/312/3690 5091/309/3651 5032/307/3651
f 5048/311/3657 5068/310/3676 5069/313/3677
f 5089/314/3690 5090/312/3690 5032/307/3651
f 5089/314/3690 5032/307/3651 5033/315/3651
f 5048/311/3657 5069/313/3677 5070/316/3678
f 5088/317/3690 5089/314/3690 5033/315/3651
f 5087/318/3690 5088/317/3690 5033/315/3651
f 5048/311/3657 5070/316/3678 5071/246/3679
f 5086/319/3690 5087/318/3690 5033/315/3651
f 5048/311/3657 5071/246/3679 5072/320/3680
f 5047/321/3656 5048/311/3657 5072/320/3680
f 5085/223/3690 5086/319/3690 5033/315/3651
f 5047/321/3656 5072/320/3680 5073/322/3681
f 5084/323/3691 5085/223/3690 5033/315/3651
f 5047/321/3656 5073/322/3681 5074/324/3682
f 5084/323/3691 5033/315/3651 5034/325/3651
f 5083/326/3690 5084/323/3691 5034/325/3651
f 5047/321/3656 5074/324/3682 5075/327/3683
f 5082/328/3689 5083/326/3690 5034/325/3651
f 5047/321/3656 5075/327/3683 5076/329/3684
f 5081/330/3650 5082/328/3689 5034/325/3651
f 5047/321/3656 5076/329/3684 5077/331/3685
f 5080/332/3688 5081/330/3650 5034/325/3651
f 5047/321/3656 5077/331/3685 5078/247/3686
f 5079/333/3687 5080/332/3688 5034/325/3651
f 5047/321/3656 5078/247/3686 5079/333/3687
f 5047/321/3656 5079/333/3687 5034/325/3651
f 5046/334/3652 5047/321/3656 5034/325/3651
f 5046/334/3652 5034/325/3651 5035/335/3652
f 5045/336/3652 5046/334/3652 5035/335/3652
f 5045/336/3652 5035/335/3652 5036/188/3652
f 5044/337/3653 5045/336/3652 5036/188/3652
f 5044/337/3653 5036/188/3652 5037/338/3652
f 5043/203/3652 5044/337/3653 5037/338/3652
f 5043/203/3652 5037/338/3652 5038/339/3653
f 5042/340/3652 5043/203/3652 5038/339/3653
f 5042/340/3652 5038/339/3653 5039/341/3654
f 5041/342/3652 5042/340/3652 5039/341/3654
f 5041/342/3652 5039/341/3654 5040/343/3655
f 5111/322/3698 5112/323/3699 5113/300/3700
f 5111/322/3698 5113/300/3700 5114/20/3701
f 5110/298/3697 5111/322/3698 5114/20/3701
f 5109/288/3696 5110/298/3697 5107/22/3694
f 5107/22/3694 5110/298/3697 5114/20/3701
f 5109/288/3696 5107/22/3694 5108/343/3695
f 5161/344/3735 5162/345/3736 5115/22/3702
f 5161/344/3735 5115/22/3702 5116/346/3703
f 5160/347/3734 5161/344/3735 5116/346/3703
f 5160/347/3734 5116/346/3703 5117/348/3704
f 5159/349/3733 5160/347/3734 5117/348/3704
f 5159/349/3733 5117/348/3704 5118/350/3705
f 5158/351/3732 5159/349/3733 5118/350/3705
f 5158/351/3732 5118/350/3705 5119/352/3706
f 5157/353/3731 5158/351/3732 5119/352/3706
f 5157/353/3731 5119/352/3706 5120/354/3707
f 5156/355/3730 5157/353/3731 5186/356/3748
f 5186/356/3748 5157/353/3731 5120/354/3707
f 5156/355/3730 5186/356/3748 5187/357/3749
f 5185/358/3747 5186/356/3748 5120/354/3707
f 5156/355/3730 5187/357/3749 5188/359/3750
f 5184/360/3746 5185/358/3747 5120/354/3707
f 5156/355/3730 5188/359/3750 5189/361/3751
f 5183/362/3745 5184/360/3746 5120/354/3707
f 5183/362/3745 5120/354/3707 5121/363/3708
f 5155/364/3728 5156/355/3730 5189/361/3751
f 5182/365/3744 5183/362/3745 5121/363/3708
f 5155/364/3728 5189/361/3751 5190/366/3729
f 5181/367/3743 5182/365/3744 5121/363/3708
f 5155/364/3728 5190/366/3729 5191/368/3729
f 5181/367/3743 5121/363/3708 5122/369/3709
f 5154/370/3729 5155/364/3728 5191/368/3729
f 5180/371/3742 5181/367/3743 5122/369/3709
f 5154/370/3729 5191/368/3729 5192/372/3729
f 5179/373/3709 5180/371/3742 5122/369/3709
f 5154/370/3729 5192/372/3729 5193/374/3729
f 5179/373/3709 5122/369/3709 5123/375/3709
f 5153/376/3728 5154/370/3729 5193/374/3729
f 5178/377/3709 5179/373/3709 5123/375/3709
f 5153/376/3728 5193/374/3729 5194/378/3729
f 5178/377/3709 5123/375/3709 5124/379/3709
f 5152/380/3728 5153/376/3728 5194/378/3729
f 5177/381/3709 5178/377/3709 5124/379/3709
f 5152/380/3728 5194/378/3729 5195/382/3729
f 5176/383/3709 5177/381/3709 5124/379/3709
f 5152/380/3728 5195/382/3729 5196/384/3728
f 5176/383/3709 5124/379/3709 5125/385/3710
f 5151/386/3728 5152/380/3728 5196/384/3728
f 5175/387/3710 5176/383/3709 5125/385/3710
f 5151/386/3728 5196/384/3728 5197/388/3728
f 5175/387/3710 5125/385/3710 5126/389/3710
f 5150/390/3728 5151/386/3728 5197/388/3728
f 5174/391/3710 5175/387/3710 5126/389/3710
f 5150/390/3728 5197/388/3728 5198/392/3752
f 5149/393/3727 5150/390/3728 5198/392/3752
f 5149/393/3727 5198/392/3752 5199/394/3753
f 5173/395/3710 5174/391/3710 5126/389/3710
f 5173/395/3710 5126/389/3710 5127/396/3710
f 5149/393/3727 5199/394/3753 5200/397/3754
f 5172/398/3710 5173/395/3710 5127/396/3710
f 5172/398/3710 5127/396/3710 5128/399/3710
f 5148/400/3726 5149/393/3727 5200/397/3754
f 5148/400/3726 5200/397/3754 5201/401/3755
f 5171/402/3710 5172/398/3710 5128/399/3710
f 5171/402/3710 5128/399/3710 5129/403/3710
f 5147/404/3725 5148/400/3726 5201/401/3755
f 5147/404/3725 5201/401/3755 5202/405/3724
f 5170/406/3741 5171/402/3710 5129/403/3710
f 5170/406/3741 5129/403/3710 5130/407/3710
f 5146/408/3724 5147/404/3725 5202/405/3724
f 5146/408/3724 5202/405/3724 5203/409/3724
f 5169/410/3710 5170/406/3741 5130/407/3710
f 5146/408/3724 5203/409/3724 5204/411/3723
f 5168/412/3741 5169/410/3710 5130/407/3710
f 5168/412/3741 5130/407/3710 5131/413/3710
f 5145/414/3724 5146/408/3724 5204/411/3723
f 5145/414/3724 5204/411/3723 5205/415/3723
f 5167/416/3741 5168/412/3741 5131/413/3710
f 5145/414/3724 5205/415/3723 5206/417/3756
f 5166/418/3740 5167/416/3741 5131/413/3710
f 5166/418/3740 5131/413/3710 5132/419/3711
f 5144/420/3723 5145/414/3724 5206/417/3756
f 5144/420/3723 5206/417/3756 5207/421/3756
f 5165/422/3739 5166/418/3740 5132/419/3711
f 5144/420/3723 5207/421/3756 5208/423/3757
f 5164/424/3738 5165/422/3739 5132/419/3711
f 5164/424/3738 5132/419/3711 5133/425/3712
f 5143/426/3722 5144/420/3723 5208/423/3757
f 5143/426/3722 5208/423/3757 5209/427/3758
f 5163/428/3737 5164/424/3738 5133/425/3712
f 5143/426/3722 5209/427/3758 5210/20/3759
f 5210/20/3759 5163/428/3737 5133/425/3712
f 5143/426/3722 5210/20/3759 5133/425/3712
f 5143/426/3722 5133/425/3712 5134/429/3713
f 5142/430/3721 5143/426/3722 5134/429/3713
f 5142/430/3721 5134/429/3713 5135/431/3714
f 5141/432/3720 5142/430/3721 5135/431/3714
f 5141/432/3720 5135/431/3714 5136/433/3715
f 5140/434/3719 5141/432/3720 5136/433/3715
f 5140/434/3719 5136/433/3715 5137/435/3716
f 5139/436/3718 5140/434/3719 5137/435/3716
f 5139/436/3718 5137/435/3716 5138/437/3717
f 5213/376/3762 5214/398/3763 5215/368/3764
f 5213/376/3762 5215/368/3764 5216/20/3765
f 5213/376/3762 5216/20/3765 5211/22/3760
f 5213/376/3762 5211/22/3760 5212/429/3761
f 5218/438/3767 5220/439/3769 5219/440/3768 5217/22/3766
f 5220/439/3769 5222/441/3771 5221/122/3770 5219/440/3768
f 5222/441/3771 5224/442/3773 5223/99/3772 5221/122/3770
f 5224/442/3773 5226/443/3775 5225/133/3774 5223/99/3772
f 5226/443/3775 5228/444/3777 5227/445/3776 5225/133/3774
f 5228/444/3777 5218/446/3767 5217/20/3766 5227/445/3776
f 5230/438/3723 5232/447/3780 5231/448/3779 5229/22/3778
f 5232/447/3780 5234/449/3782 5233/450/3781 5231/448/3779
f 5234/449/3782 5236/451/3784 5235/452/3783 5233/450/3781
f 5236/451/3784 5238/453/3784 5237/454/3784 5235/452/3783
f 5238/453/3784 5240/455/3784 5239/456/3784 5237/454/3784
f 5240/455/3784 5242/457/3709 5241/458/3709 5239/456/3784
f 5242/457/3709 5244/459/3709 5243/460/3709 5241/458/3709
f 5244/459/3709 5246/439/3709 5245/440/3709 5243/460/3709
f 5246/439/3709 5248/461/3709 5247/462/3709 5245/440/3709
f 5248/461/3709 5250/463/3709 5249/464/3709 5247/462/3709
f 5250/463/3709 5252/465/3785 5251/466/3785 5249/464/3709
f 5252/465/3785 5254/467/3785 5253/468/3785 5251/466/3785
f 5254/467/3785 5256/469/3785 5255/470/3785 5253/468/3785
f 5256/469/3785 5258/471/3787 5257/472/3786 5255/470/3785
f 5258/471/3787 5260/473/3788 5259/474/3710 5257/472/3786
f 5260/473/3788 5262/441/3710 5261/122/3710 5259/474/3710
f 5262/441/3710 5264/475/3741 5263/476/3741 5261/122/3710
f 5264/475/3741 5266/477/3739 5265/478/3789 5263/476/3741
f 5266/477/3739 5268/479/3789 5267/480/3790 5265/478/3789
f 5268/479/3789 5270/481/3790 5269/482/3739 5267/480/3790
f 5270/481/3790 5272/483/3740 5271/484/3791 5269/482/3739
f 5272/483/3740 5274/485/3793 5273/486/3792 5271/484/3791
f 5274/485/3793 5276/487/3795 5275/488/3794 5273/486/3792
f 5276/487/3795 5278/442/3796 5277/99/3476 5275/488/3794
f 5278/442/3796 5280/489/3476 5279/490/3442 5277/99/3476
f 5280/489/3476 5282/491/3476 5281/492/3476 5279/490/3442
f 5282/491/3476 5284/493/3476 5283/494/3442 5281/492/3476
f 5284/493/3476 5286/495/3442 5285/496/3442 5283/494/3442
f 5286/495/3442 5288/497/3442 5287/498/3442 5285/496/3442
f 5288/497/3442 5290/499/3443 5289/500/3443 5287/498/3442
f 5290/499/3443 5292/501/3443 5291/502/3443 5289/500/3443
f 5292/501/3443 5294/443/3798 5293/133/3797 5291/502/3443
f 5294/443/3798 5296/503/3800 5295/504/3799 5293/133/3797
f 5296/503/3800 5298/505/3448 5297/506/3448 5295/504/3799
f 5298/505/3448 5300/507/3448 5299/508/3448 5297/506/3448
f 5300/507/3448 5302/509/3801 5301/510/3801 5299/508/3448
f 5302/509/3801 5304/511/3802 5303/512/3801 5301/510/3801
f 5304/511/3802 5306/513/3802 5305/514/3802 5303/512/3801
f 5306/513/3802 5308/515/3449 5307/516/3449 5305/514/3802
f 5308/515/3449 5310/444/3449 5309/445/3449 5307/516/3449
f 5310/444/3449 5312/517/3449 5311/518/3449 5309/445/3449
f 5312/517/3449 5314/519/3449 5313/520/3449 5311/518/3449
f 5314/519/3449 5316/521/3449 5315/522/3449 5313/520/3449
f 5316/521/3449 5318/523/3449 5317/524/3449 5315/522/3449
f 5318/523/3449 5320/525/3804 5319/526/3803 5317/524/3449
f 5320/525/3804 5322/527/3806 5321/528/3805 5319/526/3803
f 5322/527/3806 5324/529/3778 5323/530/3757 5321/528/3805
f 5324/529/3778 5230/446/3723 5229/20/3778 5323/530/3757
f 5326/438/3808 5328/447/3810 5327/448/3809 5325/22/3807
f 5328/447/3810 5330/449/3459 5329/450/3811 5327/448/3809
f 5330/449/3459 5332/451/3812 5331/452/3459 5329/450/3811
f 5332/451/3812 5334/453/3459 5333/454/3812 5331/452/3459
f 5334/453/3459 5336/455/3429 5335/456/3459 5333/454/3812
f 5336/455/3429 5338/457/3430 5337/458/3430 5335/456/3459
f 5338/457/3430 5340/459/3430 5339/460/3430 5337/458/3430
f 5340/459/3430 5342/439/3429 5341/440/3429 5339/460/3430
f 5342/439/3429 5344/461/3429 5343/462/3429 5341/440/3429
f 5344/461/3429 5346/463/3429 5345/464/3429 5343/462/3429
f 5346/463/3429 5348/465/3429 5347/466/3429 5345/464/3429
f 5348/465/3429 5350/467/3429 5349/468/3429 5347/466/3429
f 5350/467/3429 5352/469/3430 5351/470/3430 5349/468/3429
f 5352/469/3430 5354/471/3427 5353/472/3427 5351/470/3430
f 5354/471/3427 5356/473/3427 5355/474/3427 5353/472/3427
f 5356/473/3427 5358/441/3427 5357/122/3427 5355/474/3427
f 5358/441/3427 5360/475/3427 5359/476/3427 5357/122/3427
f 5360/475/3427 5362/477/3427 5361/478/3427 5359/476/3427
f 5362/477/3427 5364/479/3814 5363/480/3813 5361/478/3427
f 5364/479/3814 5366/481/3816 5365/482/3815 5363/480/3813
f 5366/481/3816 5368/483/3818 5367/484/3817 5365/482/3815
f 5368/483/3818 5370/485/3820 5369/486/3819 5367/484/3817
f 5370/485/3820 5372/487/3821 5371/488/3736 5369/486/3819
f 5372/487/3821 5374/442/3736 5373/99/3736 5371/488/3736
f 5374/442/3736 5376/489/3736 5375/490/3822 5373/99/3736
f 5376/489/3736 5378/491/3736 5377/492/3702 5375/490/3822
f 5378/491/3736 5380/493/3702 5379/494/3823 5377/492/3702
f 5380/493/3702 5382/495/3729 5381/496/3729 5379/494/3823
f 5382/495/3729 5384/497/3729 5383/498/3729 5381/496/3729
f 5384/497/3729 5386/499/3729 5385/500/3729 5383/498/3729
f 5386/499/3729 5388/501/3729 5387/502/3729 5385/500/3729
f 5388/501/3729 5390/443/3728 5389/133/3728 5387/502/3729
f 5390/443/3728 5392/503/3728 5391/504/3728 5389/133/3728
f 5392/503/3728 5394/505/3825 5393/506/3824 5391/504/3728
f 5394/505/3825 5396/507/3827 5395/508/3826 5393/506/3824
f 5396/507/3827 5398/509/3828 5397/510/3828 5395/508/3826
f 5398/509/3828 5400/511/3829 5399/512/3829 5397/510/3828
f 5400/511/3829 5402/513/3724 5401/514/3724 5399/512/3829
f 5402/513/3724 5404/515/3724 5403/516/3724 5401/514/3724
f 5404/515/3724 5406/444/3723 5405/445/3723 5403/516/3724
f 5406/444/3723 5408/517/3723 5407/518/3723 5405/445/3723
f 5408/517/3723 5410/519/3723 5409/520/3723 5407/518/3723
f 5410/519/3723 5412/521/3830 5411/522/3723 5409/520/3723
f 5412/521/3830 5414/523/3723 5413/524/3830 5411/522/3723
f 5414/523/3723 5416/525/3702 5415/526/3723 5413/524/3830
f 5416/525/3702 5418/527/3831 5417/528/3702 5415/526/3723
f 5418/527/3831 5420/529/3833 5419/530/3832 5417/528/3702
f 5420/529/3833 5326/446/3808 5325/20/3807 5419/530/3832
f 5422/438/3835 5424/457/3837 5423/458/3836 5421/22/3834
f 5424/457/3837 5426/467/3839 5425/468/3838 5423/458/3836
f 5426/467/3839 5428/477/3841 5427/478/3840 5425/468/3838
f 5428/477/3841 5430/442/3842 5429/99/3842 5427/478/3840
f 5430/442/3842 5432/499/3844 5431/500/3843 5429/99/3842
f 5432/499/3844 5434/509/3846 5433/510/3845 5431/500/3843
f 5434/509/3846 5436/519/3848 5435/520/3847 5433/510/3845
f 5436/519/3848 5422/446/3835 5421/20/3834 5435/520/3847
f 5438/438/3369 5440/531/3849 5439/532/3849 5437/22/3369
f 5440/531/3849 5442/533/3369 5441/534/3849 5439/532/3849
f 5442/533/3369 5444/535/3369 5443/536/3369 5441/534/3849
f 5444/535/3369 5446/537/3370 5445/538/3370 5443/536/3369
f 5446/537/3370 5448/539/3370 5447/540/3370 5445/538/3370
f 5448/539/3370 5450/541/3370 5449/542/3370 5447/540/3370
f 5450/541/3370 5452/543/3409 5451/544/3370 5449/542/3370
f 5452/543/3409 5454/545/3370 5453/546/3409 5451/544/3370
f 5454/545/3370 5456/547/3373 5455/548/3412 5453/546/3409
f 5456/547/3373 5458/549/3850 5457/550/3373 5455/548/3412
f 5458/549/3850 5460/551/3851 5459/552/3850 5457/550/3373
f 5460/551/3851 5462/553/3683 5461/554/3852 5459/552/3850
f 5462/553/3683 5464/439/3681 5463/440/3683 5461/554/3852
f 5464/439/3681 5466/555/3682 5465/556/3681 5463/440/3683
f 5466/555/3682 5468/557/3853 5467/558/3682 5465/556/3681
f 5468/557/3853 5470/559/3854 5469/560/3682 5467/558/3682
f 5470/559/3854 5472/561/3854 5471/562/3854 5469/560/3682
f 5472/561/3854 5474/563/3856 5473/564/3855 5471/562/3854
f 5474/563/3856 5476/565/3858 5475/566/3857 5473/564/3855
f 5476/565/3858 5478/567/3859 5477/568/3859 5475/566/3857
f 5478/567/3859 5480/569/3859 5479/570/3859 5477/568/3859
f 5480/569/3859 5482/571/3859 5481/572/3859 5479/570/3859
f 5482/571/3859 5484/573/3860 5483/574/3860 5481/572/3859
f 5484/573/3860 5486/575/3862 5485/576/3861 5483/574/3860
f 5486/575/3862 5488/577/3864 5487/578/3863 5485/576/3861
f 5488/577/3864 5490/441/3865 5489/122/3865 5487/578/3863
f 5490/441/3865 5492/579/3866 5491/580/3866 5489/122/3865
f 5492/579/3866 5494/581/3867 5493/582/3867 5491/580/3866
f 5494/581/3867 5496/583/3868 5495/584/3868 5493/582/3867
f 5496/583/3868 5498/585/3868 5497/586/3867 5495/584/3868
f 5498/585/3868 5500/587/3867 5499/588/3865 5497/586/3867
f 5500/587/3867 5502/589/3371 5501/590/3371 5499/588/3865
f 5502/589/3371 5504/591/3867 5503/592/3867 5501/590/3371
f 5504/591/3867 5506/593/3867 5505/594/3868 5503/592/3867
f 5506/593/3867 5508/595/3867 5507/596/3867 5505/594/3868
f 5508/595/3867 5510/597/3867 5509/598/3867 5507/596/3867
f 5510/597/3867 5512/599/3867 5511/600/3865 5509/598/3867
f 5512/599/3867 5514/601/3865 5513/602/3867 5511/600/3865
f 5514/601/3865 5516/442/3867 5515/99/3371 5513/602/3867
f 5516/442/3867 5518/603/3371 5517/604/3869 5515/99/3371
f 5518/603/3371 5520/605/3870 5519/606/3867 5517/604/3869
f 5520/605/3870 5522/607/3869 5521/608/3399 5519/606/3867
f 5522/607/3869 5524/609/3399 5523/610/3399 5521/608/3399
f 5524/609/3399 5526/611/3866 5525/612/3371 5523/610/3399
f 5526/611/3866 5528/613/3371 5527/614/3371 5525/612/3371
f 5528/613/3371 5530/615/3866 5529/616/3399 5527/614/3371
f 5530/615/3866 5532/617/3399 5531/618/3871 5529/616/3399
f 5532/617/3399 5534/619/3872 5533/620/3403 5531/618/3871
f 5534/619/3872 5536/621/3403 5535/622/3873 5533/620/3403
f 5536/621/3403 5538/623/3875 5537/624/3874 5535/622/3873
f 5538/623/3875 5540/625/3877 5539/626/3876 5537/624/3874
f 5540/625/3877 5542/443/3876 5541/133/3652 5539/626/3876
f 5542/443/3876 5544/627/3652 5543/628/3878 5541/133/3652
f 5544/627/3652 5546/629/3879 5545/630/3693 5543/628/3878
f 5546/629/3879 5548/631/3693 5547/632/3880 5545/630/3693
f 5548/631/3693 5550/633/3880 5549/634/3881 5547/632/3880
f 5550/633/3880 5552/635/3693 5551/636/3690 5549/634/3881
f 5552/635/3693 5554/637/3690 5553/638/3651 5551/636/3690
f 5554/637/3690 5556/639/3651 5555/640/3651 5553/638/3651
f 5556/639/3651 5558/641/3651 5557/642/3693 5555/640/3651
f 5558/641/3651 5560/643/3651 5559/644/3651 5557/642/3693
f 5560/643/3651 5562/645/3651 5561/646/3651 5559/644/3651
f 5562/645/3651 5564/647/3651 5563/648/3651 5561/646/3651
f 5564/647/3651 5566/649/3651 5565/650/3651 5563/648/3651
f 5566/649/3651 5568/444/3651 5567/445/3651 5565/650/3651
f 5568/444/3651 5570/651/3651 5569/652/3650 5567/445/3651
f 5570/651/3651 5572/653/3651 5571/654/3651 5569/652/3650
f 5572/653/3651 5574/655/3651 5573/656/3650 5571/654/3651
f 5574/655/3651 5576/657/3650 5575/658/3650 5573/656/3650
f 5576/657/3650 5578/659/3651 5577/660/3651 5575/658/3650
f 5578/659/3651 5580/661/3650 5579/662/3650 5577/660/3651
f 5580/661/3650 5582/663/3650 5581/664/3650 5579/662/3650
f 5582/663/3650 5584/665/3651 5583/666/3651 5581/664/3650
f 5584/665/3651 5586/667/3693 5585/668/3693 5583/666/3651
f 5586/667/3693 5588/669/3883 5587/670/3882 5585/668/3693
f 5588/669/3883 5590/671/3884 5589/672/3411 5587/670/3882
f 5590/671/3884 5592/673/3411 5591/674/3411 5589/672/3411
f 5592/673/3411 5438/446/3369 5437/20/3369 5591/674/3411
f 5594/438/3886 5596/675/3606 5595/676/3583 5593/22/3885
f 5596/675/3606 5598/677/3606 5597/678/3609 5595/676/3583
f 5598/677/3606 5600/679/3887 5599/680/3583 5597/678/3609
f 5600/679/3887 5602/681/3606 5601/682/3887 5599/680/3583
f 5602/681/3606 5604/683/3606 5603/684/3606 5601/682/3887
f 5604/683/3606 5606/685/3617 5605/686/3606 5603/684/3606
f 5606/685/3617 5608/687/3584 5607/688/3617 5605/686/3606
f 5608/687/3584 5610/689/3889 5609/690/3888 5607/688/3617
f 5610/689/3889 5612/691/3891 5611/692/3890 5609/690/3888
f 5612/691/3891 5614/693/3335 5613/694/3892 5611/692/3890
f 5614/693/3335 5616/695/3340 5615/696/3335 5613/694/3892
f 5616/695/3340 5618/697/3327 5617/698/3340 5615/696/3335
f 5618/697/3327 5620/699/3327 5619/700/3327 5617/698/3340
f 5620/699/3327 5622/701/3329 5621/702/3327 5619/700/3327
f 5622/701/3329 5624/703/3328 5623/704/3329 5621/702/3327
f 5624/703/3328 5626/705/3333 5625/706/3328 5623/704/3329
f 5626/705/3333 5628/707/3333 5627/708/3333 5625/706/3328
f 5628/707/3333 5630/709/3333 5629/710/3333 5627/708/3333
f 5630/709/3333 5632/711/3894 5631/712/3893 5629/710/3333
f 5632/711/3894 5634/713/3896 5633/714/3895 5631/712/3893
f 5634/713/3896 5636/715/3898 5635/716/3897 5633/714/3895
f 5636/715/3898 5638/717/3900 5637/718/3899 5635/716/3897
f 5638/717/3900 5640/719/3901 5639/720/3901 5637/718/3899
f 5640/719/3901 5642/721/3902 5641/722/3902 5639/720/3901
f 5642/721/3902 5644/723/3903 5643/724/3333 5641/722/3902
f 5644/723/3903 5646/725/3333 5645/726/3327 5643/724/3333
f 5646/725/3333 5648/727/3327 5647/728/3333 5645/726/3327
f 5648/727/3327 5650/729/3333 5649/730/3327 5647/728/3333
f 5650/729/3333 5652/731/3327 5651/732/3334 5649/730/3327
f 5652/731/3327 5654/733/3334 5653/734/3330 5651/732/3334
f 5654/733/3334 5656/735/3330 5655/736/3330 5653/734/3330
f 5656/735/3330 5658/737/3330 5657/738/3328 5655/736/3330
f 5658/737/3330 5660/739/3328 5659/740/3328 5657/738/3328
f 5660/739/3328 5662/741/3328 5661/742/3328 5659/740/3328
f 5662/741/3328 5664/743/3328 5663/744/3328 5661/742/3328
f 5664/743/3328 5666/745/3329 5665/746/3329 5663/744/3328
f 5666/745/3329 5668/747/3329 5667/748/3329 5665/746/3329
f 5668/747/3329 5670/749/3329 5669/750/3329 5667/748/3329
f 5670/749/3329 5672/751/3330 5671/752/3330 5669/750/3329
f 5672/751/3330 5674/753/3330 5673/754/3330 5671/752/3330
f 5674/753/3330 5676/755/3330 5675/756/3330 5673/754/3330
f 5676/755/3330 5678/757/3330 5677/758/3330 5675/756/3330
f 5678/757/3330 5680/759/3330 5679/760/3330 5677/758/3330
f 5680/759/3330 5682/761/3330 5681/762/3330 5679/760/3330
f 5682/761/3330 5684/763/3904 5683/764/3330 5681/762/3330
f 5684/763/3904 5686/765/3905 5685/766/3904 5683/764/3330
f 5686/765/3905 5688/767/3305 5687/768/3905 5685/766/3904
f 5688/767/3305 5690/769/3906 5689/770/3305 5687/768/3905
f 5690/769/3906 5692/771/3908 5691/772/3907 5689/770/3305
f 5692/771/3908 5694/773/3910 5693/774/3909 5691/772/3907
f 5694/773/3910 5696/775/3617 5695/776/3611 5693/774/3909
f 5696/775/3617 5698/777/3611 5697/778/3617 5695/776/3611
f 5698/777/3611 5700/779/3613 5699/780/3910 5697/778/3617
f 5700/779/3613 5702/781/3617 5701/782/3613 5699/780/3910
f 5702/781/3617 5704/783/3611 5703/784/3617 5701/782/3613
f 5704/783/3611 5706/785/3613 5705/786/3613 5703/784/3617
f 5706/785/3613 5708/787/3910 5707/788/3613 5705/786/3613
f 5708/787/3910 5710/789/3613 5709/790/3611 5707/788/3613
f 5710/789/3613 5712/791/3613 5711/792/3613 5709/790/3611
f 5712/791/3613 5714/793/3611 5713/794/3333 5711/792/3613
f 5714/793/3611 5716/442/3902 5715/99/3902 5713/794/3333
f 5716/442/3902 5718/795/3334 5717/796/3334 5715/99/3902
f 5718/795/3334 5720/797/3334 5719/798/3327 5717/796/3334
f 5720/797/3334 5722/799/3327 5721/800/3334 5719/798/3327
f 5722/799/3327 5724/801/3334 5723/802/3330 5721/800/3334
f 5724/801/3334 5726/803/3330 5725/804/3335 5723/802/3330
f 5726/803/3330 5728/805/3335 5727/806/3905 5725/804/3335
f 5728/805/3335 5730/807/3905 5729/808/3904 5727/806/3905
f 5730/807/3905 5732/809/3904 5731/810/3331 5729/808/3904
f 5732/809/3904 5734/811/3331 5733/812/3305 5731/810/3331
f 5734/811/3331 5736/813/3912 5735/814/3911 5733/812/3305
f 5736/813/3912 5738/815/3914 5737/816/3913 5735/814/3911
f 5738/815/3914 5740/817/3913 5739/818/3615 5737/816/3913
f 5740/817/3913 5742/819/3615 5741/820/3609 5739/818/3615
f 5742/819/3615 5744/821/3609 5743/822/3609 5741/820/3609
f 5744/821/3609 5746/823/3609 5745/824/3606 5743/822/3609
f 5746/823/3609 5748/825/3606 5747/826/3609 5745/824/3606
f 5748/825/3606 5750/827/3609 5749/828/3609 5747/826/3609
f 5750/827/3609 5752/829/3609 5751/830/3609 5749/828/3609
f 5752/829/3609 5754/831/3609 5753/832/3609 5751/830/3609
f 5754/831/3609 5756/833/3609 5755/834/3606 5753/832/3609
f 5756/833/3609 5758/835/3609 5757/836/3609 5755/834/3606
f 5758/835/3609 5760/837/3608 5759/838/3608 5757/836/3609
f 5760/837/3608 5762/839/3607 5761/840/3607 5759/838/3608
f 5762/839/3607 5764/841/3608 5763/842/3608 5761/840/3607
f 5764/841/3608 5766/843/3607 5765/844/3607 5763/842/3608
f 5766/843/3607 5768/845/3609 5767/846/3607 5765/844/3607
f 5768/845/3609 5770/847/3609 5769/848/3609 5767/846/3607
f 5770/847/3609 5772/849/3606 5771/850/3609 5769/848/3609
f 5772/849/3606 5774/851/3613 5773/852/3613 5771/850/3609
f 5774/851/3613 5776/853/3613 5775/854/3613 5773/852/3613
f 5776/853/3613 5778/855/3612 5777/856/3915 5775/854/3613
f 5778/855/3612 5780/857/3917 5779/858/3916 5777/856/3915
f 5780/857/3917 5782/859/3919 5781/860/3918 5779/858/3916
f 5782/859/3919 5784/861/3920 5783/862/3920 5781/860/3918
f 5784/861/3920 5786/863/3920 5785/864/3920 5783/862/3920
f 5786/863/3920 5788/865/3921 5787/866/3921 5785/864/3920
f 5788/865/3921 5790/867/3883 5789/868/3883 5787/866/3921
f 5790/867/3883 5792/869/3883 5791/870/3883 5789/868/3883
f 5792/869/3883 5794/871/3921 5793/872/3921 5791/870/3883
f 5794/871/3921 5796/873/3922 5795/874/3922 5793/872/3921
f 5796/873/3922 5798/875/3923 5797/876/3923 5795/874/3922
f 5798/875/3923 5800/877/3923 5799/878/3920 5797/876/3923
f 5800/877/3923 5802/879/3920 5801/880/3921 5799/878/3920
f 5802/879/3920 5804/881/3883 5803/882/3924 5801/880/3921
f 5804/881/3883 5806/883/3924 5805/884/3925 5803/882/3924
f 5806/883/3924 5808/885/3927 5807/886/3926 5805/884/3925
f 5808/885/3927 5810/887/3915 5809/888/3928 5807/886/3926
f 5810/887/3915 5812/889/3930 5811/890/3929 5809/888/3928
f 5812/889/3930 5814/891/3932 5813/892/3931 5811/890/3929
f 5814/891/3932 5816/893/3933 5815/894/3330 5813/892/3931
f 5816/893/3933 5818/895/3339 5817/896/3328 5815/894/3330
f 5818/895/3339 5820/897/3328 5819/898/3304 5817/896/3328
f 5820/897/3328 5822/899/3332 5821/900/3934 5819/898/3304
f 5822/899/3332 5824/901/3936 5823/902/3935 5821/900/3934
f 5824/901/3936 5826/903/3935 5825/904/3935 5823/902/3935
f 5826/903/3935 5828/905/3937 5827/906/3304 5825/904/3935
f 5828/905/3937 5830/907/3304 5829/908/3327 5827/906/3304
f 5830/907/3304 5832/909/3333 5831/910/3332 5829/908/3327
f 5832/909/3333 5834/911/3332 5833/912/3304 5831/910/3332
f 5834/911/3332 5836/913/3938 5835/914/3333 5833/912/3304
f 5836/913/3938 5594/446/3886 5593/20/3885 5835/914/3333
f 5838/438/3940 5840/467/3942 5839/468/3941 5837/22/3939
f 5840/467/3942 5842/442/3943 5841/99/3286 5839/468/3941
f 5842/442/3943 5844/509/3945 5843/510/3944 5841/99/3286
f 5844/509/3945 5838/446/3940 5837/20/3939 5843/510/3944
f 5846/438/3947 5848/447/3570 5847/448/3947 5845/22/3946
f 5848/447/3570 5850/449/3573 5849/450/3570 5847/448/3947
f 5850/449/3573 5852/451/3575 5851/452/3573 5849/450/3570
f 5852/451/3575 5854/453/3575 5853/454/3948 5851/452/3573
f 5854/453/3575 5856/455/3573 5855/456/3575 5853/454/3948
f 5856/455/3573 5858/457/3575 5857/458/3575 5855/456/3575
f 5858/457/3575 5860/459/3575 5859/460/3575 5857/458/3575
f 5860/459/3575 5862/439/3947 5861/440/3947 5859/460/3575
f 5862/439/3947 5864/461/3575 5863/462/3947 5861/440/3947
f 5864/461/3575 5866/463/3573 5865/464/3573 5863/462/3947
f 5866/463/3573 5868/465/3575 5867/466/3575 5865/464/3573
f 5868/465/3575 5870/467/3947 5869/468/3947 5867/466/3575
f 5870/467/3947 5872/469/3949 5871/470/3947 5869/468/3947
f 5872/469/3949 5874/471/3575 5873/472/3575 5871/470/3947
f 5874/471/3575 5876/473/3573 5875/474/3573 5873/472/3575
f 5876/473/3573 5878/441/3573 5877/122/3575 5875/474/3573
f 5878/441/3573 5880/475/3575 5879/476/3573 5877/122/3575
f 5880/475/3575 5882/477/3573 5881/478/3573 5879/476/3573
f 5882/477/3573 5884/479/3573 5883/480/3949 5881/478/3573
f 5884/479/3573 5886/481/3949 5885/482/3574 5883/480/3949
f 5886/481/3949 5888/483/3574 5887/484/3950 5885/482/3574
f 5888/483/3574 5890/485/3950 5889/486/3951 5887/484/3950
f 5890/485/3950 5892/487/3953 5891/488/3952 5889/486/3951
f 5892/487/3953 5894/442/3955 5893/99/3954 5891/488/3952
f 5894/442/3955 5896/489/3954 5895/490/3286 5893/99/3954
f 5896/489/3954 5898/491/3286 5897/492/3288 5895/490/3286
f 5898/491/3286 5900/493/3288 5899/494/3290 5897/492/3288
f 5900/493/3288 5902/495/3290 5901/496/3290 5899/494/3290
f 5902/495/3290 5904/497/3290 5903/498/3290 5901/496/3290
f 5904/497/3290 5906/499/3290 5905/500/3288 5903/498/3290
f 5906/499/3290 5908/501/3288 5907/502/3288 5905/500/3288
f 5908/501/3288 5910/443/3288 5909/133/3288 5907/502/3288
f 5910/443/3288 5912/503/3290 5911/504/3290 5909/133/3288
f 5912/503/3290 5914/505/3290 5913/506/3288 5911/504/3290
f 5914/505/3290 5916/507/3288 5915/508/3288 5913/506/3288
f 5916/507/3288 5918/509/3288 5917/510/3288 5915/508/3288
f 5918/509/3288 5920/511/3288 5919/512/3288 5917/510/3288
f 5920/511/3288 5922/513/3288 5921/514/3288 5919/512/3288
f 5922/513/3288 5924/515/3290 5923/516/3288 5921/514/3288
f 5924/515/3290 5926/444/3288 5925/445/3288 5923/516/3288
f 5926/444/3288 5928/517/3288 5927/518/3288 5925/445/3288
f 5928/517/3288 5930/519/3286 5929/520/3288 5927/518/3288
f 5930/519/3286 5932/521/3288 5931/522/3286 5929/520/3288
f 5932/521/3288 5934/523/3297 5933/524/3288 5931/522/3286
f 5934/523/3297 5936/525/3288 5935/526/3297 5933/524/3288
f 5936/525/3288 5938/527/3956 5937/528/3288 5935/526/3297
f 5938/527/3956 5940/529/3958 5939/530/3957 5937/528/3288
f 5940/529/3958 5846/446/3947 5845/20/3946 5939/530/3957
f 5942/438/3282 5944/915/3959 5943/916/3959 5941/22/3498
f 5944/915/3959 5946/917/3959 5945/918/3569 5943/916/3959
f 5946/917/3959 5948/919/3569 5947/920/3569 5945/918/3569
f 5948/919/3569 5950/921/3960 5949/922/3960 5947/920/3569
f 5950/921/3960 5952/923/3960 5951/924/3568 5949/922/3960
f 5952/923/3960 5954/925/3959 5953/926/3959 5951/924/3568
f 5954/925/3959 5956/927/3959 5955/928/3961 5953/926/3959
f 5956/927/3959 5958/929/3961 5957/930/3960 5955/928/3961
f 5958/929/3961 5960/931/3960 5959/932/3962 5957/930/3960
f 5960/931/3960 5962/933/3962 5961/934/3962 5959/932/3962
f 5962/933/3962 5964/935/3962 5963/936/3963 5961/934/3962
f 5964/935/3962 5966/937/3965 5965/938/3964 5963/936/3963
f 5966/937/3965 5968/939/3964 5967/940/3966 5965/938/3964
f 5968/939/3964 5970/941/3206 5969/942/3213 5967/940/3966
f 5970/941/3206 5972/943/3968 5971/944/3967 5969/942/3213
f 5972/943/3968 5974/945/3970 5973/946/3969 5971/944/3967
f 5974/945/3970 5976/947/3972 5975/948/3971 5973/946/3969
f 5976/947/3972 5978/949/3974 5977/950/3973 5975/948/3971
f 5978/949/3974 5980/951/3230 5979/952/3267 5977/950/3973
f 5980/951/3230 5982/953/3231 5981/954/3230 5979/952/3267
f 5982/953/3231 5984/955/3230 5983/956/3231 5981/954/3230
f 5984/955/3230 5986/957/3231 5985/958/3267 5983/956/3231
f 5986/957/3231 5988/959/3267 5987/960/3267 5985/958/3267
f 5988/959/3267 5990/961/3267 5989/962/3534 5987/960/3267
f 5990/961/3267 5992/963/3557 5991/964/3534 5989/962/3534
f 5992/963/3557 5994/965/3534 5993/966/3555 5991/964/3534
f 5994/965/3534 5996/967/3555 5995/968/3534 5993/966/3555
f 5996/967/3555 5998/969/3975 5997/970/3556 5995/968/3534
f 5998/969/3975 6000/971/3556 5999/972/3534 5997/970/3556
f 6000/971/3556 6002/973/3534 6001/974/3976 5999/972/3534
f 6002/973/3534 6004/975/3555 6003/976/3976 6001/974/3976
f 6004/975/3555 6006/977/3976 6005/978/3555 6003/976/3976
f 6006/977/3976 6008/979/3555 6007/980/3555 6005/978/3555
f 6008/979/3555 6010/981/3978 6009/982/3977 6007/980/3555
f 6010/981/3978 6012/983/3977 6011/984/3979 6009/982/3977
f 6012/983/3977 6014/985/3981 6013/986/3980 6011/984/3979
f 6014/985/3981 6016/987/3980 6015/988/3982 6013/986/3980
f 6016/987/3980 6018/989/3984 6017/990/3983 6015/988/3982
f 6018/989/3984 6020/991/3986 6019/992/3985 6017/990/3983
f 6020/991/3986 6022/993/3988 6021/994/3987 6019/992/3985
f 6022/993/3988 6024/995/3990 6023/996/3989 6021/994/3987
f 6024/995/3990 6026/997/3992 6025/998/3991 6023/996/3989
f 6026/997/3992 6028/999/3991 6027/1000/3991 6025/998/3991
f 6028/999/3991 6030/1001/3991 6029/1002/3991 6027/1000/3991
f 6030/1001/3991 6032/1003/3993 6031/1004/3993 6029/1002/3991
f 6032/1003/3993 6034/1005/3994 6033/1006/3994 6031/1004/3993
f 6034/1005/3994 6036/1007/3994 6035/1008/3994 6033/1006/3994
f 6036/1007/3994 6038/1009/3996 6037/1010/3995 6035/1008/3994
f 6038/1009/3996 6040/1011/3998 6039/1012/3997 6037/1010/3995
f 6040/1011/3998 6042/1013/3534 6041/1014/3980 6039/1012/3997
f 6042/1013/3534 6044/1015/3534 6043/1016/3534 6041/1014/3980
f 6044/1015/3534 6046/1017/3534 6045/1018/3534 6043/1016/3534
f 6046/1017/3534 6048/1019/3534 6047/1020/3534 6045/1018/3534
f 6048/1019/3534 6050/1021/3976 6049/1022/3976 6047/1020/3534
f 6050/1021/3976 6052/1023/3555 6051/1024/3976 6049/1022/3976
f 6052/1023/3555 6054/1025/3534 6053/1026/3976 6051/1024/3976
f 6054/1025/3534 6056/1027/3976 6055/1028/3534 6053/1026/3976
f 6056/1027/3976 6058/1029/3555 6057/1030/3555 6055/1028/3534
f 6058/1029/3555 6060/1031/3534 6059/1032/3555 6057/1030/3555
f 6060/1031/3534 6062/1033/3534 6061/1034/3534 6059/1032/3555
f 6062/1033/3534 6064/1035/3521 6063/1036/3534 6061/1034/3534
f 6064/1035/3521 6066/1037/3999 6065/1038/3521 6063/1036/3534
f 6066/1037/3999 6068/1039/4001 6067/1040/4000 6065/1038/3521
f 6068/1039/4001 6070/1041/4003 6069/1042/4002 6067/1040/4000
f 6070/1041/4003 6072/1043/4005 6071/1044/4004 6069/1042/4002
f 6072/1043/4005 6074/1045/3231 6073/1046/3230 6071/1044/4004
f 6074/1045/3231 6076/1047/3234 6075/1048/3231 6073/1046/3230
f 6076/1047/3234 6078/1049/3230 6077/1050/3234 6075/1048/3231
f 6078/1049/3230 6080/1051/3230 6079/1052/3230 6077/1050/3234
f 6080/1051/3230 6082/1053/3231 6081/1054/3231 6079/1052/3230
f 6082/1053/3231 6084/1055/3230 6083/1056/3231 6081/1054/3231
f 6084/1055/3230 6086/1057/3267 6085/1058/3231 6083/1056/3231
f 6086/1057/3267 6088/1059/3231 6087/1060/3267 6085/1058/3231
f 6088/1059/3231 6090/1061/3231 6089/1062/3230 6087/1060/3267
f 6090/1061/3231 6092/1063/3267 6091/1064/3267 6089/1062/3230
f 6092/1063/3267 6094/1065/4006 6093/1066/3267 6091/1064/3267
f 6094/1065/4006 6096/1067/3550 6095/1068/4007 6093/1066/3267
f 6096/1067/3550 6098/1069/3557 6097/1070/3557 6095/1068/4007
f 6098/1069/3557 6100/1071/3557 6099/1072/3557 6097/1070/3557
f 6100/1071/3557 6102/1073/3557 6101/1074/3557 6099/1072/3557
f 6102/1073/3557 6104/1075/3557 6103/1076/3557 6101/1074/3557
f 6104/1075/3557 6106/1077/4009 6105/1078/4008 6103/1076/3557
f 6106/1077/4009 6108/1079/4011 6107/1080/4010 6105/1078/4008
f 6108/1079/4011 6110/1081/4013 6109/1082/4012 6107/1080/4010
f 6110/1081/4013 6112/1083/4015 6111/1084/4014 6109/1082/4012
f 6112/1083/4015 6114/1085/3959 6113/1086/3959 6111/1084/4014
f 6114/1085/3959 6116/1087/3569 6115/1088/3959 6113/1086/3959
f 6116/1087/3569 6118/1089/3494 6117/1090/3569 6115/1088/3959
f 6118/1089/3494 6120/1091/4017 6119/1092/4016 6117/1090/3569
f 6120/1091/4017 6122/1093/4018 6121/1094/4017 6119/1092/4016
f 6122/1093/4018 6124/1095/4020 6123/1096/4019 6121/1094/4017
f 6124/1095/4020 6126/1097/3290 6125/1098/4020 6123/1096/4019
f 6126/1097/3290 6128/1099/3208 6127/1100/4021 6125/1098/4020
f 6128/1099/3208 6130/1101/3215 6129/1102/4022 6127/1100/4021
f 6130/1101/3215 6132/1103/3212 6131/1104/3215 6129/1102/4022
f 6132/1103/3212 6134/1105/3213 6133/1106/3212 6131/1104/3215
f 6134/1105/3213 6136/1107/3283 6135/1108/3213 6133/1106/3212
f 6136/1107/3283 6138/1109/3282 6137/1110/3284 6135/1108/3213
f 6138/1109/3282 6140/1111/3206 6139/1112/3282 6137/1110/3284
f 6140/1111/3206 6142/1113/3966 6141/1114/3206 6139/1112/3282
f 6142/1113/3966 6144/1115/3206 6143/1116/3283 6141/1114/3206
f 6144/1115/3206 6146/1117/3283 6145/1118/3966 6143/1116/3283
f 6146/1117/3283 6148/1119/4023 6147/1120/3212 6145/1118/3966
f 6148/1119/4023 6150/1121/3571 6149/1122/4024 6147/1120/3212
f 6150/1121/3571 6152/1123/3571 6151/1124/4025 6149/1122/4024
f 6152/1123/3571 6154/1125/4026 6153/1126/3284 6151/1124/4025
f 6154/1125/4026 5942/446/3282 5941/20/3498 6153/1126/3284
f 6166/1/4037 6168/2/4039 6167/3/4038
f 6190/4/4059 6192/5/4056 6191/6/4060
f 6165/7/4036 6168/2/4039 6166/1/4037
f 6165/7/4036 6169/8/4040 6168/2/4039
f 6189/9/4058 6192/5/4056 6190/4/4059
f 6189/9/4058 6193/10/4055 6192/5/4056
f 6164/11/4036 6169/8/4040 6165/7/4036
f 6164/11/4036 6170/12/4036 6169/8/4040
f 6188/13/4057 6193/10/4055 6189/9/4058
f 6163/14/4035 6170/12/4036 6164/11/4036
f 6163/14/4035 6171/15/4036 6170/12/4036
f 6188/13/4057 6194/16/4055 6193/10/4055
f 6187/17/4056 6194/16/4055 6188/13/4057
f 6162/18/4034 6171/15/4036 6163/14/4035
f 6259/19/4111 6261/20/4112 6260/21/4111
f 6259/19/4111 6155/22/4027 6261/20/4112
f 6162/18/4034 6172/23/4041 6171/15/4036
f 6186/24/4055 6194/16/4055 6187/17/4056
f 6161/25/4033 6172/23/4041 6162/18/4034
f 6186/24/4055 6195/26/4061 6194/16/4055
f 6161/25/4033 6173/27/4042 6172/23/4041
f 6160/28/4032 6173/27/4042 6161/25/4033
f 6185/29/4054 6195/26/4061 6186/24/4055
f 6160/28/4032 6174/30/4043 6173/27/4042
f 6185/29/4054 6196/31/4062 6195/26/4061
f 6159/32/4031 6174/30/4043 6160/28/4032
f 6184/33/4053 6196/31/4062 6185/29/4054
f 6159/32/4031 6175/34/4044 6174/30/4043
f 6158/35/4030 6175/34/4044 6159/32/4031
f 6183/36/4052 6196/31/4062 6184/33/4053
f 6183/36/4052 6197/37/4063 6196/31/4062
f 6158/35/4030 6176/38/4045 6175/34/4044
f 6157/39/4029 6176/38/4045 6158/35/4030
f 6182/40/4051 6197/37/4063 6183/36/4052
f 6157/39/4029 6177/41/4046 6176/38/4045
f 6156/42/4028 6177/41/4046 6157/39/4029
f 6182/40/4051 6198/43/4064 6197/37/4063
f 6181/44/4050 6198/43/4064 6182/40/4051
f 6156/42/4028 6178/45/4047 6177/41/4046
f 6155/22/4027 6178/45/4047 6156/42/4028
f 6180/46/4049 6198/43/4064 6181/44/4050
f 6180/46/4049 6218/47/4083 6198/43/4064
f 6218/47/4083 6199/48/4065 6198/43/4064
f 6259/19/4111 6257/49/4110 6155/22/4027
f 6257/49/4110 6256/50/4109 6155/22/4027
f 6256/50/4109 6255/51/4109 6155/22/4027
f 6255/51/4109 6254/52/4109 6155/22/4027
f 6254/52/4109 6253/53/4109 6155/22/4027
f 6253/53/4109 6252/54/4109 6155/22/4027
f 6252/54/4109 6251/55/4034 6155/22/4027
f 6251/55/4034 6250/56/4108 6155/22/4027
f 6250/56/4108 6249/57/4107 6155/22/4027
f 6249/57/4107 6248/58/4035 6155/22/4027
f 6248/58/4035 6247/59/4034 6155/22/4027
f 6247/59/4034 6246/60/4106 6155/22/4027
f 6246/60/4106 6178/45/4047 6155/22/4027
f 6246/60/4106 6245/61/4105 6178/45/4047
f 6245/61/4105 6179/62/4048 6178/45/4047
f 6179/62/4048 6219/63/4059 6180/46/4049
f 6219/63/4059 6218/47/4083 6180/46/4049
f 6244/64/4104 6179/62/4048 6245/61/4105
f 6217/65/4082 6199/48/4065 6218/47/4083
f 6179/62/4048 6220/66/4084 6219/63/4059
f 6243/67/4103 6179/62/4048 6244/64/4104
f 6216/68/4081 6199/48/4065 6217/65/4082
f 6179/62/4048 6221/69/4085 6220/66/4084
f 6242/70/4102 6179/62/4048 6243/67/4103
f 6215/71/4080 6199/48/4065 6216/68/4081
f 6179/62/4048 6222/72/4086 6221/69/4085
f 6241/73/4101 6179/62/4048 6242/70/4102
f 6241/73/4101 6222/72/4086 6179/62/4048
f 6214/74/4079 6199/48/4065 6215/71/4080
f 6241/73/4101 6223/75/4087 6222/72/4086
f 6214/74/4079 6200/76/4066 6199/48/4065
f 6240/77/4100 6223/75/4087 6241/73/4101
f 6240/77/4100 6224/78/4088 6223/75/4087
f 6213/79/4078 6200/76/4066 6214/74/4079
f 6240/77/4100 6225/80/4089 6224/78/4088
f 6239/81/4099 6225/80/4089 6240/77/4100
f 6212/82/4077 6200/76/4066 6213/79/4078
f 6239/81/4099 6226/83/4090 6225/80/4089
f 6238/84/4098 6226/83/4090 6239/81/4099
f 6211/85/4076 6200/76/4066 6212/82/4077
f 6238/84/4098 6227/86/4091 6226/83/4090
f 6211/85/4076 6201/87/4067 6200/76/4066
f 6237/88/4097 6227/86/4091 6238/84/4098
f 6237/88/4097 6228/89/4092 6227/86/4091
f 6210/90/4075 6201/87/4067 6211/85/4076
f 6237/88/4097 6229/91/4093 6228/89/4092
f 6236/92/4094 6229/91/4093 6237/88/4097
f 6209/93/4074 6201/87/4067 6210/90/4075
f 6236/92/4094 6230/94/4094 6229/91/4093
f 6209/93/4074 6202/95/4068 6201/87/4067
f 6235/96/4056 6230/94/4094 6236/92/4094
f 6259/19/4111 6258/97/4111 6257/49/4110
f 6235/96/4056 6231/98/4092 6230/94/4094
f 6208/99/4073 6202/95/4068 6209/93/4074
f 6234/100/4096 6231/98/4092 6235/96/4056
f 6207/101/4072 6202/95/4068 6208/99/4073
f 6207/101/4072 6203/102/4069 6202/95/4068
f 6233/103/4095 6231/98/4092 6234/100/4096
f 6206/104/4071 6203/102/4069 6207/101/4072
f 6206/104/4071 6204/105/4070 6203/102/4069
f 6232/106/4092 6231/98/4092 6233/103/4095
f 6205/107/4056 6204/105/4070 6206/104/4071
f 6310/108/4124 6312/109/4126 6311/110/4125
f 6310/108/4124 6313/20/4127 6312/109/4126
f 6284/111/4118 6286/112/4117 6285/113/4119
f 6283/114/4117 6286/112/4117 6284/111/4118
f 6283/114/4117 6287/115/4118 6286/112/4117
f 6282/116/4117 6287/115/4118 6283/114/4117
f 6282/116/4117 6288/117/4120 6287/115/4118
f 6281/118/4112 6288/117/4120 6282/116/4117
f 6281/118/4112 6289/119/4117 6288/117/4120
f 6280/120/4117 6289/119/4117 6281/118/4112
f 6280/120/4117 6290/121/4117 6289/119/4117
f 6279/122/4118 6290/121/4117 6280/120/4117
f 6279/122/4118 6291/123/4117 6290/121/4117
f 6278/124/4118 6291/123/4117 6279/122/4118
f 6278/124/4118 6292/125/4112 6291/123/4117
f 6277/126/4118 6292/125/4112 6278/124/4118
f 6277/126/4118 6293/127/4117 6292/125/4112
f 6276/128/4118 6293/127/4117 6277/126/4118
f 6276/128/4118 6294/129/4117 6293/127/4117
f 6275/130/4117 6294/129/4117 6276/128/4118
f 6275/130/4117 6295/131/4118 6294/129/4117
f 6274/132/4112 6295/131/4118 6275/130/4117
f 6274/132/4112 6296/133/4118 6295/131/4118
f 6273/134/4117 6296/133/4118 6274/132/4112
f 6273/134/4117 6297/135/4118 6296/133/4118
f 6272/136/4118 6297/135/4118 6273/134/4117
f 6272/136/4118 6298/137/4112 6297/135/4118
f 6271/138/4118 6298/137/4112 6272/136/4118
f 6271/138/4118 6299/139/4117 6298/137/4112
f 6270/140/4117 6299/139/4117 6271/138/4118
f 6270/140/4117 6300/141/4118 6299/139/4117
f 6269/142/4118 6300/141/4118 6270/140/4117
f 6269/142/4118 6301/143/4117 6300/141/4118
f 6268/144/4117 6301/143/4117 6269/142/4118
f 6268/144/4117 6302/145/4117 6301/143/4117
f 6267/146/4114 6302/145/4117 6268/144/4117
f 6267/146/4114 6303/147/4118 6302/145/4117
f 6266/148/4117 6303/147/4118 6267/146/4114
f 6266/148/4117 6304/149/4120 6303/147/4118
f 6265/150/4116 6304/149/4120 6266/148/4117
f 6265/150/4116 6305/151/4120 6304/149/4120
f 6264/152/4115 6305/151/4120 6265/150/4116
f 6264/152/4115 6306/153/4117 6305/151/4120
f 6263/154/4114 6306/153/4117 6264/152/4115
f 6263/154/4114 6307/155/4121 6306/153/4117
f 6262/22/4113 6307/155/4121 6263/154/4114
f 6262/22/4113 6308/156/4122 6307/155/4121
f 6309/157/4123 6308/156/4122 6262/22/4113
f 6421/158/4178 6423/159/4179 6422/160/4154
f 6421/158/4178 6424/161/4163 6423/159/4179
f 6421/158/4178 6425/162/4180 6424/161/4163
f 6420/163/4177 6425/162/4180 6421/158/4178
f 6420/163/4177 6426/164/4181 6425/162/4180
f 6420/163/4177 6427/165/4182 6426/164/4181
f 6419/166/4176 6427/165/4182 6420/163/4177
f 6419/166/4176 6428/167/4183 6427/165/4182
f 6419/166/4176 6429/168/4184 6428/167/4183
f 6418/169/4175 6429/168/4184 6419/166/4176
f 6418/169/4175 6430/170/4185 6429/168/4184
f 6418/169/4175 6431/171/4186 6430/170/4185
f 6417/172/4174 6431/171/4186 6418/169/4175
f 6417/172/4174 6432/173/4187 6431/171/4186
f 6417/172/4174 6433/174/4188 6432/173/4187
f 6416/175/4173 6433/174/4188 6417/172/4174
f 6416/175/4173 6434/176/4189 6433/174/4188
f 6416/175/4173 6321/177/4131 6434/176/4189
f 6321/177/4131 6320/178/4128 6434/176/4189
f 6320/178/4128 6319/179/4130 6434/176/4189
f 6319/179/4130 6318/180/4129 6434/176/4189
f 6318/180/4129 6317/181/4128 6434/176/4189
f 6317/181/4128 6316/182/4128 6434/176/4189
f 6316/182/4128 6315/183/4128 6434/176/4189
f 6315/183/4128 6314/22/4128 6434/176/4189
f 6314/22/4128 6435/20/4190 6434/176/4189
f 6415/184/4172 6323/185/4133 6416/175/4173
f 6323/185/4133 6322/186/4132 6416/175/4173
f 6322/186/4132 6321/177/4131 6416/175/4173
f 6414/187/4171 6325/188/4135 6415/184/4172
f 6325/188/4135 6324/189/4134 6415/184/4172
f 6324/189/4134 6323/185/4133 6415/184/4172
f 6413/190/4170 6326/191/4136 6414/187/4171
f 6326/191/4136 6325/188/4135 6414/187/4171
f 6413/190/4170 6327/192/4137 6326/191/4136
f 6413/190/4170 6328/193/4138 6327/192/4137
f 6413/190/4170 6329/194/4139 6328/193/4138
f 6413/190/4170 6330/195/4140 6329/194/4139
f 6413/190/4170 6331/196/4141 6330/195/4140
f 6412/197/4169 6331/196/4141 6413/190/4170
f 6412/197/4169 6332/198/4142 6331/196/4141
f 6412/197/4169 6333/199/4143 6332/198/4142
f 6412/197/4169 6334/200/4144 6333/199/4143
f 6411/201/4168 6334/200/4144 6412/197/4169
f 6411/201/4168 6335/202/4145 6334/200/4144
f 6411/201/4168 6336/203/4146 6335/202/4145
f 6410/204/4167 6336/203/4146 6411/201/4168
f 6410/204/4167 6337/205/4147 6336/203/4146
f 6410/204/4167 6338/206/4148 6337/205/4147
f 6409/207/4166 6338/206/4148 6410/204/4167
f 6409/207/4166 6339/208/4149 6338/206/4148
f 6409/207/4166 6340/209/4150 6339/208/4149
f 6408/210/4165 6340/209/4150 6409/207/4166
f 6408/210/4165 6341/211/4151 6340/209/4150
f 6407/212/4164 6341/211/4151 6408/210/4165
f 6407/212/4164 6342/213/4152 6341/211/4151
f 6407/212/4164 6343/214/4152 6342/213/4152
f 6406/215/4152 6343/214/4152 6407/212/4164
f 6406/215/4152 6344/216/4152 6343/214/4152
f 6405/217/4152 6344/216/4152 6406/215/4152
f 6405/217/4152 6345/218/4152 6344/216/4152
f 6404/219/4157 6345/218/4152 6405/217/4152
f 6404/219/4157 6346/220/4152 6345/218/4152
f 6403/221/4152 6346/220/4152 6404/219/4157
f 6403/221/4152 6347/222/4152 6346/220/4152
f 6402/223/4157 6347/222/4152 6403/221/4152
f 6401/224/4152 6347/222/4152 6402/223/4157
f 6401/224/4152 6348/225/4153 6347/222/4152
f 6400/226/4153 6348/225/4153 6401/224/4152
f 6399/227/4153 6348/225/4153 6400/226/4153
f 6399/227/4153 6349/228/4154 6348/225/4153
f 6398/229/4154 6349/228/4154 6399/227/4153
f 6373/230/4159 6375/231/4159 6374/232/4159
f 6398/229/4154 6350/233/4154 6349/228/4154
f 6397/234/4154 6350/233/4154 6398/229/4154
f 6373/230/4159 6376/235/4159 6375/231/4159
f 6396/236/4153 6350/233/4154 6397/234/4154
f 6396/236/4153 6351/237/4154 6350/233/4154
f 6373/230/4159 6377/238/4159 6376/235/4159
f 6395/239/4154 6351/237/4154 6396/236/4153
f 6373/230/4159 6378/240/4159 6377/238/4159
f 6394/241/4154 6351/237/4154 6395/239/4154
f 6393/242/4154 6351/237/4154 6394/241/4154
f 6393/242/4154 6352/243/4155 6351/237/4154
f 6373/230/4159 6379/244/4159 6378/240/4159
f 6392/245/4161 6352/243/4155 6393/242/4154
f 6373/230/4159 6380/246/4159 6379/244/4159
f 6391/247/4155 6352/243/4155 6392/245/4161
f 6373/230/4159 6381/248/4159 6380/246/4159
f 6391/247/4155 6353/249/4155 6352/243/4155
f 6390/250/4163 6353/249/4155 6391/247/4155
f 6373/230/4159 6382/251/4160 6381/248/4159
f 6389/252/4155 6353/249/4155 6390/250/4163
f 6373/230/4159 6383/253/4158 6382/251/4160
f 6388/254/4155 6353/249/4155 6389/252/4155
f 6373/230/4159 6384/255/4159 6383/253/4158
f 6387/256/4163 6353/249/4155 6388/254/4155
f 6373/230/4159 6385/257/4161 6384/255/4159
f 6387/256/4163 6354/258/4155 6353/249/4155
f 6386/259/4162 6354/258/4155 6387/256/4163
f 6373/230/4159 6386/259/4162 6385/257/4161
f 6373/230/4159 6354/258/4155 6386/259/4162
f 6373/230/4159 6355/260/4155 6354/258/4155
f 6372/261/4152 6355/260/4155 6373/230/4159
f 6371/262/4152 6355/260/4155 6372/261/4152
f 6371/262/4152 6356/263/4155 6355/260/4155
f 6370/264/4152 6356/263/4155 6371/262/4152
f 6370/264/4152 6357/265/4152 6356/263/4155
f 6369/266/4157 6357/265/4152 6370/264/4152
f 6368/267/4155 6357/265/4152 6369/266/4157
f 6368/267/4155 6358/268/4152 6357/265/4152
f 6367/269/4157 6358/268/4152 6368/267/4155
f 6366/270/4152 6358/268/4152 6367/269/4157
f 6366/270/4152 6359/271/4152 6358/268/4152
f 6365/272/4158 6359/271/4152 6366/270/4152
f 6364/273/4157 6359/271/4152 6365/272/4158
f 6364/273/4157 6360/274/4152 6359/271/4152
f 6363/275/4157 6360/274/4152 6364/273/4157
f 6362/276/4155 6360/274/4152 6363/275/4157
f 6362/276/4155 6361/277/4156 6360/274/4152
f 6459/278/4203 6461/279/4204 6460/280/4204
f 6459/278/4203 6462/281/4205 6461/279/4204
f 6510/282/4237 6512/283/4237 6511/284/4235
f 6510/282/4237 6513/20/4237 6512/283/4237
f 6509/285/4191 6513/20/4237 6510/282/4237
f 6459/278/4203 6463/286/4206 6462/281/4205
f 6508/287/4237 6513/20/4237 6509/285/4191
f 6508/287/4237 6436/22/4191 6513/20/4237
f 6459/278/4203 6464/268/4207 6463/286/4206
f 6458/288/4202 6464/268/4207 6459/278/4203
f 6507/289/4237 6436/22/4191 6508/287/4237
f 6458/288/4202 6465/290/4208 6464/268/4207
f 6506/161/4236 6436/22/4191 6507/289/4237
f 6458/288/4202 6466/291/4209 6465/290/4208
f 6506/161/4236 6437/292/4191 6436/22/4191
f 6505/293/4191 6437/292/4191 6506/161/4236
f 6458/288/4202 6467/294/4210 6466/291/4209
f 6457/222/4201 6467/294/4210 6458/288/4202
f 6504/295/4191 6437/292/4191 6505/293/4191
f 6457/222/4201 6468/296/4211 6467/294/4210
f 6503/297/4191 6437/292/4191 6504/295/4191
f 6457/222/4201 6469/298/4212 6468/296/4211
f 6503/297/4191 6438/299/4191 6437/292/4191
f 6502/300/4191 6438/299/4191 6503/297/4191
f 6457/222/4201 6470/301/4213 6469/298/4212
f 6501/302/4235 6438/299/4191 6502/300/4191
f 6456/303/4200 6470/301/4213 6457/222/4201
f 6456/303/4200 6471/266/4214 6470/301/4213
f 6500/304/4232 6438/299/4191 6501/302/4235
f 6456/303/4200 6472/305/4215 6471/266/4214
f 6456/303/4200 6473/306/4216 6472/305/4215
f 6499/190/4191 6438/299/4191 6500/304/4232
f 6499/190/4191 6439/307/4191 6438/299/4191
f 6456/303/4200 6474/308/4217 6473/306/4216
f 6498/309/4232 6439/307/4191 6499/190/4191
f 6456/303/4200 6475/310/4218 6474/308/4217
f 6455/311/4199 6475/310/4218 6456/303/4200
f 6497/312/4191 6439/307/4191 6498/309/4232
f 6455/311/4199 6476/313/4219 6475/310/4218
f 6496/314/4232 6439/307/4191 6497/312/4191
f 6496/314/4232 6440/315/4191 6439/307/4191
f 6455/311/4199 6477/316/4220 6476/313/4219
f 6495/317/4191 6440/315/4191 6496/314/4232
f 6494/318/4234 6440/315/4191 6495/317/4191
f 6455/311/4199 6478/246/4221 6477/316/4220
f 6493/319/4232 6440/315/4191 6494/318/4234
f 6455/311/4199 6479/320/4222 6478/246/4221
f 6454/321/4198 6479/320/4222 6455/311/4199
f 6492/223/4234 6440/315/4191 6493/319/4232
f 6454/321/4198 6480/322/4223 6479/320/4222
f 6491/323/4232 6440/315/4191 6492/223/4234
f 6454/321/4198 6481/324/4224 6480/322/4223
f 6491/323/4232 6441/325/4191 6440/315/4191
f 6490/326/4233 6441/325/4191 6491/323/4232
f 6454/321/4198 6482/327/4225 6481/324/4224
f 6489/328/4232 6441/325/4191 6490/326/4233
f 6454/321/4198 6483/329/4226 6482/327/4225
f 6488/330/4231 6441/325/4191 6489/328/4232
f 6454/321/4198 6484/331/4227 6483/329/4226
f 6487/332/4230 6441/325/4191 6488/330/4231
f 6454/321/4198 6485/247/4228 6484/331/4227
f 6486/333/4229 6441/325/4191 6487/332/4230
f 6454/321/4198 6486/333/4229 6485/247/4228
f 6454/321/4198 6441/325/4191 6486/333/4229
f 6453/334/4192 6441/325/4191 6454/321/4198
f 6453/334/4192 6442/335/4192 6441/325/4191
f 6452/336/4192 6442/335/4192 6453/334/4192
f 6452/336/4192 6443/188/4192 6442/335/4192
f 6451/337/4192 6443/188/4192 6452/336/4192
f 6451/337/4192 6444/338/4193 6443/188/4192
f 6450/203/4197 6444/338/4193 6451/337/4192
f 6450/203/4197 6445/339/4194 6444/338/4193
f 6449/340/4192 6445/339/4194 6450/203/4197
f 6449/340/4192 6446/341/4195 6445/339/4194
f 6448/342/4196 6446/341/4195 6449/340/4192
f 6448/342/4196 6447/343/4192 6446/341/4195
f 6518/322/4242 6520/300/4244 6519/323/4243
f 6518/322/4242 6521/20/4245 6520/300/4244
f 6517/298/4241 6521/20/4245 6518/322/4242
f 6516/288/4240 6514/22/4238 6517/298/4241
f 6514/22/4238 6521/20/4245 6517/298/4241
f 6516/288/4240 6515/343/4239 6514/22/4238
f 6568/344/4279 6522/22/4246 6569/345/4280
f 6568/344/4279 6523/346/4247 6522/22/4246
f 6567/347/4278 6523/346/4247 6568/344/4279
f 6567/347/4278 6524/348/4248 6523/346/4247
f 6566/349/4277 6524/348/4248 6567/347/4278
f 6566/349/4277 6525/350/4249 6524/348/4248
f 6565/351/4276 6525/350/4249 6566/349/4277
f 6565/351/4276 6526/352/4250 6525/350/4249
f 6564/353/4275 6526/352/4250 6565/351/4276
f 6564/353/4275 6527/354/4251 6526/352/4250
f 6563/355/4274 6593/356/4291 6564/353/4275
f 6593/356/4291 6527/354/4251 6564/353/4275
f 6563/355/4274 6594/357/4292 6593/356/4291
f 6592/358/4290 6527/354/4251 6593/356/4291
f 6563/355/4274 6595/359/4293 6594/357/4292
f 6591/360/4289 6527/354/4251 6592/358/4290
f 6563/355/4274 6596/361/4294 6595/359/4293
f 6590/362/4288 6527/354/4251 6591/360/4289
f 6590/362/4288 6528/363/4252 6527/354/4251
f 6562/364/4273 6596/361/4294 6563/355/4274
f 6589/365/4287 6528/363/4252 6590/362/4288
f 6562/364/4273 6597/366/4295 6596/361/4294
f 6588/367/4286 6528/363/4252 6589/365/4287
f 6562/364/4273 6598/368/4296 6597/366/4295
f 6588/367/4286 6529/369/4253 6528/363/4252
f 6561/370/4272 6598/368/4296 6562/364/4273
f 6587/371/4285 6529/369/4253 6588/367/4286
f 6561/370/4272 6599/372/4296 6598/368/4296
f 6586/373/4253 6529/369/4253 6587/371/4285
f 6561/370/4272 6600/374/4296 6599/372/4296
f 6586/373/4253 6530/375/4253 6529/369/4253
f 6560/376/4272 6600/374/4296 6561/370/4272
f 6585/377/4253 6530/375/4253 6586/373/4253
f 6560/376/4272 6601/378/4296 6600/374/4296
f 6585/377/4253 6531/379/4253 6530/375/4253
f 6559/380/4272 6601/378/4296 6560/376/4272
f 6584/381/4253 6531/379/4253 6585/377/4253
f 6559/380/4272 6602/382/4296 6601/378/4296
f 6583/383/4253 6531/379/4253 6584/381/4253
f 6559/380/4272 6603/384/4272 6602/382/4296
f 6583/383/4253 6532/385/4254 6531/379/4253
f 6558/386/4272 6603/384/4272 6559/380/4272
f 6582/387/4254 6532/385/4254 6583/383/4253
f 6558/386/4272 6604/388/4297 6603/384/4272
f 6582/387/4254 6533/389/4254 6532/385/4254
f 6557/390/4271 6604/388/4297 6558/386/4272
f 6581/391/4254 6533/389/4254 6582/387/4254
f 6557/390/4271 6605/392/4298 6604/388/4297
f 6556/393/4270 6605/392/4298 6557/390/4271
f 6556/393/4270 6606/394/4299 6605/392/4298
f 6580/395/4254 6533/389/4254 6581/391/4254
f 6580/395/4254 6534/396/4254 6533/389/4254
f 6556/393/4270 6607/397/4300 6606/394/4299
f 6579/398/4254 6534/396/4254 6580/395/4254
f 6579/398/4254 6535/399/4254 6534/396/4254
f 6555/400/4269 6607/397/4300 6556/393/4270
f 6555/400/4269 6608/401/4301 6607/397/4300
f 6578/402/4254 6535/399/4254 6579/398/4254
f 6578/402/4254 6536/403/4254 6535/399/4254
f 6554/404/4268 6608/401/4301 6555/400/4269
f 6554/404/4268 6609/405/4302 6608/401/4301
f 6577/406/4254 6536/403/4254 6578/402/4254
f 6577/406/4254 6537/407/4254 6536/403/4254
f 6553/408/4267 6609/405/4302 6554/404/4268
f 6553/408/4267 6610/409/4266 6609/405/4302
f 6576/410/4284 6537/407/4254 6577/406/4254
f 6553/408/4267 6611/411/4266 6610/409/4266
f 6575/412/4284 6537/407/4254 6576/410/4284
f 6575/412/4284 6538/413/4254 6537/407/4254
f 6552/414/4266 6611/411/4266 6553/408/4267
f 6552/414/4266 6612/415/4280 6611/411/4266
f 6574/416/4284 6538/413/4254 6575/412/4284
f 6552/414/4266 6613/417/4280 6612/415/4280
f 6573/418/4283 6538/413/4254 6574/416/4284
f 6573/418/4283 6539/419/4254 6538/413/4254
f 6551/420/4266 6613/417/4280 6552/414/4266
f 6551/420/4266 6614/421/4280 6613/417/4280
f 6572/422/4283 6539/419/4254 6573/418/4283
f 6551/420/4266 6615/423/4280 6614/421/4280
f 6571/424/4282 6539/419/4254 6572/422/4283
f 6571/424/4282 6540/425/4255 6539/419/4254
f 6550/426/4265 6615/423/4280 6551/420/4266
f 6550/426/4265 6616/427/4303 6615/423/4280
f 6570/428/4281 6540/425/4255 6571/424/4282
f 6550/426/4265 6617/20/4304 6616/427/4303
f 6617/20/4304 6540/425/4255 6570/428/4281
f 6550/426/4265 6540/425/4255 6617/20/4304
f 6550/426/4265 6541/429/4256 6540/425/4255
f 6549/430/4264 6541/429/4256 6550/426/4265
f 6549/430/4264 6542/431/4257 6541/429/4256
f 6548/432/4263 6542/431/4257 6549/430/4264
f 6548/432/4263 6543/433/4258 6542/431/4257
f 6547/434/4262 6543/433/4258 6548/432/4263
f 6547/434/4262 6544/435/4259 6543/433/4258
f 6546/436/4261 6544/435/4259 6547/434/4262
f 6546/436/4261 6545/437/4260 6544/435/4259
f 6620/376/4307 6622/368/4309 6621/398/4308
f 6620/376/4307 6623/20/4310 6622/368/4309
f 6620/376/4307 6618/22/4305 6623/20/4310
f 6620/376/4307 6619/429/4306 6618/22/4305
f 6635/1/4322 6636/3/4322 6637/2/4323
f 6659/4/4344 6660/6/4345 6661/5/4346
f 6634/7/4321 6635/1/4322 6637/2/4323
f 6634/7/4321 6637/2/4323 6638/8/4320
f 6658/9/4343 6659/4/4344 6661/5/4346
f 6658/9/4343 6661/5/4346 6662/10/4347
f 6633/11/4320 6634/7/4321 6638/8/4320
f 6633/11/4320 6638/8/4320 6639/12/4324
f 6657/13/4342 6658/9/4343 6662/10/4347
f 6632/14/4319 6633/11/4320 6639/12/4324
f 6632/14/4319 6639/12/4324 6640/15/4325
f 6657/13/4342 6662/10/4347 6663/16/4348
f 6656/17/4341 6657/13/4342 6663/16/4348
f 6631/18/4318 6632/14/4319 6640/15/4325
f 6728/19/4397 6729/21/4397 6730/20/4400
f 6728/19/4397 6730/20/4400 6624/22/4311
f 6631/18/4318 6640/15/4325 6641/23/4326
f 6655/24/4340 6656/17/4341 6663/16/4348
f 6630/25/4317 6631/18/4318 6641/23/4326
f 6655/24/4340 6663/16/4348 6664/26/4349
f 6630/25/4317 6641/23/4326 6642/27/4327
f 6629/28/4316 6630/25/4317 6642/27/4327
f 6654/29/4339 6655/24/4340 6664/26/4349
f 6629/28/4316 6642/27/4327 6643/30/4328
f 6654/29/4339 6664/26/4349 6665/31/4350
f 6628/32/4315 6629/28/4316 6643/30/4328
f 6653/33/4338 6654/29/4339 6665/31/4350
f 6628/32/4315 6643/30/4328 6644/34/4329
f 6627/35/4314 6628/32/4315 6644/34/4329
f 6652/36/4337 6653/33/4338 6665/31/4350
f 6652/36/4337 6665/31/4350 6666/37/4351
f 6627/35/4314 6644/34/4329 6645/38/4330
f 6626/39/4313 6627/35/4314 6645/38/4330
f 6651/40/4336 6652/36/4337 6666/37/4351
f 6626/39/4313 6645/38/4330 6646/41/4331
f 6625/42/4312 6626/39/4313 6646/41/4331
f 6651/40/4336 6666/37/4351 6667/43/4352
f 6650/44/4335 6651/40/4336 6667/43/4352
f 6625/42/4312 6646/41/4331 6647/45/4332
f 6624/22/4311 6625/42/4312 6647/45/4332
f 6649/46/4334 6650/44/4335 6667/43/4352
f 6649/46/4334 6667/43/4352 6687/47/4371
f 6687/47/4371 6667/43/4352 6668/48/4353
f 6728/19/4397 6624/22/4311 6726/49/4399
f 6726/49/4399 6624/22/4311 6725/50/4398
f 6725/50/4398 6624/22/4311 6724/51/4398
f 6724/51/4398 6624/22/4311 6723/52/4398
f 6723/52/4398 6624/22/4311 6722/53/4397
f 6722/53/4397 6624/22/4311 6721/54/4320
f 6721/54/4320 6624/22/4311 6720/55/4395
f 6720/55/4395 6624/22/4311 6719/56/4396
f 6719/56/4396 6624/22/4311 6718/57/4395
f 6718/57/4395 6624/22/4311 6717/58/4394
f 6717/58/4394 6624/22/4311 6716/59/4393
f 6716/59/4393 6624/22/4311 6715/60/4392
f 6715/60/4392 6624/22/4311 6647/45/4332
f 6715/60/4392 6647/45/4332 6714/61/4391
f 6714/61/4391 6647/45/4332 6648/62/4333
f 6648/62/4333 6649/46/4334 6688/63/4372
f 6688/63/4372 6649/46/4334 6687/47/4371
f 6713/64/4390 6714/61/4391 6648/62/4333
f 6686/65/4370 6687/47/4371 6668/48/4353
f 6648/62/4333 6688/63/4372 6689/66/4373
f 6712/67/4389 6713/64/4390 6648/62/4333
f 6685/68/4369 6686/65/4370 6668/48/4353
f 6648/62/4333 6689/66/4373 6690/69/4374
f 6711/70/4388 6712/67/4389 6648/62/4333
f 6684/71/4368 6685/68/4369 6668/48/4353
f 6648/62/4333 6690/69/4374 6691/72/4375
f 6710/73/4387 6711/70/4388 6648/62/4333
f 6710/73/4387 6648/62/4333 6691/72/4375
f 6683/74/4367 6684/71/4368 6668/48/4353
f 6710/73/4387 6691/72/4375 6692/75/4376
f 6683/74/4367 6668/48/4353 6669/76/4354
f 6709/77/4386 6710/73/4387 6692/75/4376
f 6709/77/4386 6692/75/4376 6693/78/4377
f 6682/79/4366 6683/74/4367 6669/76/4354
f 6709/77/4386 6693/78/4377 6694/80/4378
f 6708/81/4385 6709/77/4386 6694/80/4378
f 6681/82/4365 6682/79/4366 6669/76/4354
f 6708/81/4385 6694/80/4378 6695/83/4379
f 6707/84/4382 6708/81/4385 6695/83/4379
f 6680/85/4364 6681/82/4365 6669/76/4354
f 6707/84/4382 6695/83/4379 6696/86/4380
f 6680/85/4364 6669/76/4354 6670/87/4355
f 6706/88/4374 6707/84/4382 6696/86/4380
f 6706/88/4374 6696/86/4380 6697/89/4381
f 6679/90/4363 6680/85/4364 6670/87/4355
f 6706/88/4374 6697/89/4381 6698/91/4379
f 6705/92/4382 6706/88/4374 6698/91/4379
f 6678/93/4362 6679/90/4363 6670/87/4355
f 6705/92/4382 6698/91/4379 6699/94/4382
f 6678/93/4362 6670/87/4355 6671/95/4356
f 6704/96/4343 6705/92/4382 6699/94/4382
f 6728/19/4397 6726/49/4399 6727/97/4397
f 6704/96/4343 6699/94/4382 6700/98/4374
f 6677/99/4361 6678/93/4362 6671/95/4356
f 6703/100/4384 6704/96/4343 6700/98/4374
f 6676/101/4360 6677/99/4361 6671/95/4356
f 6676/101/4360 6671/95/4356 6672/102/4357
f 6702/103/4383 6703/100/4384 6700/98/4374
f 6675/104/4359 6676/101/4360 6672/102/4357
f 6675/104/4359 6672/102/4357 6673/105/4358
f 6701/106/4374 6702/103/4383 6700/98/4374
f 6674/107/4343 6675/104/4359 6673/105/4358
f 6779/108/4400 6780/110/4400 6781/109/4400
f 6779/108/4400 6781/109/4400 6782/20/4400
f 6753/111/4407 6754/113/4408 6755/112/4409
f 6752/114/4406 6753/111/4407 6755/112/4409
f 6752/114/4406 6755/112/4409 6756/115/4400
f 6751/116/4400 6752/114/4406 6756/115/4400
f 6751/116/4400 6756/115/4400 6757/117/4410
f 6750/118/4403 6751/116/4400 6757/117/4410
f 6750/118/4403 6757/117/4410 6758/119/4411
f 6749/120/4404 6750/118/4403 6758/119/4411
f 6749/120/4404 6758/119/4411 6759/121/4404
f 6748/122/4400 6749/120/4404 6759/121/4404
f 6748/122/4400 6759/121/4404 6760/123/4404
f 6747/124/4403 6748/122/4400 6760/123/4404
f 6747/124/4403 6760/123/4404 6761/125/4404
f 6746/126/4404 6747/124/4403 6761/125/4404
f 6746/126/4404 6761/125/4404 6762/127/4403
f 6745/128/4403 6746/126/4404 6762/127/4403
f 6745/128/4403 6762/127/4403 6763/129/4403
f 6744/130/4404 6745/128/4403 6763/129/4403
f 6744/130/4404 6763/129/4403 6764/131/4403
f 6743/132/4404 6744/130/4404 6764/131/4403
f 6743/132/4404 6764/131/4403 6765/133/4400
f 6742/134/4403 6743/132/4404 6765/133/4400
f 6742/134/4403 6765/133/4400 6766/135/4403
f 6741/136/4403 6742/134/4403 6766/135/4403
f 6741/136/4403 6766/135/4403 6767/137/4404
f 6740/138/4404 6741/136/4403 6767/137/4404
f 6740/138/4404 6767/137/4404 6768/139/4403
f 6739/140/4403 6740/138/4404 6768/139/4403
f 6739/140/4403 6768/139/4403 6769/141/4412
f 6738/142/4400 6739/140/4403 6769/141/4412
f 6738/142/4400 6769/141/4412 6770/143/4403
f 6737/144/4404 6738/142/4400 6770/143/4403
f 6737/144/4404 6770/143/4403 6771/145/4404
f 6736/146/4404 6737/144/4404 6771/145/4404
f 6736/146/4404 6771/145/4404 6772/147/4400
f 6735/148/4405 6736/146/4404 6772/147/4400
f 6735/148/4405 6772/147/4400 6773/149/4403
f 6734/150/4404 6735/148/4405 6773/149/4403
f 6734/150/4404 6773/149/4403 6774/151/4400
f 6733/152/4403 6734/150/4404 6774/151/4400
f 6733/152/4403 6774/151/4400 6775/153/4413
f 6732/154/4402 6733/152/4403 6775/153/4413
f 6732/154/4402 6775/153/4413 6776/155/4414
f 6731/22/4401 6732/154/4402 6776/155/4414
f 6731/22/4401 6776/155/4414 6777/156/4402
f 6778/157/4415 6731/22/4401 6777/156/4402
f 6890/158/4467 6891/160/4446 6892/159/4468
f 6890/158/4467 6892/159/4468 6893/161/4469
f 6890/158/4467 6893/161/4469 6894/162/4470
f 6889/163/4466 6890/158/4467 6894/162/4470
f 6889/163/4466 6894/162/4470 6895/164/4471
f 6889/163/4466 6895/164/4471 6896/165/4472
f 6888/166/4465 6889/163/4466 6896/165/4472
f 6888/166/4465 6896/165/4472 6897/167/4473
f 6888/166/4465 6897/167/4473 6898/168/4474
f 6887/169/4464 6888/166/4465 6898/168/4474
f 6887/169/4464 6898/168/4474 6899/170/4475
f 6887/169/4464 6899/170/4475 6900/171/4476
f 6886/172/4463 6887/169/4464 6900/171/4476
f 6886/172/4463 6900/171/4476 6901/173/4477
f 6886/172/4463 6901/173/4477 6902/174/4478
f 6885/175/4462 6886/172/4463 6902/174/4478
f 6885/175/4462 6902/174/4478 6903/176/4479
f 6885/175/4462 6903/176/4479 6790/177/4418
f 6790/177/4418 6903/176/4479 6789/178/4417
f 6789/178/4417 6903/176/4479 6788/179/4416
f 6788/179/4416 6903/176/4479 6787/180/4416
f 6787/180/4416 6903/176/4479 6786/181/4416
f 6786/181/4416 6903/176/4479 6785/182/4416
f 6785/182/4416 6903/176/4479 6784/183/4416
f 6784/183/4416 6903/176/4479 6783/22/4416
f 6783/22/4416 6903/176/4479 6904/20/4416
f 6884/184/4461 6885/175/4462 6792/185/4420
f 6792/185/4420 6885/175/4462 6791/186/4419
f 6791/186/4419 6885/175/4462 6790/177/4418
f 6883/187/4460 6884/184/4461 6794/188/4422
f 6794/188/4422 6884/184/4461 6793/189/4421
f 6793/189/4421 6884/184/4461 6792/185/4420
f 6882/190/4459 6883/187/4460 6795/191/4423
f 6795/191/4423 6883/187/4460 6794/188/4422
f 6882/190/4459 6795/191/4423 6796/192/4424
f 6882/190/4459 6796/192/4424 6797/193/4425
f 6882/190/4459 6797/193/4425 6798/194/4426
f 6882/190/4459 6798/194/4426 6799/195/4427
f 6882/190/4459 6799/195/4427 6800/196/4428
f 6881/197/4458 6882/190/4459 6800/196/4428
f 6881/197/4458 6800/196/4428 6801/198/4429
f 6881/197/4458 6801/198/4429 6802/199/4430
f 6881/197/4458 6802/199/4430 6803/200/4431
f 6880/201/4457 6881/197/4458 6803/200/4431
f 6880/201/4457 6803/200/4431 6804/202/4432
f 6880/201/4457 6804/202/4432 6805/203/4433
f 6879/204/4456 6880/201/4457 6805/203/4433
f 6879/204/4456 6805/203/4433 6806/205/4434
f 6879/204/4456 6806/205/4434 6807/206/4435
f 6878/207/4455 6879/204/4456 6807/206/4435
f 6878/207/4455 6807/206/4435 6808/208/4436
f 6878/207/4455 6808/208/4436 6809/209/4437
f 6877/210/4454 6878/207/4455 6809/209/4437
f 6877/210/4454 6809/209/4437 6810/211/4438
f 6876/212/4453 6877/210/4454 6810/211/4438
f 6876/212/4453 6810/211/4438 6811/213/4439
f 6876/212/4453 6811/213/4439 6812/214/4439
f 6875/215/4439 6876/212/4453 6812/214/4439
f 6875/215/4439 6812/214/4439 6813/216/4439
f 6874/217/4439 6875/215/4439 6813/216/4439
f 6874/217/4439 6813/216/4439 6814/218/4439
f 6873/219/4439 6874/217/4439 6814/218/4439
f 6873/219/4439 6814/218/4439 6815/220/4439
f 6872/221/4445 6873/219/4439 6815/220/4439
f 6872/221/4445 6815/220/4439 6816/222/4440
f 6871/223/4440 6872/221/4445 6816/222/4440
f 6870/224/4440 6871/223/4440 6816/222/4440
f 6870/224/4440 6816/222/4440 6817/225/4441
f 6869/226/4440 6870/224/4440 6817/225/4441
f 6868/227/4440 6869/226/4440 6817/225/4441
f 6868/227/4440 6817/225/4441 6818/228/4441
f 6867/229/4441 6868/227/4440 6818/228/4441
f 6842/230/4448 6843/232/4448 6844/231/4448
f 6867/229/4441 6818/228/4441 6819/233/4441
f 6866/234/4441 6867/229/4441 6819/233/4441
f 6842/230/4448 6844/231/4448 6845/235/4448
f 6865/236/4440 6866/234/4441 6819/233/4441
f 6865/236/4440 6819/233/4441 6820/237/4441
f 6842/230/4448 6845/235/4448 6846/238/4448
f 6864/239/4441 6865/236/4440 6820/237/4441
f 6842/230/4448 6846/238/4448 6847/240/4448
f 6863/241/4441 6864/239/4441 6820/237/4441
f 6862/242/4441 6863/241/4441 6820/237/4441
f 6862/242/4441 6820/237/4441 6821/243/4441
f 6842/230/4448 6847/240/4448 6848/244/4448
f 6861/245/4441 6862/242/4441 6821/243/4441
f 6842/230/4448 6848/244/4448 6849/246/4448
f 6860/247/4442 6861/245/4441 6821/243/4441
f 6842/230/4448 6849/246/4448 6850/248/4448
f 6860/247/4442 6821/243/4441 6822/249/4442
f 6859/250/4452 6860/247/4442 6822/249/4442
f 6842/230/4448 6850/248/4448 6851/251/4449
f 6858/252/4442 6859/250/4452 6822/249/4442
f 6842/230/4448 6851/251/4449 6852/253/4446
f 6857/254/4451 6858/252/4442 6822/249/4442
f 6842/230/4448 6852/253/4446 6853/255/4448
f 6856/256/4450 6857/254/4451 6822/249/4442
f 6842/230/4448 6853/255/4448 6854/257/4450
f 6856/256/4450 6822/249/4442 6823/258/4442
f 6855/259/4451 6856/256/4450 6823/258/4442
f 6842/230/4448 6854/257/4450 6855/259/4451
f 6842/230/4448 6855/259/4451 6823/258/4442
f 6842/230/4448 6823/258/4442 6824/260/4439
f 6841/261/4439 6842/230/4448 6824/260/4439
f 6840/262/4439 6841/261/4439 6824/260/4439
f 6840/262/4439 6824/260/4439 6825/263/4439
f 6839/264/4442 6840/262/4439 6825/263/4439
f 6839/264/4442 6825/263/4439 6826/265/4439
f 6838/266/4439 6839/264/4442 6826/265/4439
f 6837/267/4447 6838/266/4439 6826/265/4439
f 6837/267/4447 6826/265/4439 6827/268/4439
f 6836/269/4445 6837/267/4447 6827/268/4439
f 6835/270/4445 6836/269/4445 6827/268/4439
f 6835/270/4445 6827/268/4439 6828/271/4439
f 6834/272/4442 6835/270/4445 6828/271/4439
f 6833/273/4446 6834/272/4442 6828/271/4439
f 6833/273/4446 6828/271/4439 6829/274/4439
f 6832/275/4445 6833/273/4446 6829/274/4439
f 6831/276/4444 6832/275/4445 6829/274/4439
f 6831/276/4444 6829/274/4439 6830/277/4443
f 6928/278/4490 6929/280/4491 6930/279/4491
f 6928/278/4490 6930/279/4491 6931/281/4492
f 6979/282/4518 6980/284/4519 6981/283/4518
f 6979/282/4518 6981/283/4518 6982/20/4518
f 6978/285/4518 6979/282/4518 6982/20/4518
f 6928/278/4490 6931/281/4492 6932/286/4493
f 6977/287/4480 6978/285/4518 6982/20/4518
f 6977/287/4480 6982/20/4518 6905/22/4480
f 6928/278/4490 6932/286/4493 6933/268/4494
f 6927/288/4489 6928/278/4490 6933/268/4494
f 6976/289/4518 6977/287/4480 6905/22/4480
f 6927/288/4489 6933/268/4494 6934/290/4495
f 6975/161/4480 6976/289/4518 6905/22/4480
f 6927/288/4489 6934/290/4495 6935/291/4496
f 6975/161/4480 6905/22/4480 6906/292/4480
f 6974/293/4480 6975/161/4480 6906/292/4480
f 6927/288/4489 6935/291/4496 6936/294/4497
f 6926/222/4488 6927/288/4489 6936/294/4497
f 6973/295/4480 6974/293/4480 6906/292/4480
f 6926/222/4488 6936/294/4497 6937/296/4498
f 6972/297/4480 6973/295/4480 6906/292/4480
f 6926/222/4488 6937/296/4498 6938/298/4499
f 6972/297/4480 6906/292/4480 6907/299/4481
f 6971/300/4481 6972/297/4480 6907/299/4481
f 6926/222/4488 6938/298/4499 6939/301/4500
f 6970/302/4481 6971/300/4481 6907/299/4481
f 6925/303/4487 6926/222/4488 6939/301/4500
f 6925/303/4487 6939/301/4500 6940/266/4501
f 6969/304/4481 6970/302/4481 6907/299/4481
f 6925/303/4487 6940/266/4501 6941/305/4502
f 6925/303/4487 6941/305/4502 6942/306/4503
f 6968/190/4517 6969/304/4481 6907/299/4481
f 6968/190/4517 6907/299/4481 6908/307/4481
f 6925/303/4487 6942/306/4503 6943/308/4504
f 6967/309/4481 6968/190/4517 6908/307/4481
f 6925/303/4487 6943/308/4504 6944/310/4505
f 6924/311/4486 6925/303/4487 6944/310/4505
f 6966/312/4481 6967/309/4481 6908/307/4481
f 6924/311/4486 6944/310/4505 6945/313/4506
f 6965/314/4517 6966/312/4481 6908/307/4481
f 6965/314/4517 6908/307/4481 6909/315/4481
f 6924/311/4486 6945/313/4506 6946/316/4507
f 6964/317/4517 6965/314/4517 6909/315/4481
f 6963/318/4517 6964/317/4517 6909/315/4481
f 6924/311/4486 6946/316/4507 6947/246/4508
f 6962/319/4517 6963/318/4517 6909/315/4481
f 6924/311/4486 6947/246/4508 6948/320/4509
f 6923/321/4485 6924/311/4486 6948/320/4509
f 6961/223/4517 6962/319/4517 6909/315/4481
f 6923/321/4485 6948/320/4509 6949/322/4510
f 6960/323/4481 6961/223/4517 6909/315/4481
f 6923/321/4485 6949/322/4510 6950/324/4510
f 6960/323/4481 6909/315/4481 6910/325/4481
f 6959/326/4517 6960/323/4481 6910/325/4481
f 6923/321/4485 6950/324/4510 6951/327/4511
f 6958/328/4516 6959/326/4517 6910/325/4481
f 6923/321/4485 6951/327/4511 6952/329/4512
f 6957/330/4516 6958/328/4516 6910/325/4481
f 6923/321/4485 6952/329/4512 6953/331/4512
f 6956/332/4515 6957/330/4516 6910/325/4481
f 6923/321/4485 6953/331/4512 6954/247/4513
f 6955/333/4514 6956/332/4515 6910/325/4481
f 6923/321/4485 6954/247/4513 6955/333/4514
f 6923/321/4485 6955/333/4514 6910/325/4481
f 6922/334/4482 6923/321/4485 6910/325/4481
f 6922/334/4482 6910/325/4481 6911/335/4482
f 6921/336/4482 6922/334/4482 6911/335/4482
f 6921/336/4482 6911/335/4482 6912/188/4483
f 6920/337/4482 6921/336/4482 6912/188/4483
f 6920/337/4482 6912/188/4483 6913/338/4483
f 6919/203/4483 6920/337/4482 6913/338/4483
f 6919/203/4483 6913/338/4483 6914/339/4483
f 6918/340/4483 6919/203/4483 6914/339/4483
f 6918/340/4483 6914/339/4483 6915/341/4484
f 6917/342/4482 6918/340/4483 6915/341/4484
f 6917/342/4482 6915/341/4484 6916/343/4482
f 6987/322/4524 6988/323/4525 6989/300/4526
f 6987/322/4524 6989/300/4526 6990/20/4527
f 6986/298/4523 6987/322/4524 6990/20/4527
f 6985/288/4522 6986/298/4523 6983/22/4520
f 6983/22/4520 6986/298/4523 6990/20/4527
f 6985/288/4522 6983/22/4520 6984/343/4521
f 7037/344/4560 7038/345/4528 6991/22/4528
f 7037/344/4560 6991/22/4528 6992/346/4529
f 7036/347/4559 7037/344/4560 6992/346/4529
f 7036/347/4559 6992/346/4529 6993/348/4530
f 7035/349/4558 7036/347/4559 6993/348/4530
f 7035/349/4558 6993/348/4530 6994/350/4531
f 7034/351/4557 7035/349/4558 6994/350/4531
f 7034/351/4557 6994/350/4531 6995/352/4532
f 7033/353/4556 7034/351/4557 6995/352/4532
f 7033/353/4556 6995/352/4532 6996/354/4533
f 7032/355/4555 7033/353/4556 7062/356/4571
f 7062/356/4571 7033/353/4556 6996/354/4533
f 7032/355/4555 7062/356/4571 7063/357/4572
f 7061/358/4570 7062/356/4571 6996/354/4533
f 7032/355/4555 7063/357/4572 7064/359/4573
f 7060/360/4569 7061/358/4570 6996/354/4533
f 7032/355/4555 7064/359/4573 7065/361/4574
f 7059/362/4568 7060/360/4569 6996/354/4533
f 7059/362/4568 6996/354/4533 6997/363/4534
f 7031/364/4554 7032/355/4555 7065/361/4574
f 7058/365/4567 7059/362/4568 6997/363/4534
f 7031/364/4554 7065/361/4574 7066/366/4575
f 7057/367/4566 7058/365/4567 6997/363/4534
f 7031/364/4554 7066/366/4575 7067/368/4575
f 7057/367/4566 6997/363/4534 6998/369/4535
f 7030/370/4554 7031/364/4554 7067/368/4575
f 7056/371/4566 7057/367/4566 6998/369/4535
f 7030/370/4554 7067/368/4575 7068/372/4575
f 7055/373/4535 7056/371/4566 6998/369/4535
f 7030/370/4554 7068/372/4575 7069/374/4575
f 7055/373/4535 6998/369/4535 6999/375/4535
f 7029/376/4554 7030/370/4554 7069/374/4575
f 7054/377/4535 7055/373/4535 6999/375/4535
f 7029/376/4554 7069/374/4575 7070/378/4575
f 7054/377/4535 6999/375/4535 7000/379/4535
f 7028/380/4554 7029/376/4554 7070/378/4575
f 7053/381/4535 7054/377/4535 7000/379/4535
f 7028/380/4554 7070/378/4575 7071/382/4575
f 7052/383/4535 7053/381/4535 7000/379/4535
f 7028/380/4554 7071/382/4575 7072/384/4554
f 7052/383/4535 7000/379/4535 7001/385/4535
f 7027/386/4554 7028/380/4554 7072/384/4554
f 7051/387/4535 7052/383/4535 7001/385/4535
f 7027/386/4554 7072/384/4554 7073/388/4554
f 7051/387/4535 7001/385/4535 7002/389/4536
f 7026/390/4554 7027/386/4554 7073/388/4554
f 7050/391/4536 7051/387/4535 7002/389/4536
f 7026/390/4554 7073/388/4554 7074/392/4576
f 7025/393/4553 7026/390/4554 7074/392/4576
f 7025/393/4553 7074/392/4576 7075/394/4577
f 7049/395/4536 7050/391/4536 7002/389/4536
f 7049/395/4536 7002/389/4536 7003/396/4536
f 7025/393/4553 7075/394/4577 7076/397/4578
f 7048/398/4536 7049/395/4536 7003/396/4536
f 7048/398/4536 7003/396/4536 7004/399/4536
f 7024/400/4552 7025/393/4553 7076/397/4578
f 7024/400/4552 7076/397/4578 7077/401/4579
f 7047/402/4536 7048/398/4536 7004/399/4536
f 7047/402/4536 7004/399/4536 7005/403/4536
f 7023/404/4551 7024/400/4552 7077/401/4579
f 7023/404/4551 7077/401/4579 7078/405/4550
f 7046/406/4536 7047/402/4536 7005/403/4536
f 7046/406/4536 7005/403/4536 7006/407/4536
f 7022/408/4550 7023/404/4551 7078/405/4550
f 7022/408/4550 7078/405/4550 7079/409/4550
f 7045/410/4536 7046/406/4536 7006/407/4536
f 7022/408/4550 7079/409/4550 7080/411/4549
f 7044/412/4565 7045/410/4536 7006/407/4536
f 7044/412/4565 7006/407/4536 7007/413/4536
f 7021/414/4549 7022/408/4550 7080/411/4549
f 7021/414/4549 7080/411/4549 7081/415/4549
f 7043/416/4565 7044/412/4565 7007/413/4536
f 7021/414/4549 7081/415/4549 7082/417/4580
f 7042/418/4564 7043/416/4565 7007/413/4536
f 7042/418/4564 7007/413/4536 7008/419/4537
f 7020/420/4549 7021/414/4549 7082/417/4580
f 7020/420/4549 7082/417/4580 7083/421/4580
f 7041/422/4563 7042/418/4564 7008/419/4537
f 7020/420/4549 7083/421/4580 7084/423/4580
f 7040/424/4562 7041/422/4563 7008/419/4537
f 7040/424/4562 7008/419/4537 7009/425/4538
f 7019/426/4548 7020/420/4549 7084/423/4580
f 7019/426/4548 7084/423/4580 7085/427/4581
f 7039/428/4561 7040/424/4562 7009/425/4538
f 7019/426/4548 7085/427/4581 7086/20/4582
f 7086/20/4582 7039/428/4561 7009/425/4538
f 7019/426/4548 7086/20/4582 7009/425/4538
f 7019/426/4548 7009/425/4538 7010/429/4539
f 7018/430/4547 7019/426/4548 7010/429/4539
f 7018/430/4547 7010/429/4539 7011/431/4540
f 7017/432/4546 7018/430/4547 7011/431/4540
f 7017/432/4546 7011/431/4540 7012/433/4541
f 7016/434/4545 7017/432/4546 7012/433/4541
f 7016/434/4545 7012/433/4541 7013/435/4542
f 7015/436/4544 7016/434/4545 7013/435/4542
f 7015/436/4544 7013/435/4542 7014/437/4543
f 7089/376/4585 7090/398/4586 7091/368/4587
f 7089/376/4585 7091/368/4587 7092/20/4588
f 7089/376/4585 7092/20/4588 7087/22/4583
f 7089/376/4585 7087/22/4583 7088/429/4584
f 7094/438/4590 7096/439/4592 7095/440/4591 7093/22/4589
f 7096/439/4592 7098/441/4594 7097/122/4593 7095/440/4591
f 7098/441/4594 7100/442/4596 7099/99/4595 7097/122/4593
f 7100/442/4596 7102/443/4598 7101/133/4597 7099/99/4595
f 7102/443/4598 7104/444/4600 7103/445/4599 7101/133/4597
f 7104/444/4600 7094/446/4590 7093/20/4589 7103/445/4599
f 7106/438/4528 7108/447/4603 7107/448/4602 7105/22/4601
f 7108/447/4603 7110/449/4605 7109/450/4604 7107/448/4602
f 7110/449/4605 7112/451/4607 7111/452/4606 7109/450/4604
f 7112/451/4607 7114/453/4535 7113/454/4607 7111/452/4606
f 7114/453/4535 7116/455/4535 7115/456/4535 7113/454/4607
f 7116/455/4535 7118/457/4535 7117/458/4535 7115/456/4535
f 7118/457/4535 7120/459/4535 7119/460/4535 7117/458/4535
f 7120/459/4535 7122/439/4535 7121/440/4535 7119/460/4535
f 7122/439/4535 7124/461/4535 7123/462/4535 7121/440/4535
f 7124/461/4535 7126/463/4536 7125/464/4536 7123/462/4535
f 7126/463/4536 7128/465/4536 7127/466/4608 7125/464/4536
f 7128/465/4536 7130/467/4608 7129/468/4608 7127/466/4608
f 7130/467/4608 7132/469/4608 7131/470/4608 7129/468/4608
f 7132/469/4608 7134/471/4609 7133/472/4609 7131/470/4608
f 7134/471/4609 7136/473/4610 7135/474/4610 7133/472/4609
f 7136/473/4610 7138/441/4565 7137/122/4565 7135/474/4610
f 7138/441/4565 7140/475/4565 7139/476/4565 7137/122/4565
f 7140/475/4565 7142/477/4565 7141/478/4611 7139/476/4565
f 7142/477/4565 7144/479/4611 7143/480/4612 7141/478/4611
f 7144/479/4611 7146/481/4612 7145/482/4613 7143/480/4612
f 7146/481/4612 7148/483/4613 7147/484/4614 7145/482/4613
f 7148/483/4613 7150/485/4616 7149/486/4615 7147/484/4614
f 7150/485/4616 7152/487/4618 7151/488/4617 7149/486/4615
f 7152/487/4618 7154/442/4619 7153/99/4246 7151/488/4617
f 7154/442/4619 7156/489/4266 7155/490/4280 7153/99/4246
f 7156/489/4266 7158/491/4280 7157/492/4280 7155/490/4280
f 7158/491/4280 7160/493/4280 7159/494/4266 7157/492/4280
f 7160/493/4280 7162/495/4266 7161/496/4266 7159/494/4266
f 7162/495/4266 7164/497/4266 7163/498/4266 7161/496/4266
f 7164/497/4266 7166/499/4302 7165/500/4302 7163/498/4266
f 7166/499/4302 7168/501/4302 7167/502/4302 7165/500/4302
f 7168/501/4302 7170/443/4621 7169/133/4620 7167/502/4302
f 7170/443/4621 7172/503/4623 7171/504/4622 7169/133/4620
f 7172/503/4623 7174/505/4272 7173/506/4272 7171/504/4622
f 7174/505/4272 7176/507/4272 7175/508/4272 7173/506/4272
f 7176/507/4272 7178/509/4624 7177/510/4272 7175/508/4272
f 7178/509/4624 7180/511/4625 7179/512/4624 7177/510/4272
f 7180/511/4625 7182/513/4625 7181/514/4625 7179/512/4624
f 7182/513/4625 7184/515/4296 7183/516/4296 7181/514/4625
f 7184/515/4296 7186/444/4296 7185/445/4296 7183/516/4296
f 7186/444/4296 7188/517/4296 7187/518/4296 7185/445/4296
f 7188/517/4296 7190/519/4296 7189/520/4296 7187/518/4296
f 7190/519/4296 7192/521/4296 7191/522/4296 7189/520/4296
f 7192/521/4296 7194/523/4296 7193/524/4296 7191/522/4296
f 7194/523/4296 7196/525/4627 7195/526/4626 7193/524/4296
f 7196/525/4627 7198/527/4629 7197/528/4628 7195/526/4626
f 7198/527/4629 7200/529/4631 7199/530/4630 7197/528/4628
f 7200/529/4631 7106/446/4528 7105/20/4601 7199/530/4630
f 7202/438/4633 7204/447/4635 7203/448/4634 7201/22/4632
f 7204/447/4635 7206/449/4636 7205/450/4636 7203/448/4634
f 7206/449/4636 7208/451/4638 7207/452/4637 7205/450/4636
f 7208/451/4638 7210/453/4284 7209/454/4639 7207/452/4637
f 7210/453/4284 7212/455/4284 7211/456/4284 7209/454/4639
f 7212/455/4284 7214/457/4641 7213/458/4640 7211/456/4284
f 7214/457/4641 7216/459/4641 7215/460/4641 7213/458/4640
f 7216/459/4641 7218/439/4254 7217/440/4254 7215/460/4641
f 7218/439/4254 7220/461/4254 7219/462/4254 7217/440/4254
f 7220/461/4254 7222/463/4254 7221/464/4254 7219/462/4254
f 7222/463/4254 7224/465/4254 7223/466/4254 7221/464/4254
f 7224/465/4254 7226/467/4254 7225/468/4254 7223/466/4254
f 7226/467/4254 7228/469/4252 7227/470/4252 7225/468/4254
f 7228/469/4252 7230/471/4252 7229/472/4252 7227/470/4252
f 7230/471/4252 7232/473/4252 7231/474/4252 7229/472/4252
f 7232/473/4252 7234/441/4252 7233/122/4252 7231/474/4252
f 7234/441/4252 7236/475/4252 7235/476/4252 7233/122/4252
f 7236/475/4252 7238/477/4252 7237/478/4252 7235/476/4252
f 7238/477/4252 7240/479/4643 7239/480/4642 7237/478/4252
f 7240/479/4643 7242/481/4645 7241/482/4644 7239/480/4642
f 7242/481/4645 7244/483/4647 7243/484/4646 7241/482/4644
f 7244/483/4647 7246/485/4649 7245/486/4648 7243/484/4646
f 7246/485/4649 7248/487/4651 7247/488/4650 7245/486/4648
f 7248/487/4651 7250/442/4650 7249/99/4652 7247/488/4650
f 7250/442/4650 7252/489/4652 7251/490/4652 7249/99/4652
f 7252/489/4652 7254/491/4652 7253/492/4528 7251/490/4652
f 7254/491/4652 7256/493/4528 7255/494/4575 7253/492/4528
f 7256/493/4528 7258/495/4575 7257/496/4575 7255/494/4575
f 7258/495/4575 7260/497/4575 7259/498/4575 7257/496/4575
f 7260/497/4575 7262/499/4575 7261/500/4554 7259/498/4575
f 7262/499/4575 7264/501/4554 7263/502/4554 7261/500/4554
f 7264/501/4554 7266/443/4554 7265/133/4554 7263/502/4554
f 7266/443/4554 7268/503/4554 7267/504/4554 7265/133/4554
f 7268/503/4554 7270/505/4654 7269/506/4653 7267/504/4554
f 7270/505/4654 7272/507/4656 7271/508/4655 7269/506/4653
f 7272/507/4656 7274/509/4657 7273/510/4657 7271/508/4655
f 7274/509/4657 7276/511/4658 7275/512/4658 7273/510/4657
f 7276/511/4658 7278/513/4550 7277/514/4658 7275/512/4658
f 7278/513/4550 7280/515/4550 7279/516/4550 7277/514/4658
f 7280/515/4550 7282/444/4549 7281/445/4550 7279/516/4550
f 7282/444/4549 7284/517/4549 7283/518/4549 7281/445/4550
f 7284/517/4549 7286/519/4549 7285/520/4549 7283/518/4549
f 7286/519/4549 7288/521/4549 7287/522/4549 7285/520/4549
f 7288/521/4549 7290/523/4549 7289/524/4549 7287/522/4549
f 7290/523/4549 7292/525/4659 7291/526/4549 7289/524/4549
f 7292/525/4659 7294/527/4660 7293/528/4659 7291/526/4549
f 7294/527/4660 7296/529/4662 7295/530/4661 7293/528/4659
f 7296/529/4662 7202/446/4633 7201/20/4632 7295/530/4661
f 7298/438/4664 7300/457/4666 7299/458/4665 7297/22/4663
f 7300/457/4666 7302/467/4668 7301/468/4667 7299/458/4665
f 7302/467/4668 7304/477/4670 7303/478/4669 7301/468/4667
f 7304/477/4670 7306/442/4672 7305/99/4671 7303/478/4669
f 7306/442/4672 7308/499/4674 7307/500/4673 7305/99/4671
f 7308/499/4674 7310/509/4676 7309/510/4675 7307/500/4673
f 7310/509/4676 7312/519/4678 7311/520/4677 7309/510/4675
f 7312/519/4678 7298/446/4664 7297/20/4663 7311/520/4677
f 7314/438/4236 7316/531/4679 7315/532/4679 7313/22/4236
f 7316/531/4679 7318/533/4679 7317/534/4679 7315/532/4679
f 7318/533/4679 7320/535/4236 7319/536/4236 7317/534/4679
f 7320/535/4236 7322/537/4191 7321/538/4191 7319/536/4236
f 7322/537/4191 7324/539/4232 7323/540/4191 7321/538/4191
f 7324/539/4232 7326/541/4191 7325/542/4232 7323/540/4191
f 7326/541/4191 7328/543/4234 7327/544/4680 7325/542/4232
f 7328/543/4234 7330/545/4234 7329/546/4234 7327/544/4680
f 7330/545/4234 7332/547/4197 7331/548/4234 7329/546/4234
f 7332/547/4197 7334/549/4681 7333/550/4197 7331/548/4234
f 7334/549/4681 7336/551/4516 7335/552/4682 7333/550/4197
f 7336/551/4516 7338/553/4683 7337/554/4516 7335/552/4682
f 7338/553/4683 7340/439/4684 7339/440/4683 7337/554/4516
f 7340/439/4684 7342/555/4685 7341/556/4512 7339/440/4683
f 7342/555/4685 7344/557/4686 7343/558/4686 7341/556/4512
f 7344/557/4686 7346/559/4687 7345/560/4686 7343/558/4686
f 7346/559/4687 7348/561/4687 7347/562/4687 7345/560/4686
f 7348/561/4687 7350/563/4689 7349/564/4688 7347/562/4687
f 7350/563/4689 7352/565/4691 7351/566/4690 7349/564/4688
f 7352/565/4691 7354/567/4692 7353/568/4692 7351/566/4690
f 7354/567/4692 7356/569/4692 7355/570/4692 7353/568/4692
f 7356/569/4692 7358/571/4692 7357/572/4692 7355/570/4692
f 7358/571/4692 7360/573/4693 7359/574/4693 7357/572/4692
f 7360/573/4693 7362/575/4695 7361/576/4694 7359/574/4693
f 7362/575/4695 7364/577/4697 7363/578/4696 7361/576/4694
f 7364/577/4697 7366/441/4698 7365/122/4698 7363/578/4696
f 7366/441/4698 7368/579/4223 7367/580/4223 7365/122/4698
f 7368/579/4223 7370/581/4699 7369/582/4699 7367/580/4223
f 7370/581/4699 7372/583/4699 7371/584/4699 7369/582/4699
f 7372/583/4699 7374/585/4223 7373/586/4223 7371/584/4699
f 7374/585/4223 7376/587/4197 7375/588/4197 7373/586/4223
f 7376/587/4197 7378/589/4192 7377/590/4192 7375/588/4197
f 7378/589/4192 7380/591/4223 7379/592/4223 7377/590/4192
f 7380/591/4223 7382/593/4699 7381/594/4700 7379/592/4223
f 7382/593/4699 7384/595/4701 7383/596/4700 7381/594/4700
f 7384/595/4701 7386/597/4223 7385/598/4223 7383/596/4700
f 7386/597/4223 7388/599/4223 7387/600/4223 7385/598/4223
f 7388/599/4223 7390/601/4223 7389/602/4223 7387/600/4223
f 7390/601/4223 7392/442/4223 7391/99/4223 7389/602/4223
f 7392/442/4223 7394/603/4701 7393/604/4701 7391/99/4223
f 7394/603/4701 7396/605/4701 7395/606/4223 7393/604/4701
f 7396/605/4701 7398/607/4223 7397/608/4223 7395/606/4223
f 7398/607/4223 7400/609/4702 7399/610/4702 7397/608/4223
f 7400/609/4702 7402/611/4227 7401/612/4227 7399/610/4702
f 7402/611/4227 7404/613/4227 7403/614/4197 7401/612/4227
f 7404/613/4227 7406/615/4197 7405/616/4197 7403/614/4197
f 7406/615/4197 7408/617/4197 7407/618/4703 7405/616/4197
f 7408/617/4197 7410/619/4225 7409/620/4704 7407/618/4703
f 7410/619/4225 7412/621/4706 7411/622/4705 7409/620/4704
f 7412/621/4706 7414/623/4705 7413/624/4707 7411/622/4705
f 7414/623/4705 7416/625/4708 7415/626/4513 7413/624/4707
f 7416/625/4708 7418/443/4513 7417/133/4709 7415/626/4513
f 7418/443/4513 7420/627/4709 7419/628/4710 7417/133/4709
f 7420/627/4709 7422/629/4710 7421/630/4711 7419/628/4710
f 7422/629/4710 7424/631/4517 7423/632/4712 7421/630/4711
f 7424/631/4517 7426/633/4712 7425/634/4517 7423/632/4712
f 7426/633/4712 7428/635/4517 7427/636/4713 7425/634/4517
f 7428/635/4517 7430/637/4713 7429/638/4713 7427/636/4713
f 7430/637/4713 7432/639/4713 7431/640/4519 7429/638/4713
f 7432/639/4713 7434/641/4519 7433/642/4482 7431/640/4519
f 7434/641/4519 7436/643/4713 7435/644/4713 7433/642/4482
f 7436/643/4713 7438/645/4713 7437/646/4713 7435/644/4713
f 7438/645/4713 7440/647/4481 7439/648/4481 7437/646/4713
f 7440/647/4481 7442/649/4481 7441/650/4481 7439/648/4481
f 7442/649/4481 7444/444/4481 7443/445/4481 7441/650/4481
f 7444/444/4481 7446/651/4481 7445/652/4480 7443/445/4481
f 7446/651/4481 7448/653/4480 7447/654/4480 7445/652/4480
f 7448/653/4480 7450/655/4481 7449/656/4481 7447/654/4480
f 7450/655/4481 7452/657/4481 7451/658/4481 7449/656/4481
f 7452/657/4481 7454/659/4481 7453/660/4481 7451/658/4481
f 7454/659/4481 7456/661/4481 7455/662/4481 7453/660/4481
f 7456/661/4481 7458/663/4519 7457/664/4519 7455/662/4481
f 7458/663/4519 7460/665/4519 7459/666/4519 7457/664/4519
f 7460/665/4519 7462/667/4519 7461/668/4519 7459/666/4519
f 7462/667/4519 7464/669/4480 7463/670/4714 7461/668/4519
f 7464/669/4480 7466/671/4716 7465/672/4715 7463/670/4714
f 7466/671/4716 7468/673/4237 7467/674/4237 7465/672/4715
f 7468/673/4237 7314/446/4236 7313/20/4236 7467/674/4237
f 7470/438/4717 7472/675/4442 7471/676/4417 7469/22/4717
f 7472/675/4442 7474/677/4416 7473/678/4442 7471/676/4417
f 7474/677/4416 7476/679/4417 7475/680/4417 7473/678/4442
f 7476/679/4417 7478/681/4439 7477/682/4417 7475/680/4417
f 7478/681/4439 7480/683/4444 7479/684/4439 7477/682/4417
f 7480/683/4444 7482/685/4446 7481/686/4444 7479/684/4439
f 7482/685/4446 7484/687/4718 7483/688/4442 7481/686/4444
f 7484/687/4718 7486/689/4718 7485/690/4719 7483/688/4442
f 7486/689/4718 7488/691/4721 7487/692/4720 7485/690/4719
f 7488/691/4721 7490/693/4723 7489/694/4722 7487/692/4720
f 7490/693/4723 7492/695/4724 7491/696/4723 7489/694/4722
f 7492/695/4724 7494/697/4157 7493/698/4724 7491/696/4723
f 7494/697/4157 7496/699/4725 7495/700/4157 7493/698/4724
f 7496/699/4725 7498/701/4155 7497/702/4130 7495/700/4157
f 7498/701/4155 7500/703/4153 7499/704/4155 7497/702/4130
f 7500/703/4153 7502/705/4157 7501/706/4153 7499/704/4155
f 7502/705/4157 7504/707/4157 7503/708/4157 7501/706/4153
f 7504/707/4157 7506/709/4157 7505/710/4157 7503/708/4157
f 7506/709/4157 7508/711/4727 7507/712/4726 7505/710/4157
f 7508/711/4727 7510/713/4729 7509/714/4728 7507/712/4726
f 7510/713/4729 7512/715/4731 7511/716/4730 7509/714/4728
f 7512/715/4731 7514/717/4733 7513/718/4732 7511/716/4730
f 7514/717/4733 7516/719/4734 7515/720/4734 7513/718/4732
f 7516/719/4734 7518/721/4735 7517/722/4734 7515/720/4734
f 7518/721/4735 7520/723/4157 7519/724/4157 7517/722/4734
f 7520/723/4157 7522/725/4157 7521/726/4157 7519/724/4157
f 7522/725/4157 7524/727/4157 7523/728/4157 7521/726/4157
f 7524/727/4157 7526/729/4152 7525/730/4155 7523/728/4157
f 7526/729/4152 7528/731/4155 7527/732/4155 7525/730/4155
f 7528/731/4155 7530/733/4155 7529/734/4155 7527/732/4155
f 7530/733/4155 7532/735/4155 7531/736/4152 7529/734/4155
f 7532/735/4155 7534/737/4152 7533/738/4153 7531/736/4152
f 7534/737/4152 7536/739/4153 7535/740/4153 7533/738/4153
f 7536/739/4153 7538/741/4153 7537/742/4153 7535/740/4153
f 7538/741/4153 7540/743/4153 7539/744/4153 7537/742/4153
f 7540/743/4153 7542/745/4154 7541/746/4154 7539/744/4153
f 7542/745/4154 7544/747/4154 7543/748/4154 7541/746/4154
f 7544/747/4154 7546/749/4154 7545/750/4154 7543/748/4154
f 7546/749/4154 7548/751/4155 7547/752/4155 7545/750/4154
f 7548/751/4155 7550/753/4154 7549/754/4155 7547/752/4155
f 7550/753/4154 7552/755/4154 7551/756/4154 7549/754/4155
f 7552/755/4154 7554/757/4152 7553/758/4154 7551/756/4154
f 7554/757/4152 7556/759/4152 7555/760/4152 7553/758/4154
f 7556/759/4152 7558/761/4163 7557/762/4155 7555/760/4152
f 7558/761/4163 7560/763/4155 7559/764/4163 7557/762/4155
f 7560/763/4155 7562/765/4163 7561/766/4155 7559/764/4163
f 7562/765/4163 7564/767/4736 7563/768/4163 7561/766/4155
f 7564/767/4736 7566/769/4738 7565/770/4737 7563/768/4163
f 7566/769/4738 7568/771/4740 7567/772/4739 7565/770/4737
f 7568/771/4740 7570/773/4742 7569/774/4741 7567/772/4739
f 7570/773/4742 7572/775/4742 7571/776/4742 7569/774/4741
f 7572/775/4742 7574/777/4743 7573/778/4742 7571/776/4742
f 7574/777/4743 7576/779/4448 7575/780/4743 7573/778/4742
f 7576/779/4448 7578/781/4449 7577/782/4448 7575/780/4743
f 7578/781/4449 7580/783/4448 7579/784/4449 7577/782/4448
f 7580/783/4448 7582/785/4448 7581/786/4448 7579/784/4449
f 7582/785/4448 7584/787/4448 7583/788/4448 7581/786/4448
f 7584/787/4448 7586/789/4449 7585/790/4448 7583/788/4448
f 7586/789/4449 7588/791/4448 7587/792/4744 7585/790/4448
f 7588/791/4448 7590/793/4442 7589/794/4745 7587/792/4744
f 7590/793/4442 7592/442/4159 7591/99/4746 7589/794/4745
f 7592/442/4159 7594/795/4152 7593/796/4155 7591/99/4746
f 7594/795/4152 7596/797/4152 7595/798/4152 7593/796/4155
f 7596/797/4152 7598/799/4152 7597/800/4152 7595/798/4152
f 7598/799/4152 7600/801/4152 7599/802/4152 7597/800/4152
f 7600/801/4152 7602/803/4152 7601/804/4159 7599/802/4152
f 7602/803/4152 7604/805/4159 7603/806/4159 7601/804/4159
f 7604/805/4159 7606/807/4159 7605/808/4747 7603/806/4159
f 7606/807/4159 7608/809/4749 7607/810/4748 7605/808/4747
f 7608/809/4749 7610/811/4751 7609/812/4750 7607/810/4748
f 7610/811/4751 7612/813/4753 7611/814/4752 7609/812/4750
f 7612/813/4753 7614/815/4754 7613/816/4439 7611/814/4752
f 7614/815/4754 7616/817/4439 7615/818/4447 7613/816/4439
f 7616/817/4439 7618/819/4446 7617/820/4439 7615/818/4447
f 7618/819/4446 7620/821/4439 7619/822/4442 7617/820/4439
f 7620/821/4439 7622/823/4442 7621/824/4439 7619/822/4442
f 7622/823/4442 7624/825/4439 7623/826/4442 7621/824/4439
f 7624/825/4439 7626/827/4442 7625/828/4442 7623/826/4442
f 7626/827/4442 7628/829/4442 7627/830/4442 7625/828/4442
f 7628/829/4442 7630/831/4442 7629/832/4439 7627/830/4442
f 7630/831/4442 7632/833/4439 7631/834/4439 7629/832/4439
f 7632/833/4439 7634/835/4439 7633/836/4439 7631/834/4439
f 7634/835/4439 7636/837/4441 7635/838/4441 7633/836/4439
f 7636/837/4441 7638/839/4441 7637/840/4441 7635/838/4441
f 7638/839/4441 7640/841/4440 7639/842/4440 7637/840/4441
f 7640/841/4440 7642/843/4440 7641/844/4440 7639/842/4440
f 7642/843/4440 7644/845/4439 7643/846/4439 7641/844/4440
f 7644/845/4439 7646/847/4439 7645/848/4442 7643/846/4439
f 7646/847/4439 7648/849/4442 7647/850/4755 7645/848/4442
f 7648/849/4442 7650/851/4439 7649/852/4442 7647/850/4755
f 7650/851/4439 7652/853/4448 7651/854/4755 7649/852/4442
f 7652/853/4448 7654/855/4755 7653/856/4448 7651/854/4755
f 7654/855/4755 7656/857/4757 7655/858/4756 7653/856/4448
f 7656/857/4757 7658/859/4759 7657/860/4758 7655/858/4756
f 7658/859/4759 7660/861/4518 7659/862/4518 7657/860/4758
f 7660/861/4518 7662/863/4518 7661/864/4518 7659/862/4518
f 7662/863/4518 7664/865/4760 7663/866/4760 7661/864/4518
f 7664/865/4760 7666/867/4760 7665/868/4761 7663/866/4760
f 7666/867/4760 7668/869/4760 7667/870/4760 7665/868/4761
f 7668/869/4760 7670/871/4760 7669/872/4762 7667/870/4760
f 7670/871/4760 7672/873/4764 7671/874/4763 7669/872/4762
f 7672/873/4764 7674/875/4766 7673/876/4765 7671/874/4763
f 7674/875/4766 7676/877/4763 7675/878/4767 7673/876/4765
f 7676/877/4763 7678/879/4767 7677/880/4764 7675/878/4767
f 7678/879/4767 7680/881/4764 7679/882/4763 7677/880/4764
f 7680/881/4764 7682/883/4769 7681/884/4768 7679/882/4763
f 7682/883/4769 7684/885/4771 7683/886/4770 7681/884/4768
f 7684/885/4771 7686/887/4444 7685/888/4772 7683/886/4770
f 7686/887/4444 7688/889/4772 7687/890/4773 7685/888/4772
f 7688/889/4772 7690/891/4775 7689/892/4774 7687/890/4773
f 7690/891/4775 7692/893/4777 7691/894/4776 7689/892/4774
f 7692/893/4777 7694/895/4778 7693/896/4776 7691/894/4776
f 7694/895/4778 7696/897/4776 7695/898/4129 7693/896/4776
f 7696/897/4776 7698/899/4780 7697/900/4779 7695/898/4129
f 7698/899/4780 7700/901/4779 7699/902/4129 7697/900/4779
f 7700/901/4779 7702/903/4129 7701/904/4153 7699/902/4129
f 7702/903/4129 7704/905/4152 7703/906/4157 7701/904/4153
f 7704/905/4152 7706/907/4157 7705/908/4153 7703/906/4157
f 7706/907/4157 7708/909/4153 7707/910/4129 7705/908/4153
f 7708/909/4153 7710/911/4129 7709/912/4128 7707/910/4129
f 7710/911/4129 7712/913/4781 7711/914/4128 7709/912/4128
f 7712/913/4781 7470/446/4717 7469/20/4717 7711/914/4128
f 7714/438/4783 7716/467/4785 7715/468/4784 7713/22/4782
f 7716/467/4785 7718/442/4786 7717/99/4112 7715/468/4784
f 7718/442/4786 7720/509/4788 7719/510/4787 7717/99/4112
f 7720/509/4788 7714/446/4783 7713/20/4782 7719/510/4787
f 7722/438/4404 7724/447/4790 7723/448/4404 7721/22/4789
f 7724/447/4790 7726/449/4403 7725/450/4791 7723/448/4404
f 7726/449/4403 7728/451/4402 7727/452/4400 7725/450/4791
f 7728/451/4402 7730/453/4404 7729/454/4400 7727/452/4400
f 7730/453/4404 7732/455/4404 7731/456/4404 7729/454/4400
f 7732/455/4404 7734/457/4403 7733/458/4403 7731/456/4404
f 7734/457/4403 7736/459/4400 7735/460/4403 7733/458/4403
f 7736/459/4400 7738/439/4790 7737/440/4791 7735/460/4403
f 7738/439/4790 7740/461/4404 7739/462/4404 7737/440/4791
f 7740/461/4404 7742/463/4403 7741/464/4403 7739/462/4404
f 7742/463/4403 7744/465/4403 7743/466/4403 7741/464/4403
f 7744/465/4403 7746/467/4403 7745/468/4403 7743/466/4403
f 7746/467/4403 7748/469/4404 7747/470/4403 7745/468/4403
f 7748/469/4404 7750/471/4403 7749/472/4404 7747/470/4403
f 7750/471/4403 7752/473/4403 7751/474/4403 7749/472/4404
f 7752/473/4403 7754/441/4403 7753/122/4404 7751/474/4403
f 7754/441/4403 7756/475/4404 7755/476/4403 7753/122/4404
f 7756/475/4404 7758/477/4792 7757/478/4404 7755/476/4403
f 7758/477/4792 7760/479/4404 7759/480/4400 7757/478/4404
f 7760/479/4404 7762/481/4400 7761/482/4411 7759/480/4400
f 7762/481/4400 7764/483/4405 7763/484/4402 7761/482/4411
f 7764/483/4405 7766/485/4402 7765/486/4400 7763/484/4402
f 7766/485/4402 7768/487/4400 7767/488/4793 7765/486/4400
f 7768/487/4400 7770/442/4793 7769/99/4118 7767/488/4793
f 7770/442/4793 7772/489/4118 7771/490/4112 7769/99/4118
f 7772/489/4118 7774/491/4112 7773/492/4118 7771/490/4112
f 7774/491/4112 7776/493/4118 7775/494/4120 7773/492/4118
f 7776/493/4118 7778/495/4114 7777/496/4117 7775/494/4120
f 7778/495/4114 7780/497/4117 7779/498/4118 7777/496/4117
f 7780/497/4117 7782/499/4118 7781/500/4117 7779/498/4118
f 7782/499/4118 7784/501/4117 7783/502/4117 7781/500/4117
f 7784/501/4117 7786/443/4118 7785/133/4118 7783/502/4117
f 7786/443/4118 7788/503/4117 7787/504/4117 7785/133/4118
f 7788/503/4117 7790/505/4117 7789/506/4117 7787/504/4117
f 7790/505/4117 7792/507/4117 7791/508/4117 7789/506/4117
f 7792/507/4117 7794/509/4117 7793/510/4117 7791/508/4117
f 7794/509/4117 7796/511/4117 7795/512/4117 7793/510/4117
f 7796/511/4117 7798/513/4117 7797/514/4117 7795/512/4117
f 7798/513/4117 7800/515/4117 7799/516/4117 7797/514/4117
f 7800/515/4117 7802/444/4117 7801/445/4117 7799/516/4117
f 7802/444/4117 7804/517/4117 7803/518/4117 7801/445/4117
f 7804/517/4117 7806/519/4112 7805/520/4117 7803/518/4117
f 7806/519/4112 7808/521/4117 7807/522/4112 7805/520/4117
f 7808/521/4117 7810/523/4114 7809/524/4118 7807/522/4112
f 7810/523/4114 7812/525/4118 7811/526/4114 7809/524/4118
f 7812/525/4118 7814/527/4794 7813/528/4118 7811/526/4114
f 7814/527/4794 7816/529/4796 7815/530/4795 7813/528/4118
f 7816/529/4796 7722/446/4404 7721/20/4789 7815/530/4795
f 7818/438/4108 7820/915/4398 7819/916/4398 7817/22/4322
f 7820/915/4398 7822/917/4320 7821/918/4320 7819/916/4398
f 7822/917/4320 7824/919/4320 7823/920/4396 7821/918/4320
f 7824/919/4320 7826/921/4395 7825/922/4395 7823/920/4396
f 7826/921/4395 7828/923/4395 7827/924/4320 7825/922/4395
f 7828/923/4395 7830/925/4396 7829/926/4396 7827/924/4320
f 7830/925/4396 7832/927/4396 7831/928/4396 7829/926/4396
f 7832/927/4396 7834/929/4396 7833/930/4395 7831/928/4396
f 7834/929/4396 7836/931/4395 7835/932/4797 7833/930/4395
f 7836/931/4395 7838/933/4798 7837/934/4396 7835/932/4797
f 7838/933/4798 7840/935/4396 7839/936/4799 7837/934/4396
f 7840/935/4396 7842/937/4801 7841/938/4800 7839/936/4799
f 7842/937/4801 7844/939/4800 7843/940/4034 7841/938/4800
f 7844/939/4800 7846/941/4034 7845/942/4040 7843/940/4034
f 7846/941/4034 7848/943/4803 7847/944/4802 7845/942/4040
f 7848/943/4803 7850/945/4805 7849/946/4804 7847/944/4802
f 7850/945/4805 7852/947/4807 7851/948/4806 7849/946/4804
f 7852/947/4807 7854/949/4809 7853/950/4808 7851/948/4806
f 7854/949/4809 7856/951/4055 7855/952/4094 7853/950/4808
f 7856/951/4055 7858/953/4094 7857/954/4810 7855/952/4094
f 7858/953/4094 7860/955/4811 7859/956/4056 7857/954/4810
f 7860/955/4811 7862/957/4056 7861/958/4056 7859/956/4056
f 7862/957/4056 7864/959/4811 7863/960/4810 7861/958/4056
f 7864/959/4811 7866/961/4093 7865/962/4382 7863/960/4810
f 7866/961/4093 7868/963/4382 7867/964/4343 7865/962/4382
f 7868/963/4382 7870/965/4381 7869/966/4381 7867/964/4343
f 7870/965/4381 7872/967/4381 7871/968/4382 7869/966/4381
f 7872/967/4381 7874/969/4382 7873/970/4379 7871/968/4382
f 7874/969/4382 7876/971/4379 7875/972/4381 7873/970/4379
f 7876/971/4379 7878/973/4381 7877/974/4812 7875/972/4381
f 7878/973/4381 7880/975/4812 7879/976/4812 7877/974/4812
f 7880/975/4812 7882/977/4381 7881/978/4381 7879/976/4812
f 7882/977/4381 7884/979/4381 7883/980/4381 7881/978/4381
f 7884/979/4381 7886/981/4381 7885/982/4813 7883/980/4381
f 7886/981/4381 7888/983/4344 7887/984/4813 7885/982/4813
f 7888/983/4344 7890/985/4344 7889/986/4814 7887/984/4813
f 7890/985/4344 7892/987/4058 7891/988/4055 7889/986/4814
f 7892/987/4058 7894/989/4816 7893/990/4815 7891/988/4055
f 7894/989/4816 7896/991/4818 7895/992/4817 7893/990/4815
f 7896/991/4818 7898/993/4820 7897/994/4819 7895/992/4817
f 7898/993/4820 7900/995/4822 7899/996/4821 7897/994/4819
f 7900/995/4822 7902/997/4824 7901/998/4823 7899/996/4821
f 7902/997/4824 7904/999/4823 7903/1000/4823 7901/998/4823
f 7904/999/4823 7906/1001/4825 7905/1002/4825 7903/1000/4823
f 7906/1001/4825 7908/1003/4825 7907/1004/4825 7905/1002/4825
f 7908/1003/4825 7910/1005/4824 7909/1006/4824 7907/1004/4825
f 7910/1005/4824 7912/1007/4824 7911/1008/4824 7909/1006/4824
f 7912/1007/4824 7914/1009/4827 7913/1010/4826 7911/1008/4824
f 7914/1009/4827 7916/1011/4829 7915/1012/4828 7913/1010/4826
f 7916/1011/4829 7918/1013/4346 7917/1014/4830 7915/1012/4828
f 7918/1013/4346 7920/1015/4343 7919/1016/4343 7917/1014/4830
f 7920/1015/4343 7922/1017/4343 7921/1018/4343 7919/1016/4343
f 7922/1017/4343 7924/1019/4343 7923/1020/4343 7921/1018/4343
f 7924/1019/4343 7926/1021/4812 7925/1022/4381 7923/1020/4343
f 7926/1021/4812 7928/1023/4381 7927/1024/4381 7925/1022/4381
f 7928/1023/4381 7930/1025/4343 7929/1026/4812 7927/1024/4381
f 7930/1025/4343 7932/1027/4381 7931/1028/4343 7929/1026/4812
f 7932/1027/4381 7934/1029/4381 7933/1030/4381 7931/1028/4343
f 7934/1029/4381 7936/1031/4381 7935/1032/4381 7933/1030/4381
f 7936/1031/4381 7938/1033/4343 7937/1034/4812 7935/1032/4381
f 7938/1033/4343 7940/1035/4343 7939/1036/4343 7937/1034/4812
f 7940/1035/4343 7942/1037/4831 7941/1038/4343 7939/1036/4343
f 7942/1037/4831 7944/1039/4832 7943/1040/4831 7941/1038/4343
f 7944/1039/4832 7946/1041/4055 7945/1042/4833 7943/1040/4831
f 7946/1041/4055 7948/1043/4055 7947/1044/4834 7945/1042/4833
f 7948/1043/4055 7950/1045/4057 7949/1046/4055 7947/1044/4834
f 7950/1045/4057 7952/1047/4056 7951/1048/4057 7949/1046/4055
f 7952/1047/4056 7954/1049/4055 7953/1050/4835 7951/1048/4057
f 7954/1049/4055 7956/1051/4056 7955/1052/4835 7953/1050/4835
f 7956/1051/4056 7958/1053/4055 7957/1054/4056 7955/1052/4835
f 7958/1053/4055 7960/1055/4055 7959/1056/4055 7957/1054/4056
f 7960/1055/4055 7962/1057/4056 7961/1058/4055 7959/1056/4055
f 7962/1057/4056 7964/1059/4055 7963/1060/4056 7961/1058/4055
f 7964/1059/4055 7966/1061/4056 7965/1062/4055 7963/1060/4056
f 7966/1061/4056 7968/1063/4094 7967/1064/4094 7965/1062/4055
f 7968/1063/4094 7970/1065/4836 7969/1066/4094 7967/1064/4094
f 7970/1065/4836 7972/1067/4374 7971/1068/4837 7969/1066/4094
f 7972/1067/4374 7974/1069/4382 7973/1070/4382 7971/1068/4837
f 7974/1069/4382 7976/1071/4382 7975/1072/4382 7973/1070/4382
f 7976/1071/4382 7978/1073/4382 7977/1074/4382 7975/1072/4382
f 7978/1073/4382 7980/1075/4382 7979/1076/4382 7977/1074/4382
f 7980/1075/4382 7982/1077/4839 7981/1078/4838 7979/1076/4382
f 7982/1077/4839 7984/1079/4841 7983/1080/4840 7981/1078/4838
f 7984/1079/4841 7986/1081/4843 7985/1082/4842 7983/1080/4840
f 7986/1081/4843 7988/1083/4845 7987/1084/4844 7985/1082/4842
f 7988/1083/4845 7990/1085/4320 7989/1086/4396 7987/1084/4844
f 7990/1085/4320 7992/1087/4846 7991/1088/4320 7989/1086/4396
f 7992/1087/4846 7994/1089/4847 7993/1090/4846 7991/1088/4320
f 7994/1089/4847 7996/1091/4848 7995/1092/4322 7993/1090/4846
f 7996/1091/4848 7998/1093/4850 7997/1094/4849 7995/1092/4322
f 7998/1093/4850 8000/1095/4852 7999/1096/4851 7997/1094/4849
f 8000/1095/4852 8002/1097/4854 8001/1098/4853 7999/1096/4851
f 8002/1097/4854 8004/1099/4036 8003/1100/4855 8001/1098/4853
f 8004/1099/4036 8006/1101/4856 8005/1102/4036 8003/1100/4855
f 8006/1101/4856 8008/1103/4036 8007/1104/4856 8005/1102/4036
f 8008/1103/4036 8010/1105/4035 8009/1106/4036 8007/1104/4856
f 8010/1105/4035 8012/1107/4857 8011/1108/4035 8009/1106/4036
f 8012/1107/4857 8014/1109/4108 8013/1110/4857 8011/1108/4035
f 8014/1109/4108 8016/1111/4035 8015/1112/4108 8013/1110/4857
f 8016/1111/4035 8018/1113/4857 8017/1114/4857 8015/1112/4108
f 8018/1113/4857 8020/1115/4035 8019/1116/4857 8017/1114/4857
f 8020/1115/4035 8022/1117/4857 8021/1118/4035 8019/1116/4857
f 8022/1117/4857 8024/1119/4859 8023/1120/4858 8021/1118/4035
f 8024/1119/4859 8026/1121/4397 8025/1122/4860 8023/1120/4858
f 8026/1121/4397 8028/1123/4397 8027/1124/4861 8025/1122/4860
f 8028/1123/4397 8030/1125/4862 8029/1126/4108 8027/1124/4861
f 8030/1125/4862 7818/446/4108 7817/20/4322 8029/1126/4108
f 8042/1/4874 8044/2/4873 8043/3/4875
f 8066/4/4893 8068/5/4891 8067/6/4894
f 8041/7/4873 8044/2/4873 8042/1/4874
f 8041/7/4873 8045/8/4876 8044/2/4873
f 8065/9/4892 8068/5/4891 8066/4/4893
f 8065/9/4892 8069/10/4895 8068/5/4891
f 8040/11/4872 8045/8/4876 8041/7/4873
f 8040/11/4872 8046/12/4872 8045/8/4876
f 8064/13/4892 8069/10/4895 8065/9/4892
f 8039/14/4871 8046/12/4872 8040/11/4872
f 8039/14/4871 8047/15/4873 8046/12/4872
f 8064/13/4892 8070/16/4891 8069/10/4895
f 8063/17/4892 8070/16/4891 8064/13/4892
f 8038/18/4870 8047/15/4873 8039/14/4871
f 8135/19/4946 8137/20/4948 8136/21/4946
f 8135/19/4946 8031/22/4863 8137/20/4948
f 8038/18/4870 8048/23/4877 8047/15/4873
f 8062/24/4891 8070/16/4891 8063/17/4892
f 8037/25/4869 8048/23/4877 8038/18/4870
f 8062/24/4891 8071/26/4896 8070/16/4891
f 8037/25/4869 8049/27/4878 8048/23/4877
f 8036/28/4868 8049/27/4878 8037/25/4869
f 8061/29/4890 8071/26/4896 8062/24/4891
f 8036/28/4868 8050/30/4879 8049/27/4878
f 8061/29/4890 8072/31/4897 8071/26/4896
f 8035/32/4867 8050/30/4879 8036/28/4868
f 8060/33/4889 8072/31/4897 8061/29/4890
f 8035/32/4867 8051/34/4880 8050/30/4879
f 8034/35/4866 8051/34/4880 8035/32/4867
f 8059/36/4888 8072/31/4897 8060/33/4889
f 8059/36/4888 8073/37/4898 8072/31/4897
f 8034/35/4866 8052/38/4881 8051/34/4880
f 8033/39/4865 8052/38/4881 8034/35/4866
f 8058/40/4887 8073/37/4898 8059/36/4888
f 8033/39/4865 8053/41/4882 8052/38/4881
f 8032/42/4864 8053/41/4882 8033/39/4865
f 8058/40/4887 8074/43/4899 8073/37/4898
f 8057/44/4886 8074/43/4899 8058/40/4887
f 8032/42/4864 8054/45/4883 8053/41/4882
f 8031/22/4863 8054/45/4883 8032/42/4864
f 8056/46/4885 8074/43/4899 8057/44/4886
f 8056/46/4885 8094/47/4918 8074/43/4899
f 8094/47/4918 8075/48/4900 8074/43/4899
f 8135/19/4946 8133/49/4947 8031/22/4863
f 8133/49/4947 8132/50/4943 8031/22/4863
f 8132/50/4943 8131/51/4946 8031/22/4863
f 8131/51/4946 8130/52/4872 8031/22/4863
f 8130/52/4872 8129/53/4943 8031/22/4863
f 8129/53/4943 8128/54/4945 8031/22/4863
f 8128/54/4945 8127/55/4945 8031/22/4863
f 8127/55/4945 8126/56/4943 8031/22/4863
f 8126/56/4943 8125/57/4944 8031/22/4863
f 8125/57/4944 8124/58/4943 8031/22/4863
f 8124/58/4943 8123/59/4942 8031/22/4863
f 8123/59/4942 8122/60/4941 8031/22/4863
f 8122/60/4941 8054/45/4883 8031/22/4863
f 8122/60/4941 8121/61/4940 8054/45/4883
f 8121/61/4940 8055/62/4884 8054/45/4883
f 8055/62/4884 8095/63/4919 8056/46/4885
f 8095/63/4919 8094/47/4918 8056/46/4885
f 8120/64/4939 8055/62/4884 8121/61/4940
f 8093/65/4917 8075/48/4900 8094/47/4918
f 8055/62/4884 8096/66/4920 8095/63/4919
f 8119/67/4938 8055/62/4884 8120/64/4939
f 8092/68/4916 8075/48/4900 8093/65/4917
f 8055/62/4884 8097/69/4893 8096/66/4920
f 8118/70/4937 8055/62/4884 8119/67/4938
f 8091/71/4915 8075/48/4900 8092/68/4916
f 8055/62/4884 8098/72/4921 8097/69/4893
f 8117/73/4936 8055/62/4884 8118/70/4937
f 8117/73/4936 8098/72/4921 8055/62/4884
f 8090/74/4914 8075/48/4900 8091/71/4915
f 8117/73/4936 8099/75/4922 8098/72/4921
f 8090/74/4914 8076/76/4901 8075/48/4900
f 8116/77/4935 8099/75/4922 8117/73/4936
f 8116/77/4935 8100/78/4923 8099/75/4922
f 8089/79/4913 8076/76/4901 8090/74/4914
f 8116/77/4935 8101/80/4924 8100/78/4923
f 8115/81/4934 8101/80/4924 8116/77/4935
f 8088/82/4912 8076/76/4901 8089/79/4913
f 8115/81/4934 8102/83/4925 8101/80/4924
f 8114/84/4933 8102/83/4925 8115/81/4934
f 8087/85/4911 8076/76/4901 8088/82/4912
f 8114/84/4933 8103/86/4926 8102/83/4925
f 8087/85/4911 8077/87/4902 8076/76/4901
f 8113/88/4932 8103/86/4926 8114/84/4933
f 8113/88/4932 8104/89/4892 8103/86/4926
f 8086/90/4910 8077/87/4902 8087/85/4911
f 8113/88/4932 8105/91/4927 8104/89/4892
f 8112/92/4931 8105/91/4927 8113/88/4932
f 8085/93/4909 8077/87/4902 8086/90/4910
f 8112/92/4931 8106/94/4892 8105/91/4927
f 8085/93/4909 8078/95/4903 8077/87/4902
f 8111/96/4892 8106/94/4892 8112/92/4931
f 8135/19/4946 8134/97/4946 8133/49/4947
f 8111/96/4892 8107/98/4928 8106/94/4892
f 8084/99/4908 8078/95/4903 8085/93/4909
f 8110/100/4930 8107/98/4928 8111/96/4892
f 8083/101/4907 8078/95/4903 8084/99/4908
f 8083/101/4907 8079/102/4904 8078/95/4903
f 8109/103/4929 8107/98/4928 8110/100/4930
f 8082/104/4906 8079/102/4904 8083/101/4907
f 8082/104/4906 8080/105/4905 8079/102/4904
f 8108/106/4928 8107/98/4928 8109/103/4929
f 8081/107/4892 8080/105/4905 8082/104/4906
f 8186/108/4960 8188/109/4962 8187/110/4961
f 8186/108/4960 8189/20/4963 8188/109/4962
f 8160/111/4954 8162/112/4955 8161/113/4955
f 8159/114/4950 8162/112/4955 8160/111/4954
f 8159/114/4950 8163/115/4951 8162/112/4955
f 8158/116/4953 8163/115/4951 8159/114/4950
f 8158/116/4953 8164/117/4956 8163/115/4951
f 8157/118/4948 8164/117/4956 8158/116/4953
f 8157/118/4948 8165/119/4951 8164/117/4956
f 8156/120/4952 8165/119/4951 8157/118/4948
f 8156/120/4952 8166/121/4948 8165/119/4951
f 8155/122/4951 8166/121/4948 8156/120/4952
f 8155/122/4951 8167/123/4950 8166/121/4948
f 8154/124/4950 8167/123/4950 8155/122/4951
f 8154/124/4950 8168/125/4951 8167/123/4950
f 8153/126/4950 8168/125/4951 8154/124/4950
f 8153/126/4950 8169/127/4950 8168/125/4951
f 8152/128/4950 8169/127/4950 8153/126/4950
f 8152/128/4950 8170/129/4950 8169/127/4950
f 8151/130/4951 8170/129/4950 8152/128/4950
f 8151/130/4951 8171/131/4950 8170/129/4950
f 8150/132/4950 8171/131/4950 8151/130/4951
f 8150/132/4950 8172/133/4951 8171/131/4950
f 8149/134/4950 8172/133/4951 8150/132/4950
f 8149/134/4950 8173/135/4951 8172/133/4951
f 8148/136/4950 8173/135/4951 8149/134/4950
f 8148/136/4950 8174/137/4950 8173/135/4951
f 8147/138/4950 8174/137/4950 8148/136/4950
f 8147/138/4950 8175/139/4950 8174/137/4950
f 8146/140/4951 8175/139/4950 8147/138/4950
f 8146/140/4951 8176/141/4950 8175/139/4950
f 8145/142/4951 8176/141/4950 8146/140/4951
f 8145/142/4951 8177/143/4951 8176/141/4950
f 8144/144/4950 8177/143/4951 8145/142/4951
f 8144/144/4950 8178/145/4948 8177/143/4951
f 8143/146/4951 8178/145/4948 8144/144/4950
f 8143/146/4951 8179/147/4950 8178/145/4948
f 8142/148/4951 8179/147/4950 8143/146/4951
f 8142/148/4951 8180/149/4957 8179/147/4950
f 8141/150/4950 8180/149/4957 8142/148/4951
f 8141/150/4950 8181/151/4948 8180/149/4957
f 8140/152/4948 8181/151/4948 8141/150/4950
f 8140/152/4948 8182/153/4958 8181/151/4948
f 8139/154/4948 8182/153/4958 8140/152/4948
f 8139/154/4948 8183/155/4948 8182/153/4958
f 8138/22/4949 8183/155/4948 8139/154/4948
f 8138/22/4949 8184/156/4946 8183/155/4948
f 8185/157/4959 8184/156/4946 8138/22/4949
f 8297/158/5018 8299/159/5019 8298/160/4989
f 8297/158/5018 8300/161/4997 8299/159/5019
f 8297/158/5018 8301/162/5020 8300/161/4997
f 8296/163/5017 8301/162/5020 8297/158/5018
f 8296/163/5017 8302/164/5021 8301/162/5020
f 8296/163/5017 8303/165/5022 8302/164/5021
f 8295/166/5016 8303/165/5022 8296/163/5017
f 8295/166/5016 8304/167/5023 8303/165/5022
f 8295/166/5016 8305/168/5024 8304/167/5023
f 8294/169/5015 8305/168/5024 8295/166/5016
f 8294/169/5015 8306/170/5025 8305/168/5024
f 8294/169/5015 8307/171/5026 8306/170/5025
f 8293/172/5014 8307/171/5026 8294/169/5015
f 8293/172/5014 8308/173/5027 8307/171/5026
f 8293/172/5014 8309/174/5028 8308/173/5027
f 8292/175/5013 8309/174/5028 8293/172/5014
f 8292/175/5013 8310/176/5029 8309/174/5028
f 8292/175/5013 8197/177/4967 8310/176/5029
f 8197/177/4967 8196/178/4966 8310/176/5029
f 8196/178/4966 8195/179/4965 8310/176/5029
f 8195/179/4965 8194/180/4964 8310/176/5029
f 8194/180/4964 8193/181/4964 8310/176/5029
f 8193/181/4964 8192/182/4964 8310/176/5029
f 8192/182/4964 8191/183/4964 8310/176/5029
f 8191/183/4964 8190/22/4964 8310/176/5029
f 8190/22/4964 8311/20/5030 8310/176/5029
f 8291/184/5012 8199/185/4969 8292/175/5013
f 8199/185/4969 8198/186/4968 8292/175/5013
f 8198/186/4968 8197/177/4967 8292/175/5013
f 8290/187/5011 8201/188/4971 8291/184/5012
f 8201/188/4971 8200/189/4970 8291/184/5012
f 8200/189/4970 8199/185/4969 8291/184/5012
f 8289/190/5010 8202/191/4972 8290/187/5011
f 8202/191/4972 8201/188/4971 8290/187/5011
f 8289/190/5010 8203/192/4973 8202/191/4972
f 8289/190/5010 8204/193/4974 8203/192/4973
f 8289/190/5010 8205/194/4975 8204/193/4974
f 8289/190/5010 8206/195/4976 8205/194/4975
f 8289/190/5010 8207/196/4977 8206/195/4976
f 8288/197/5009 8207/196/4977 8289/190/5010
f 8288/197/5009 8208/198/4978 8207/196/4977
f 8288/197/5009 8209/199/4979 8208/198/4978
f 8288/197/5009 8210/200/4980 8209/199/4979
f 8287/201/5008 8210/200/4980 8288/197/5009
f 8287/201/5008 8211/202/4981 8210/200/4980
f 8287/201/5008 8212/203/4982 8211/202/4981
f 8286/204/5007 8212/203/4982 8287/201/5008
f 8286/204/5007 8213/205/4983 8212/203/4982
f 8286/204/5007 8214/206/4984 8213/205/4983
f 8285/207/5006 8214/206/4984 8286/204/5007
f 8285/207/5006 8215/208/4985 8214/206/4984
f 8285/207/5006 8216/209/4986 8215/208/4985
f 8284/210/5005 8216/209/4986 8285/207/5006
f 8284/210/5005 8217/211/4987 8216/209/4986
f 8283/212/5004 8217/211/4987 8284/210/5005
f 8283/212/5004 8218/213/4988 8217/211/4987
f 8283/212/5004 8219/214/4988 8218/213/4988
f 8282/215/4989 8219/214/4988 8283/212/5004
f 8282/215/4989 8220/216/4989 8219/214/4988
f 8281/217/4994 8220/216/4989 8282/215/4989
f 8281/217/4994 8221/218/4989 8220/216/4989
f 8280/219/4994 8221/218/4989 8281/217/4994
f 8280/219/4994 8222/220/4989 8221/218/4989
f 8279/221/4989 8222/220/4989 8280/219/4994
f 8279/221/4989 8223/222/4989 8222/220/4989
f 8278/223/4989 8223/222/4989 8279/221/4989
f 8277/224/4989 8223/222/4989 8278/223/4989
f 8277/224/4989 8224/225/4990 8223/222/4989
f 8276/226/4990 8224/225/4990 8277/224/4989
f 8275/227/4991 8224/225/4990 8276/226/4990
f 8275/227/4991 8225/228/4991 8224/225/4990
f 8274/229/4990 8225/228/4991 8275/227/4991
f 8249/230/4997 8251/231/4997 8250/232/4997
f 8274/229/4990 8226/233/4991 8225/228/4991
f 8273/234/4991 8226/233/4991 8274/229/4990
f 8249/230/4997 8252/235/4997 8251/231/4997
f 8272/236/4991 8226/233/4991 8273/234/4991
f 8272/236/4991 8227/237/4991 8226/233/4991
f 8249/230/4997 8253/238/4997 8252/235/4997
f 8271/239/4989 8227/237/4991 8272/236/4991
f 8249/230/4997 8254/240/4997 8253/238/4997
f 8270/241/5003 8227/237/4991 8271/239/4989
f 8269/242/4991 8227/237/4991 8270/241/5003
f 8269/242/4991 8228/243/4988 8227/237/4991
f 8249/230/4997 8255/244/4997 8254/240/4997
f 8268/245/5003 8228/243/4988 8269/242/4991
f 8249/230/4997 8256/246/4997 8255/244/4997
f 8267/247/4988 8228/243/4988 8268/245/5003
f 8249/230/4997 8257/248/4997 8256/246/4997
f 8267/247/4988 8229/249/4988 8228/243/4988
f 8266/250/5001 8229/249/4988 8267/247/4988
f 8249/230/4997 8258/251/4998 8257/248/4997
f 8265/252/5002 8229/249/4988 8266/250/5001
f 8249/230/4997 8259/253/4999 8258/251/4998
f 8264/254/5000 8229/249/4988 8265/252/5002
f 8249/230/4997 8260/255/5000 8259/253/4999
f 8263/256/5001 8229/249/4988 8264/254/5000
f 8249/230/4997 8261/257/4999 8260/255/5000
f 8263/256/5001 8230/258/4988 8229/249/4988
f 8262/259/4992 8230/258/4988 8263/256/5001
f 8249/230/4997 8262/259/4992 8261/257/4999
f 8249/230/4997 8230/258/4988 8262/259/4992
f 8249/230/4997 8231/260/4989 8230/258/4988
f 8248/261/4989 8231/260/4989 8249/230/4997
f 8247/262/4989 8231/260/4989 8248/261/4989
f 8247/262/4989 8232/263/4989 8231/260/4989
f 8246/264/4989 8232/263/4989 8247/262/4989
f 8246/264/4989 8233/265/4989 8232/263/4989
f 8245/266/4988 8233/265/4989 8246/264/4989
f 8244/267/4996 8233/265/4989 8245/266/4988
f 8244/267/4996 8234/268/4989 8233/265/4989
f 8243/269/4989 8234/268/4989 8244/267/4996
f 8242/270/4994 8234/268/4989 8243/269/4989
f 8242/270/4994 8235/271/4988 8234/268/4989
f 8241/272/4988 8235/271/4988 8242/270/4994
f 8240/273/4995 8235/271/4988 8241/272/4988
f 8240/273/4995 8236/274/4988 8235/271/4988
f 8239/275/4994 8236/274/4988 8240/273/4995
f 8238/276/4993 8236/274/4988 8239/275/4994
f 8238/276/4993 8237/277/4992 8236/274/4988
f 8335/278/5040 8337/279/5041 8336/280/5041
f 8335/278/5040 8338/281/5042 8337/279/5041
f 8386/282/5074 8388/283/5074 8387/284/5075
f 8386/282/5074 8389/20/5074 8388/283/5074
f 8385/285/5073 8389/20/5074 8386/282/5074
f 8335/278/5040 8339/286/5043 8338/281/5042
f 8384/287/5073 8389/20/5074 8385/285/5073
f 8384/287/5073 8312/22/5031 8389/20/5074
f 8335/278/5040 8340/268/5044 8339/286/5043
f 8334/288/5039 8340/268/5044 8335/278/5040
f 8383/289/5073 8312/22/5031 8384/287/5073
f 8334/288/5039 8341/290/5045 8340/268/5044
f 8382/161/5073 8312/22/5031 8383/289/5073
f 8334/288/5039 8342/291/5046 8341/290/5045
f 8382/161/5073 8313/292/5031 8312/22/5031
f 8381/293/5031 8313/292/5031 8382/161/5073
f 8334/288/5039 8343/294/5047 8342/291/5046
f 8333/222/5038 8343/294/5047 8334/288/5039
f 8380/295/5031 8313/292/5031 8381/293/5031
f 8333/222/5038 8344/296/5048 8343/294/5047
f 8379/297/5031 8313/292/5031 8380/295/5031
f 8333/222/5038 8345/298/5049 8344/296/5048
f 8379/297/5031 8314/299/5031 8313/292/5031
f 8378/300/5031 8314/299/5031 8379/297/5031
f 8333/222/5038 8346/301/5050 8345/298/5049
f 8377/302/5031 8314/299/5031 8378/300/5031
f 8332/303/5037 8346/301/5050 8333/222/5038
f 8332/303/5037 8347/266/5051 8346/301/5050
f 8376/304/5031 8314/299/5031 8377/302/5031
f 8332/303/5037 8348/305/5052 8347/266/5051
f 8332/303/5037 8349/306/5053 8348/305/5052
f 8375/190/5031 8314/299/5031 8376/304/5031
f 8375/190/5031 8315/307/5031 8314/299/5031
f 8332/303/5037 8350/308/5054 8349/306/5053
f 8374/309/5070 8315/307/5031 8375/190/5031
f 8332/303/5037 8351/310/5055 8350/308/5054
f 8331/311/5036 8351/310/5055 8332/303/5037
f 8373/312/5031 8315/307/5031 8374/309/5070
f 8331/311/5036 8352/313/5056 8351/310/5055
f 8372/314/5072 8315/307/5031 8373/312/5031
f 8372/314/5072 8316/315/5031 8315/307/5031
f 8331/311/5036 8353/316/5057 8352/313/5056
f 8371/317/5070 8316/315/5031 8372/314/5072
f 8370/318/5070 8316/315/5031 8371/317/5070
f 8331/311/5036 8354/246/5058 8353/316/5057
f 8369/319/5031 8316/315/5031 8370/318/5070
f 8331/311/5036 8355/320/5059 8354/246/5058
f 8330/321/5035 8355/320/5059 8331/311/5036
f 8368/223/5071 8316/315/5031 8369/319/5031
f 8330/321/5035 8356/322/5060 8355/320/5059
f 8367/323/5070 8316/315/5031 8368/223/5071
f 8330/321/5035 8357/324/5061 8356/322/5060
f 8367/323/5070 8317/325/5031 8316/315/5031
f 8366/326/5069 8317/325/5031 8367/323/5070
f 8330/321/5035 8358/327/5062 8357/324/5061
f 8365/328/5061 8317/325/5031 8366/326/5069
f 8330/321/5035 8359/329/5063 8358/327/5062
f 8364/330/5068 8317/325/5031 8365/328/5061
f 8330/321/5035 8360/331/5064 8359/329/5063
f 8363/332/5067 8317/325/5031 8364/330/5068
f 8330/321/5035 8361/247/5065 8360/331/5064
f 8362/333/5066 8317/325/5031 8363/332/5067
f 8330/321/5035 8362/333/5066 8361/247/5065
f 8330/321/5035 8317/325/5031 8362/333/5066
f 8329/334/5032 8317/325/5031 8330/321/5035
f 8329/334/5032 8318/335/5032 8317/325/5031
f 8328/336/5032 8318/335/5032 8329/334/5032
f 8328/336/5032 8319/188/5032 8318/335/5032
f 8327/337/5032 8319/188/5032 8328/336/5032
f 8327/337/5032 8320/338/5032 8319/188/5032
f 8326/203/5032 8320/338/5032 8327/337/5032
f 8326/203/5032 8321/339/5032 8320/338/5032
f 8325/340/5034 8321/339/5032 8326/203/5032
f 8325/340/5034 8322/341/5033 8321/339/5032
f 8324/342/5032 8322/341/5033 8325/340/5034
f 8324/342/5032 8323/343/5032 8322/341/5033
f 8394/322/5080 8396/300/5082 8395/323/5081
f 8394/322/5080 8397/20/5083 8396/300/5082
f 8393/298/5079 8397/20/5083 8394/322/5080
f 8392/288/5078 8390/22/5076 8393/298/5079
f 8390/22/5076 8397/20/5083 8393/298/5079
f 8392/288/5078 8391/343/5077 8390/22/5076
f 8444/344/5116 8398/22/5084 8445/345/5117
f 8444/344/5116 8399/346/5085 8398/22/5084
f 8443/347/5115 8399/346/5085 8444/344/5116
f 8443/347/5115 8400/348/5086 8399/346/5085
f 8442/349/5114 8400/348/5086 8443/347/5115
f 8442/349/5114 8401/350/5087 8400/348/5086
f 8441/351/5113 8401/350/5087 8442/349/5114
f 8441/351/5113 8402/352/5088 8401/350/5087
f 8440/353/5112 8402/352/5088 8441/351/5113
f 8440/353/5112 8403/354/5089 8402/352/5088
f 8439/355/5111 8469/356/5128 8440/353/5112
f 8469/356/5128 8403/354/5089 8440/353/5112
f 8439/355/5111 8470/357/5129 8469/356/5128
f 8468/358/5127 8403/354/5089 8469/356/5128
f 8439/355/5111 8471/359/5130 8470/357/5129
f 8467/360/5126 8403/354/5089 8468/358/5127
f 8439/355/5111 8472/361/5131 8471/359/5130
f 8466/362/5125 8403/354/5089 8467/360/5126
f 8466/362/5125 8404/363/5090 8403/354/5089
f 8438/364/5110 8472/361/5131 8439/355/5111
f 8465/365/5124 8404/363/5090 8466/362/5125
f 8438/364/5110 8473/366/5132 8472/361/5131
f 8464/367/5123 8404/363/5090 8465/365/5124
f 8438/364/5110 8474/368/5109 8473/366/5132
f 8464/367/5123 8405/369/5090 8404/363/5090
f 8437/370/5109 8474/368/5109 8438/364/5110
f 8463/371/5122 8405/369/5090 8464/367/5123
f 8437/370/5109 8475/372/5109 8474/368/5109
f 8462/373/5090 8405/369/5090 8463/371/5122
f 8437/370/5109 8476/374/5109 8475/372/5109
f 8462/373/5090 8406/375/5090 8405/369/5090
f 8436/376/5109 8476/374/5109 8437/370/5109
f 8461/377/5090 8406/375/5090 8462/373/5090
f 8436/376/5109 8477/378/5109 8476/374/5109
f 8461/377/5090 8407/379/5090 8406/375/5090
f 8435/380/5108 8477/378/5109 8436/376/5109
f 8460/381/5090 8407/379/5090 8461/377/5090
f 8435/380/5108 8478/382/5108 8477/378/5109
f 8459/383/5090 8407/379/5090 8460/381/5090
f 8435/380/5108 8479/384/5108 8478/382/5108
f 8459/383/5090 8408/385/5090 8407/379/5090
f 8434/386/5108 8479/384/5108 8435/380/5108
f 8458/387/5091 8408/385/5090 8459/383/5090
f 8434/386/5108 8480/388/5133 8479/384/5108
f 8458/387/5091 8409/389/5091 8408/385/5090
f 8433/390/5107 8480/388/5133 8434/386/5108
f 8457/391/5091 8409/389/5091 8458/387/5091
f 8433/390/5107 8481/392/5134 8480/388/5133
f 8432/393/5106 8481/392/5134 8433/390/5107
f 8432/393/5106 8482/394/5135 8481/392/5134
f 8456/395/5091 8409/389/5091 8457/391/5091
f 8456/395/5091 8410/396/5091 8409/389/5091
f 8432/393/5106 8483/397/5136 8482/394/5135
f 8455/398/5091 8410/396/5091 8456/395/5091
f 8455/398/5091 8411/399/5091 8410/396/5091
f 8431/400/5105 8483/397/5136 8432/393/5106
f 8431/400/5105 8484/401/5137 8483/397/5136
f 8454/402/5091 8411/399/5091 8455/398/5091
f 8454/402/5091 8412/403/5091 8411/399/5091
f 8430/404/5104 8484/401/5137 8431/400/5105
f 8430/404/5104 8485/405/5103 8484/401/5137
f 8453/406/5091 8412/403/5091 8454/402/5091
f 8453/406/5091 8413/407/5091 8412/403/5091
f 8429/408/5103 8485/405/5103 8430/404/5104
f 8429/408/5103 8486/409/5103 8485/405/5103
f 8452/410/5121 8413/407/5091 8453/406/5091
f 8429/408/5103 8487/411/5084 8486/409/5103
f 8451/412/5121 8413/407/5091 8452/410/5121
f 8451/412/5121 8414/413/5091 8413/407/5091
f 8428/414/5084 8487/411/5084 8429/408/5103
f 8428/414/5084 8488/415/5138 8487/411/5084
f 8450/416/5120 8414/413/5091 8451/412/5121
f 8428/414/5084 8489/417/5084 8488/415/5138
f 8449/418/5120 8414/413/5091 8450/416/5120
f 8449/418/5120 8415/419/5091 8414/413/5091
f 8427/420/5084 8489/417/5084 8428/414/5084
f 8427/420/5084 8490/421/5139 8489/417/5084
f 8448/422/5119 8415/419/5091 8449/418/5120
f 8427/420/5084 8491/423/5138 8490/421/5139
f 8447/424/5119 8415/419/5091 8448/422/5119
f 8447/424/5119 8416/425/5092 8415/419/5091
f 8426/426/5102 8491/423/5138 8427/420/5084
f 8426/426/5102 8492/427/5140 8491/423/5138
f 8446/428/5118 8416/425/5092 8447/424/5119
f 8426/426/5102 8493/20/5141 8492/427/5140
f 8493/20/5141 8416/425/5092 8446/428/5118
f 8426/426/5102 8416/425/5092 8493/20/5141
f 8426/426/5102 8417/429/5093 8416/425/5092
f 8425/430/5101 8417/429/5093 8426/426/5102
f 8425/430/5101 8418/431/5094 8417/429/5093
f 8424/432/5100 8418/431/5094 8425/430/5101
f 8424/432/5100 8419/433/5095 8418/431/5094
f 8423/434/5099 8419/433/5095 8424/432/5100
f 8423/434/5099 8420/435/5096 8419/433/5095
f 8422/436/5098 8420/435/5096 8423/434/5099
f 8422/436/5098 8421/437/5097 8420/435/5096
f 8496/376/5144 8498/368/5146 8497/398/5145
f 8496/376/5144 8499/20/5147 8498/368/5146
f 8496/376/5144 8494/22/5142 8499/20/5147
f 8496/376/5144 8495/429/5143 8494/22/5142
f 8511/1/5159 8512/3/5160 8513/2/5161
f 8535/4/5183 8536/6/5184 8537/5/5185
f 8510/7/5158 8511/1/5159 8513/2/5161
f 8510/7/5158 8513/2/5161 8514/8/5162
f 8534/9/5182 8535/4/5183 8537/5/5185
f 8534/9/5182 8537/5/5185 8538/10/5186
f 8509/11/5157 8510/7/5158 8514/8/5162
f 8509/11/5157 8514/8/5162 8515/12/5163
f 8533/13/5181 8534/9/5182 8538/10/5186
f 8508/14/5156 8509/11/5157 8515/12/5163
f 8508/14/5156 8515/12/5163 8516/15/5164
f 8533/13/5181 8538/10/5186 8539/16/5187
f 8532/17/5180 8533/13/5181 8539/16/5187
f 8507/18/5155 8508/14/5156 8516/15/5164
f 8604/19/5235 8605/21/5235 8606/20/5236
f 8604/19/5235 8606/20/5236 8500/22/5148
f 8507/18/5155 8516/15/5164 8517/23/5165
f 8531/24/5179 8532/17/5180 8539/16/5187
f 8506/25/5154 8507/18/5155 8517/23/5165
f 8531/24/5179 8539/16/5187 8540/26/5188
f 8506/25/5154 8517/23/5165 8518/27/5166
f 8505/28/5153 8506/25/5154 8518/27/5166
f 8530/29/5178 8531/24/5179 8540/26/5188
f 8505/28/5153 8518/27/5166 8519/30/5167
f 8530/29/5178 8540/26/5188 8541/31/5189
f 8504/32/5152 8505/28/5153 8519/30/5167
f 8529/33/5177 8530/29/5178 8541/31/5189
f 8504/32/5152 8519/30/5167 8520/34/5168
f 8503/35/5151 8504/32/5152 8520/34/5168
f 8528/36/5176 8529/33/5177 8541/31/5189
f 8528/36/5176 8541/31/5189 8542/37/5190
f 8503/35/5151 8520/34/5168 8521/38/5169
f 8502/39/5150 8503/35/5151 8521/38/5169
f 8527/40/5175 8528/36/5176 8542/37/5190
f 8502/39/5150 8521/38/5169 8522/41/5170
f 8501/42/5149 8502/39/5150 8522/41/5170
f 8527/40/5175 8542/37/5190 8543/43/5191
f 8526/44/5174 8527/40/5175 8543/43/5191
f 8501/42/5149 8522/41/5170 8523/45/5171
f 8500/22/5148 8501/42/5149 8523/45/5171
f 8525/46/5173 8526/44/5174 8543/43/5191
f 8525/46/5173 8543/43/5191 8563/47/5211
f 8563/47/5211 8543/43/5191 8544/48/5192
f 8604/19/5235 8500/22/5148 8602/49/5234
f 8602/49/5234 8500/22/5148 8601/50/5231
f 8601/50/5231 8500/22/5148 8600/51/5231
f 8600/51/5231 8500/22/5148 8599/52/5231
f 8599/52/5231 8500/22/5148 8598/53/5233
f 8598/53/5233 8500/22/5148 8597/54/5160
f 8597/54/5160 8500/22/5148 8596/55/5232
f 8596/55/5232 8500/22/5148 8595/56/5160
f 8595/56/5160 8500/22/5148 8594/57/5231
f 8594/57/5231 8500/22/5148 8593/58/5230
f 8593/58/5230 8500/22/5148 8592/59/5162
f 8592/59/5162 8500/22/5148 8591/60/5229
f 8591/60/5229 8500/22/5148 8523/45/5171
f 8591/60/5229 8523/45/5171 8590/61/5228
f 8590/61/5228 8523/45/5171 8524/62/5172
f 8524/62/5172 8525/46/5173 8564/63/5212
f 8564/63/5212 8525/46/5173 8563/47/5211
f 8589/64/5227 8590/61/5228 8524/62/5172
f 8562/65/5210 8563/47/5211 8544/48/5192
f 8524/62/5172 8564/63/5212 8565/66/5213
f 8588/67/5226 8589/64/5227 8524/62/5172
f 8561/68/5209 8562/65/5210 8544/48/5192
f 8524/62/5172 8565/66/5213 8566/69/5198
f 8587/70/5225 8588/67/5226 8524/62/5172
f 8560/71/5208 8561/68/5209 8544/48/5192
f 8524/62/5172 8566/69/5198 8567/72/5214
f 8586/73/5224 8587/70/5225 8524/62/5172
f 8586/73/5224 8524/62/5172 8567/72/5214
f 8559/74/5207 8560/71/5208 8544/48/5192
f 8586/73/5224 8567/72/5214 8568/75/5215
f 8559/74/5207 8544/48/5192 8545/76/5193
f 8585/77/5223 8586/73/5224 8568/75/5215
f 8585/77/5223 8568/75/5215 8569/78/5216
f 8558/79/5206 8559/74/5207 8545/76/5193
f 8585/77/5223 8569/78/5216 8570/80/5217
f 8584/81/5222 8585/77/5223 8570/80/5217
f 8557/82/5205 8558/79/5206 8545/76/5193
f 8584/81/5222 8570/80/5217 8571/83/5218
f 8583/84/5218 8584/81/5222 8571/83/5218
f 8556/85/5204 8557/82/5205 8545/76/5193
f 8583/84/5218 8571/83/5218 8572/86/5182
f 8556/85/5204 8545/76/5193 8546/87/5194
f 8582/88/5218 8583/84/5218 8572/86/5182
f 8582/88/5218 8572/86/5182 8573/89/5218
f 8555/90/5203 8556/85/5204 8546/87/5194
f 8582/88/5218 8573/89/5218 8574/91/5218
f 8581/92/5218 8582/88/5218 8574/91/5218
f 8554/93/5202 8555/90/5203 8546/87/5194
f 8581/92/5218 8574/91/5218 8575/94/5218
f 8554/93/5202 8546/87/5194 8547/95/5195
f 8580/96/5198 8581/92/5218 8575/94/5218
f 8604/19/5235 8602/49/5234 8603/97/5235
f 8580/96/5198 8575/94/5218 8576/98/5219
f 8553/99/5201 8554/93/5202 8547/95/5195
f 8579/100/5221 8580/96/5198 8576/98/5219
f 8552/101/5200 8553/99/5201 8547/95/5195
f 8552/101/5200 8547/95/5195 8548/102/5196
f 8578/103/5220 8579/100/5221 8576/98/5219
f 8551/104/5199 8552/101/5200 8548/102/5196
f 8551/104/5199 8548/102/5196 8549/105/5197
f 8577/106/5219 8578/103/5220 8576/98/5219
f 8550/107/5198 8551/104/5199 8549/105/5197
f 8655/108/5236 8656/110/5236 8657/109/5236
f 8655/108/5236 8657/109/5236 8658/20/5236
f 8629/111/5242 8630/113/5162 8631/112/5157
f 8628/114/5241 8629/111/5242 8631/112/5157
f 8628/114/5241 8631/112/5157 8632/115/5231
f 8627/116/5240 8628/114/5241 8632/115/5231
f 8627/116/5240 8632/115/5231 8633/117/5243
f 8626/118/5240 8627/116/5240 8633/117/5243
f 8626/118/5240 8633/117/5243 8634/119/5240
f 8625/120/5239 8626/118/5240 8634/119/5240
f 8625/120/5239 8634/119/5240 8635/121/5240
f 8624/122/5240 8625/120/5239 8635/121/5240
f 8624/122/5240 8635/121/5240 8636/123/5240
f 8623/124/5240 8624/122/5240 8636/123/5240
f 8623/124/5240 8636/123/5240 8637/125/5240
f 8622/126/5240 8623/124/5240 8637/125/5240
f 8622/126/5240 8637/125/5240 8638/127/5240
f 8621/128/5240 8622/126/5240 8638/127/5240
f 8621/128/5240 8638/127/5240 8639/129/5240
f 8620/130/5239 8621/128/5240 8639/129/5240
f 8620/130/5239 8639/129/5240 8640/131/5240
f 8619/132/5240 8620/130/5239 8640/131/5240
f 8619/132/5240 8640/131/5240 8641/133/5240
f 8618/134/5240 8619/132/5240 8641/133/5240
f 8618/134/5240 8641/133/5240 8642/135/5240
f 8617/136/5240 8618/134/5240 8642/135/5240
f 8617/136/5240 8642/135/5240 8643/137/5239
f 8616/138/5239 8617/136/5240 8643/137/5239
f 8616/138/5239 8643/137/5239 8644/139/5240
f 8615/140/5239 8616/138/5239 8644/139/5240
f 8615/140/5239 8644/139/5240 8645/141/5240
f 8614/142/5240 8615/140/5239 8645/141/5240
f 8614/142/5240 8645/141/5240 8646/143/5240
f 8613/144/5239 8614/142/5240 8646/143/5240
f 8613/144/5239 8646/143/5240 8647/145/5240
f 8612/146/5239 8613/144/5239 8647/145/5240
f 8612/146/5239 8647/145/5240 8648/147/5244
f 8611/148/5239 8612/146/5239 8648/147/5244
f 8611/148/5239 8648/147/5244 8649/149/5239
f 8610/150/5235 8611/148/5239 8649/149/5239
f 8610/150/5235 8649/149/5239 8650/151/5240
f 8609/152/5236 8610/150/5235 8650/151/5240
f 8609/152/5236 8650/151/5240 8651/153/5240
f 8608/154/5238 8609/152/5236 8651/153/5240
f 8608/154/5238 8651/153/5240 8652/155/5245
f 8607/22/5237 8608/154/5238 8652/155/5245
f 8607/22/5237 8652/155/5245 8653/156/5246
f 8654/157/5247 8607/22/5237 8653/156/5246
f 8766/158/5301 8767/160/5302 8768/159/5281
f 8766/158/5301 8768/159/5281 8769/161/5303
f 8766/158/5301 8769/161/5303 8770/162/5304
f 8765/163/5300 8766/158/5301 8770/162/5304
f 8765/163/5300 8770/162/5304 8771/164/5305
f 8765/163/5300 8771/164/5305 8772/165/5306
f 8764/166/5299 8765/163/5300 8772/165/5306
f 8764/166/5299 8772/165/5306 8773/167/5307
f 8764/166/5299 8773/167/5307 8774/168/5308
f 8763/169/5298 8764/166/5299 8774/168/5308
f 8763/169/5298 8774/168/5308 8775/170/5309
f 8763/169/5298 8775/170/5309 8776/171/5310
f 8762/172/5297 8763/169/5298 8776/171/5310
f 8762/172/5297 8776/171/5310 8777/173/5311
f 8762/172/5297 8777/173/5311 8778/174/5312
f 8761/175/5296 8762/172/5297 8778/174/5312
f 8761/175/5296 8778/174/5312 8779/176/5313
f 8761/175/5296 8779/176/5313 8666/177/5250
f 8666/177/5250 8779/176/5313 8665/178/5248
f 8665/178/5248 8779/176/5313 8664/179/5249
f 8664/179/5249 8779/176/5313 8663/180/5248
f 8663/180/5248 8779/176/5313 8662/181/5248
f 8662/181/5248 8779/176/5313 8661/182/5248
f 8661/182/5248 8779/176/5313 8660/183/5248
f 8660/183/5248 8779/176/5313 8659/22/5248
f 8659/22/5248 8779/176/5313 8780/20/5248
f 8760/184/5295 8761/175/5296 8668/185/5252
f 8668/185/5252 8761/175/5296 8667/186/5251
f 8667/186/5251 8761/175/5296 8666/177/5250
f 8759/187/5294 8760/184/5295 8670/188/5254
f 8670/188/5254 8760/184/5295 8669/189/5253
f 8669/189/5253 8760/184/5295 8668/185/5252
f 8758/190/5293 8759/187/5294 8671/191/5255
f 8671/191/5255 8759/187/5294 8670/188/5254
f 8758/190/5293 8671/191/5255 8672/192/5256
f 8758/190/5293 8672/192/5256 8673/193/5257
f 8758/190/5293 8673/193/5257 8674/194/5258
f 8758/190/5293 8674/194/5258 8675/195/5259
f 8758/190/5293 8675/195/5259 8676/196/5260
f 8757/197/5292 8758/190/5293 8676/196/5260
f 8757/197/5292 8676/196/5260 8677/198/5261
f 8757/197/5292 8677/198/5261 8678/199/5262
f 8757/197/5292 8678/199/5262 8679/200/5263
f 8756/201/5291 8757/197/5292 8679/200/5263
f 8756/201/5291 8679/200/5263 8680/202/5264
f 8756/201/5291 8680/202/5264 8681/203/5265
f 8755/204/5290 8756/201/5291 8681/203/5265
f 8755/204/5290 8681/203/5265 8682/205/5266
f 8755/204/5290 8682/205/5266 8683/206/5267
f 8754/207/5289 8755/204/5290 8683/206/5267
f 8754/207/5289 8683/206/5267 8684/208/5268
f 8754/207/5289 8684/208/5268 8685/209/5269
f 8753/210/5288 8754/207/5289 8685/209/5269
f 8753/210/5288 8685/209/5269 8686/211/5270
f 8752/212/5287 8753/210/5288 8686/211/5270
f 8752/212/5287 8686/211/5270 8687/213/5271
f 8752/212/5287 8687/213/5271 8688/214/5271
f 8751/215/5277 8752/212/5287 8688/214/5271
f 8751/215/5277 8688/214/5271 8689/216/5271
f 8750/217/5277 8751/215/5277 8689/216/5271
f 8750/217/5277 8689/216/5271 8690/218/5272
f 8749/219/5286 8750/217/5277 8690/218/5272
f 8749/219/5286 8690/218/5272 8691/220/5271
f 8748/221/5277 8749/219/5286 8691/220/5271
f 8748/221/5277 8691/220/5271 8692/222/5271
f 8747/223/5271 8748/221/5277 8692/222/5271
f 8746/224/5273 8747/223/5271 8692/222/5271
f 8746/224/5273 8692/222/5271 8693/225/5273
f 8745/226/5273 8746/224/5273 8693/225/5273
f 8744/227/5273 8745/226/5273 8693/225/5273
f 8744/227/5273 8693/225/5273 8694/228/5274
f 8743/229/5274 8744/227/5273 8694/228/5274
f 8718/230/5279 8719/232/5279 8720/231/5279
f 8743/229/5274 8694/228/5274 8695/233/5273
f 8742/234/5274 8743/229/5274 8695/233/5273
f 8718/230/5279 8720/231/5279 8721/235/5279
f 8741/236/5274 8742/234/5274 8695/233/5273
f 8741/236/5274 8695/233/5273 8696/237/5274
f 8718/230/5279 8721/235/5279 8722/238/5279
f 8740/239/5274 8741/236/5274 8696/237/5274
f 8718/230/5279 8722/238/5279 8723/240/5279
f 8739/241/5272 8740/239/5274 8696/237/5274
f 8738/242/5272 8739/241/5272 8696/237/5274
f 8738/242/5272 8696/237/5274 8697/243/5274
f 8718/230/5279 8723/240/5279 8724/244/5279
f 8737/245/5272 8738/242/5272 8697/243/5274
f 8718/230/5279 8724/244/5279 8725/246/5279
f 8736/247/5272 8737/245/5272 8697/243/5274
f 8718/230/5279 8725/246/5279 8726/248/5279
f 8736/247/5272 8697/243/5274 8698/249/5274
f 8735/250/5283 8736/247/5272 8698/249/5274
f 8718/230/5279 8726/248/5279 8727/251/5280
f 8734/252/5285 8735/250/5283 8698/249/5274
f 8718/230/5279 8727/251/5280 8728/253/5280
f 8733/254/5284 8734/252/5285 8698/249/5274
f 8718/230/5279 8728/253/5280 8729/255/5281
f 8732/256/5283 8733/254/5284 8698/249/5274
f 8718/230/5279 8729/255/5281 8730/257/5282
f 8732/256/5283 8698/249/5274 8699/258/5272
f 8731/259/5282 8732/256/5283 8699/258/5272
f 8718/230/5279 8730/257/5282 8731/259/5282
f 8718/230/5279 8731/259/5282 8699/258/5272
f 8718/230/5279 8699/258/5272 8700/260/5271
f 8717/261/5271 8718/230/5279 8700/260/5271
f 8716/262/5272 8717/261/5271 8700/260/5271
f 8716/262/5272 8700/260/5271 8701/263/5271
f 8715/264/5272 8716/262/5272 8701/263/5271
f 8715/264/5272 8701/263/5271 8702/265/5271
f 8714/266/5271 8715/264/5272 8702/265/5271
f 8713/267/5272 8714/266/5271 8702/265/5271
f 8713/267/5272 8702/265/5271 8703/268/5271
f 8712/269/5271 8713/267/5272 8703/268/5271
f 8711/270/5278 8712/269/5271 8703/268/5271
f 8711/270/5278 8703/268/5271 8704/271/5272
f 8710/272/5278 8711/270/5278 8704/271/5272
f 8709/273/5272 8710/272/5278 8704/271/5272
f 8709/273/5272 8704/271/5272 8705/274/5271
f 8708/275/5277 8709/273/5272 8705/274/5271
f 8707/276/5276 8708/275/5277 8705/274/5271
f 8707/276/5276 8705/274/5271 8706/277/5275
f 8804/278/5326 8805/280/5327 8806/279/5327
f 8804/278/5326 8806/279/5327 8807/281/5328
f 8855/282/5357 8856/284/5356 8857/283/5357
f 8855/282/5357 8857/283/5357 8858/20/5357
f 8854/285/5314 8855/282/5357 8858/20/5357
f 8804/278/5326 8807/281/5328 8808/286/5329
f 8853/287/5315 8854/285/5314 8858/20/5357
f 8853/287/5315 8858/20/5357 8781/22/5314
f 8804/278/5326 8808/286/5329 8809/268/5330
f 8803/288/5325 8804/278/5326 8809/268/5330
f 8852/289/5356 8853/287/5315 8781/22/5314
f 8803/288/5325 8809/268/5330 8810/290/5331
f 8851/161/5314 8852/289/5356 8781/22/5314
f 8803/288/5325 8810/290/5331 8811/291/5332
f 8851/161/5314 8781/22/5314 8782/292/5314
f 8850/293/5314 8851/161/5314 8782/292/5314
f 8803/288/5325 8811/291/5332 8812/294/5333
f 8802/222/5324 8803/288/5325 8812/294/5333
f 8849/295/5314 8850/293/5314 8782/292/5314
f 8802/222/5324 8812/294/5333 8813/296/5334
f 8848/297/5314 8849/295/5314 8782/292/5314
f 8802/222/5324 8813/296/5334 8814/298/5335
f 8848/297/5314 8782/292/5314 8783/299/5315
f 8847/300/5314 8848/297/5314 8783/299/5315
f 8802/222/5324 8814/298/5335 8815/301/5336
f 8846/302/5315 8847/300/5314 8783/299/5315
f 8801/303/5323 8802/222/5324 8815/301/5336
f 8801/303/5323 8815/301/5336 8816/266/5337
f 8845/304/5315 8846/302/5315 8783/299/5315
f 8801/303/5323 8816/266/5337 8817/305/5338
f 8801/303/5323 8817/305/5338 8818/306/5339
f 8844/190/5315 8845/304/5315 8783/299/5315
f 8844/190/5315 8783/299/5315 8784/307/5315
f 8801/303/5323 8818/306/5339 8819/308/5340
f 8843/309/5315 8844/190/5315 8784/307/5315
f 8801/303/5323 8819/308/5340 8820/310/5341
f 8800/311/5322 8801/303/5323 8820/310/5341
f 8842/312/5319 8843/309/5315 8784/307/5315
f 8800/311/5322 8820/310/5341 8821/313/5342
f 8841/314/5315 8842/312/5319 8784/307/5315
f 8841/314/5315 8784/307/5315 8785/315/5315
f 8800/311/5322 8821/313/5342 8822/316/5343
f 8840/317/5319 8841/314/5315 8785/315/5315
f 8839/318/5319 8840/317/5319 8785/315/5315
f 8800/311/5322 8822/316/5343 8823/246/5344
f 8838/319/5319 8839/318/5319 8785/315/5315
f 8800/311/5322 8823/246/5344 8824/320/5345
f 8799/321/5321 8800/311/5322 8824/320/5345
f 8837/223/5355 8838/319/5319 8785/315/5315
f 8799/321/5321 8824/320/5345 8825/322/5346
f 8836/323/5355 8837/223/5355 8785/315/5315
f 8799/321/5321 8825/322/5346 8826/324/5347
f 8836/323/5355 8785/315/5315 8786/325/5315
f 8835/326/5319 8836/323/5355 8786/325/5315
f 8799/321/5321 8826/324/5347 8827/327/5348
f 8834/328/5354 8835/326/5319 8786/325/5315
f 8799/321/5321 8827/327/5348 8828/329/5347
f 8833/330/5353 8834/328/5354 8786/325/5315
f 8799/321/5321 8828/329/5347 8829/331/5349
f 8832/332/5352 8833/330/5353 8786/325/5315
f 8799/321/5321 8829/331/5349 8830/247/5350
f 8831/333/5351 8832/332/5352 8786/325/5315
f 8799/321/5321 8830/247/5350 8831/333/5351
f 8799/321/5321 8831/333/5351 8786/325/5315
f 8798/334/5316 8799/321/5321 8786/325/5315
f 8798/334/5316 8786/325/5315 8787/335/5316
f 8797/336/5316 8798/334/5316 8787/335/5316
f 8797/336/5316 8787/335/5316 8788/188/5316
f 8796/337/5316 8797/336/5316 8788/188/5316
f 8796/337/5316 8788/188/5316 8789/338/5316
f 8795/203/5316 8796/337/5316 8789/338/5316
f 8795/203/5316 8789/338/5316 8790/339/5317
f 8794/340/5316 8795/203/5316 8790/339/5317
f 8794/340/5316 8790/339/5317 8791/341/5318
f 8793/342/5320 8794/340/5316 8791/341/5318
f 8793/342/5320 8791/341/5318 8792/343/5319
f 8863/322/5362 8864/323/5363 8865/300/5364
f 8863/322/5362 8865/300/5364 8866/20/5365
f 8862/298/5361 8863/322/5362 8866/20/5365
f 8861/288/5360 8862/298/5361 8859/22/5358
f 8859/22/5358 8862/298/5361 8866/20/5365
f 8861/288/5360 8859/22/5358 8860/343/5359
f 8913/344/5398 8914/345/5366 8867/22/5366
f 8913/344/5398 8867/22/5366 8868/346/5367
f 8912/347/5397 8913/344/5398 8868/346/5367
f 8912/347/5397 8868/346/5367 8869/348/5368
f 8911/349/5396 8912/347/5397 8869/348/5368
f 8911/349/5396 8869/348/5368 8870/350/5369
f 8910/351/5395 8911/349/5396 8870/350/5369
f 8910/351/5395 8870/350/5369 8871/352/5370
f 8909/353/5394 8910/351/5395 8871/352/5370
f 8909/353/5394 8871/352/5370 8872/354/5371
f 8908/355/5393 8909/353/5394 8938/356/5410
f 8938/356/5410 8909/353/5394 8872/354/5371
f 8908/355/5393 8938/356/5410 8939/357/5411
f 8937/358/5409 8938/356/5410 8872/354/5371
f 8908/355/5393 8939/357/5411 8940/359/5412
f 8936/360/5408 8937/358/5409 8872/354/5371
f 8908/355/5393 8940/359/5412 8941/361/5413
f 8935/362/5407 8936/360/5408 8872/354/5371
f 8935/362/5407 8872/354/5371 8873/363/5372
f 8907/364/5392 8908/355/5393 8941/361/5413
f 8934/365/5406 8935/362/5407 8873/363/5372
f 8907/364/5392 8941/361/5413 8942/366/5414
f 8933/367/5405 8934/365/5406 8873/363/5372
f 8907/364/5392 8942/366/5414 8943/368/5414
f 8933/367/5405 8873/363/5372 8874/369/5373
f 8906/370/5392 8907/364/5392 8943/368/5414
f 8932/371/5405 8933/367/5405 8874/369/5373
f 8906/370/5392 8943/368/5414 8944/372/5414
f 8931/373/5373 8932/371/5405 8874/369/5373
f 8906/370/5392 8944/372/5414 8945/374/5414
f 8931/373/5373 8874/369/5373 8875/375/5373
f 8905/376/5392 8906/370/5392 8945/374/5414
f 8930/377/5373 8931/373/5373 8875/375/5373
f 8905/376/5392 8945/374/5414 8946/378/5414
f 8930/377/5373 8875/375/5373 8876/379/5373
f 8904/380/5392 8905/376/5392 8946/378/5414
f 8929/381/5373 8930/377/5373 8876/379/5373
f 8904/380/5392 8946/378/5414 8947/382/5414
f 8928/383/5373 8929/381/5373 8876/379/5373
f 8904/380/5392 8947/382/5414 8948/384/5392
f 8928/383/5373 8876/379/5373 8877/385/5374
f 8903/386/5392 8904/380/5392 8948/384/5392
f 8927/387/5373 8928/383/5373 8877/385/5374
f 8903/386/5392 8948/384/5392 8949/388/5392
f 8927/387/5373 8877/385/5374 8878/389/5374
f 8902/390/5392 8903/386/5392 8949/388/5392
f 8926/391/5374 8927/387/5373 8878/389/5374
f 8902/390/5392 8949/388/5392 8950/392/5415
f 8901/393/5391 8902/390/5392 8950/392/5415
f 8901/393/5391 8950/392/5415 8951/394/5416
f 8925/395/5374 8926/391/5374 8878/389/5374
f 8925/395/5374 8878/389/5374 8879/396/5374
f 8901/393/5391 8951/394/5416 8952/397/5417
f 8924/398/5374 8925/395/5374 8879/396/5374
f 8924/398/5374 8879/396/5374 8880/399/5374
f 8900/400/5390 8901/393/5391 8952/397/5417
f 8900/400/5390 8952/397/5417 8953/401/5418
f 8923/402/5374 8924/398/5374 8880/399/5374
f 8923/402/5374 8880/399/5374 8881/403/5374
f 8899/404/5389 8900/400/5390 8953/401/5418
f 8899/404/5389 8953/401/5418 8954/405/5388
f 8922/406/5374 8923/402/5374 8881/403/5374
f 8922/406/5374 8881/403/5374 8882/407/5374
f 8898/408/5388 8899/404/5389 8954/405/5388
f 8898/408/5388 8954/405/5388 8955/409/5388
f 8921/410/5404 8922/406/5374 8882/407/5374
f 8898/408/5388 8955/409/5388 8956/411/5387
f 8920/412/5403 8921/410/5404 8882/407/5374
f 8920/412/5403 8882/407/5374 8883/413/5374
f 8897/414/5387 8898/408/5388 8956/411/5387
f 8897/414/5387 8956/411/5387 8957/415/5387
f 8919/416/5403 8920/412/5403 8883/413/5374
f 8897/414/5387 8957/415/5387 8958/417/5419
f 8918/418/5402 8919/416/5403 8883/413/5374
f 8918/418/5402 8883/413/5374 8884/419/5375
f 8896/420/5387 8897/414/5387 8958/417/5419
f 8896/420/5387 8958/417/5419 8959/421/5419
f 8917/422/5401 8918/418/5402 8884/419/5375
f 8896/420/5387 8959/421/5419 8960/423/5420
f 8916/424/5400 8917/422/5401 8884/419/5375
f 8916/424/5400 8884/419/5375 8885/425/5376
f 8895/426/5386 8896/420/5387 8960/423/5420
f 8895/426/5386 8960/423/5420 8961/427/5421
f 8915/428/5399 8916/424/5400 8885/425/5376
f 8895/426/5386 8961/427/5421 8962/20/5422
f 8962/20/5422 8915/428/5399 8885/425/5376
f 8895/426/5386 8962/20/5422 8885/425/5376
f 8895/426/5386 8885/425/5376 8886/429/5377
f 8894/430/5385 8895/426/5386 8886/429/5377
f 8894/430/5385 8886/429/5377 8887/431/5378
f 8893/432/5384 8894/430/5385 8887/431/5378
f 8893/432/5384 8887/431/5378 8888/433/5379
f 8892/434/5383 8893/432/5384 8888/433/5379
f 8892/434/5383 8888/433/5379 8889/435/5380
f 8891/436/5382 8892/434/5383 8889/435/5380
f 8891/436/5382 8889/435/5380 8890/437/5381
f 8965/376/5425 8966/398/5426 8967/368/5427
f 8965/376/5425 8967/368/5427 8968/20/5428
f 8965/376/5425 8968/20/5428 8963/22/5423
f 8965/376/5425 8963/22/5423 8964/429/5424
f 8970/438/5430 8972/439/5432 8971/440/5431 8969/22/5429
f 8972/439/5432 8974/441/5434 8973/122/5433 8971/440/5431
f 8974/441/5434 8976/442/5436 8975/99/5435 8973/122/5433
f 8976/442/5436 8978/443/5438 8977/133/5437 8975/99/5435
f 8978/443/5438 8980/444/5440 8979/445/5439 8977/133/5437
f 8980/444/5440 8970/446/5430 8969/20/5429 8979/445/5439
f 8982/438/5387 8984/447/5443 8983/448/5442 8981/22/5441
f 8984/447/5443 8986/449/5445 8985/450/5444 8983/448/5442
f 8986/449/5445 8988/451/5446 8987/452/5446 8985/450/5444
f 8988/451/5446 8990/453/5446 8989/454/5446 8987/452/5446
f 8990/453/5446 8992/455/5446 8991/456/5446 8989/454/5446
f 8992/455/5446 8994/457/5373 8993/458/5373 8991/456/5446
f 8994/457/5373 8996/459/5373 8995/460/5373 8993/458/5373
f 8996/459/5373 8998/439/5373 8997/440/5373 8995/460/5373
f 8998/439/5373 9000/461/5373 8999/462/5373 8997/440/5373
f 9000/461/5373 9002/463/5373 9001/464/5373 8999/462/5373
f 9002/463/5373 9004/465/5447 9003/466/5447 9001/464/5373
f 9004/465/5447 9006/467/5447 9005/468/5447 9003/466/5447
f 9006/467/5447 9008/469/5449 9007/470/5448 9005/468/5447
f 9008/469/5449 9010/471/5448 9009/472/5448 9007/470/5448
f 9010/471/5448 9012/473/5448 9011/474/5374 9009/472/5448
f 9012/473/5448 9014/441/5374 9013/122/5374 9011/474/5374
f 9014/441/5374 9016/475/5374 9015/476/5374 9013/122/5374
f 9016/475/5374 9018/477/5374 9017/478/5450 9015/476/5374
f 9018/477/5374 9020/479/5452 9019/480/5451 9017/478/5450
f 9020/479/5452 9022/481/5453 9021/482/5375 9019/480/5451
f 9022/481/5453 9024/483/5455 9023/484/5454 9021/482/5375
f 9024/483/5455 9026/485/5457 9025/486/5456 9023/484/5454
f 9026/485/5457 9028/487/5459 9027/488/5458 9025/486/5456
f 9028/487/5459 9030/442/5461 9029/99/5460 9027/488/5458
f 9030/442/5461 9032/489/5460 9031/490/5138 9029/99/5460
f 9032/489/5460 9034/491/5084 9033/492/5138 9031/490/5138
f 9034/491/5084 9036/493/5138 9035/494/5084 9033/492/5138
f 9036/493/5138 9038/495/5084 9037/496/5084 9035/494/5084
f 9038/495/5084 9040/497/5084 9039/498/5084 9037/496/5084
f 9040/497/5084 9042/499/5103 9041/500/5103 9039/498/5084
f 9042/499/5103 9044/501/5103 9043/502/5103 9041/500/5103
f 9044/501/5103 9046/443/5463 9045/133/5462 9043/502/5103
f 9046/443/5463 9048/503/5465 9047/504/5464 9045/133/5462
f 9048/503/5465 9050/505/5108 9049/506/5108 9047/504/5464
f 9050/505/5108 9052/507/5108 9051/508/5108 9049/506/5108
f 9052/507/5108 9054/509/5466 9053/510/5108 9051/508/5108
f 9054/509/5466 9056/511/5467 9055/512/5466 9053/510/5108
f 9056/511/5467 9058/513/5109 9057/514/5467 9055/512/5466
f 9058/513/5109 9060/515/5109 9059/516/5109 9057/514/5467
f 9060/515/5109 9062/444/5109 9061/445/5109 9059/516/5109
f 9062/444/5109 9064/517/5109 9063/518/5109 9061/445/5109
f 9064/517/5109 9066/519/5109 9065/520/5109 9063/518/5109
f 9066/519/5109 9068/521/5109 9067/522/5109 9065/520/5109
f 9068/521/5109 9070/523/5468 9069/524/5468 9067/522/5109
f 9070/523/5468 9072/525/5470 9071/526/5469 9069/524/5468
f 9072/525/5470 9074/527/5472 9073/528/5471 9071/526/5469
f 9074/527/5472 9076/529/5474 9075/530/5473 9073/528/5471
f 9076/529/5474 8982/446/5387 8981/20/5441 9075/530/5473
f 9078/438/5476 9080/447/5478 9079/448/5477 9077/22/5475
f 9080/447/5478 9082/449/5120 9081/450/5479 9079/448/5477
f 9082/449/5120 9084/451/5480 9083/452/5120 9081/450/5479
f 9084/451/5480 9086/453/5481 9085/454/5480 9083/452/5120
f 9086/453/5481 9088/455/5482 9087/456/5480 9085/454/5480
f 9088/455/5482 9090/457/5482 9089/458/5482 9087/456/5480
f 9090/457/5482 9092/459/5482 9091/460/5482 9089/458/5482
f 9092/459/5482 9094/439/5091 9093/440/5482 9091/460/5482
f 9094/439/5091 9096/461/5091 9095/462/5091 9093/440/5482
f 9096/461/5091 9098/463/5091 9097/464/5091 9095/462/5091
f 9098/463/5091 9100/465/5091 9099/466/5091 9097/464/5091
f 9100/465/5091 9102/467/5091 9101/468/5091 9099/466/5091
f 9102/467/5091 9104/469/5483 9103/470/5483 9101/468/5091
f 9104/469/5483 9106/471/5483 9105/472/5483 9103/470/5483
f 9106/471/5483 9108/473/5483 9107/474/5483 9105/472/5483
f 9108/473/5483 9110/441/5483 9109/122/5483 9107/474/5483
f 9110/441/5483 9112/475/5483 9111/476/5483 9109/122/5483
f 9112/475/5483 9114/477/5483 9113/478/5483 9111/476/5483
f 9114/477/5483 9116/479/5485 9115/480/5484 9113/478/5483
f 9116/479/5485 9118/481/5487 9117/482/5486 9115/480/5484
f 9118/481/5487 9120/483/5489 9119/484/5488 9117/482/5486
f 9120/483/5489 9122/485/5491 9121/486/5490 9119/484/5488
f 9122/485/5491 9124/487/5493 9123/488/5492 9121/486/5490
f 9124/487/5493 9126/442/5492 9125/99/5492 9123/488/5492
f 9126/442/5492 9128/489/5492 9127/490/5492 9125/99/5492
f 9128/489/5492 9130/491/5492 9129/492/5492 9127/490/5492
f 9130/491/5492 9132/493/5495 9131/494/5494 9129/492/5492
f 9132/493/5495 9134/495/5494 9133/496/5414 9131/494/5494
f 9134/495/5494 9136/497/5414 9135/498/5496 9133/496/5414
f 9136/497/5414 9138/499/5496 9137/500/5414 9135/498/5496
f 9138/499/5496 9140/501/5414 9139/502/5392 9137/500/5414
f 9140/501/5414 9142/443/5392 9141/133/5392 9139/502/5392
f 9142/443/5392 9144/503/5392 9143/504/5392 9141/133/5392
f 9144/503/5392 9146/505/5498 9145/506/5497 9143/504/5392
f 9146/505/5498 9148/507/5500 9147/508/5499 9145/506/5497
f 9148/507/5500 9150/509/5501 9149/510/5501 9147/508/5499
f 9150/509/5501 9152/511/5502 9151/512/5502 9149/510/5501
f 9152/511/5502 9154/513/5388 9153/514/5502 9151/512/5502
f 9154/513/5388 9156/515/5387 9155/516/5388 9153/514/5502
f 9156/515/5387 9158/444/5387 9157/445/5387 9155/516/5388
f 9158/444/5387 9160/517/5387 9159/518/5387 9157/445/5387
f 9160/517/5387 9162/519/5366 9161/520/5387 9159/518/5387
f 9162/519/5366 9164/521/5387 9163/522/5366 9161/520/5387
f 9164/521/5387 9166/523/5503 9165/524/5387 9163/522/5366
f 9166/523/5503 9168/525/5504 9167/526/5503 9165/524/5387
f 9168/525/5504 9170/527/5505 9169/528/5504 9167/526/5503
f 9170/527/5505 9172/529/5507 9171/530/5506 9169/528/5504
f 9172/529/5507 9078/446/5476 9077/20/5475 9171/530/5506
f 9174/438/5509 9176/457/5511 9175/458/5510 9173/22/5508
f 9176/457/5511 9178/467/5513 9177/468/5512 9175/458/5510
f 9178/467/5513 9180/477/5515 9179/478/5514 9177/468/5512
f 9180/477/5515 9182/442/5517 9181/99/5516 9179/478/5514
f 9182/442/5517 9184/499/5519 9183/500/5518 9181/99/5516
f 9184/499/5519 9186/509/5521 9185/510/5520 9183/500/5518
f 9186/509/5521 9188/519/5523 9187/520/5522 9185/510/5520
f 9188/519/5523 9174/446/5509 9173/20/5508 9187/520/5522
f 9190/438/5073 9192/531/5524 9191/532/5524 9189/22/5073
f 9192/531/5524 9194/533/5524 9193/534/5524 9191/532/5524
f 9194/533/5524 9196/535/5073 9195/536/5073 9193/534/5524
f 9196/535/5073 9198/537/5031 9197/538/5031 9195/536/5073
f 9198/537/5031 9200/539/5070 9199/540/5031 9197/538/5031
f 9200/539/5070 9202/541/5072 9201/542/5070 9199/540/5031
f 9202/541/5072 9204/543/5071 9203/544/5072 9201/542/5070
f 9204/543/5071 9206/545/5031 9205/546/5071 9203/544/5072
f 9206/545/5031 9208/547/5525 9207/548/5075 9205/546/5071
f 9208/547/5525 9210/549/5527 9209/550/5526 9207/548/5075
f 9210/549/5527 9212/551/5529 9211/552/5528 9209/550/5526
f 9212/551/5529 9214/553/5530 9213/554/5529 9211/552/5528
f 9214/553/5530 9216/439/5348 9215/440/5530 9213/554/5529
f 9216/439/5348 9218/555/5531 9217/556/5348 9215/440/5530
f 9218/555/5531 9220/557/5347 9219/558/5532 9217/556/5348
f 9220/557/5347 9222/559/5346 9221/560/5347 9219/558/5532
f 9222/559/5346 9224/561/5347 9223/562/5346 9221/560/5347
f 9224/561/5347 9226/563/5534 9225/564/5533 9223/562/5346
f 9226/563/5534 9228/565/5536 9227/566/5535 9225/564/5533
f 9228/565/5536 9230/567/5537 9229/568/5537 9227/566/5535
f 9230/567/5537 9232/569/5537 9231/570/5537 9229/568/5537
f 9232/569/5537 9234/571/5537 9233/572/5537 9231/570/5537
f 9234/571/5537 9236/573/5538 9235/574/5538 9233/572/5537
f 9236/573/5538 9238/575/5540 9237/576/5539 9235/574/5538
f 9238/575/5540 9240/577/5542 9239/578/5541 9237/576/5539
f 9240/577/5542 9242/441/5543 9241/122/5543 9239/578/5541
f 9242/441/5543 9244/579/5544 9243/580/5544 9241/122/5543
f 9244/579/5544 9246/581/5544 9245/582/5544 9243/580/5544
f 9246/581/5544 9248/583/5545 9247/584/5545 9245/582/5544
f 9248/583/5545 9250/585/5545 9249/586/5545 9247/584/5545
f 9250/585/5545 9252/587/5544 9251/588/5544 9249/586/5545
f 9252/587/5544 9254/589/5546 9253/590/5546 9251/588/5544
f 9254/589/5546 9256/591/5544 9255/592/5544 9253/590/5546
f 9256/591/5544 9258/593/5544 9257/594/5545 9255/592/5544
f 9258/593/5544 9260/595/5545 9259/596/5545 9257/594/5545
f 9260/595/5545 9262/597/5544 9261/598/5544 9259/596/5545
f 9262/597/5544 9264/599/5544 9263/600/5544 9261/598/5544
f 9264/599/5544 9266/601/5544 9265/602/5544 9263/600/5544
f 9266/601/5544 9268/442/5547 9267/99/5060 9265/602/5544
f 9268/442/5547 9270/603/5548 9269/604/5545 9267/99/5060
f 9270/603/5548 9272/605/5545 9271/606/5544 9269/604/5545
f 9272/605/5545 9274/607/5544 9273/608/5544 9271/606/5544
f 9274/607/5544 9276/609/5547 9275/610/5060 9273/608/5544
f 9276/609/5547 9278/611/5060 9277/612/5060 9275/610/5060
f 9278/611/5060 9280/613/5546 9279/614/5543 9277/612/5060
f 9280/613/5546 9282/615/5032 9281/616/5549 9279/614/5543
f 9282/615/5032 9284/617/5550 9283/618/5060 9281/616/5549
f 9284/617/5550 9286/619/5060 9285/620/5551 9283/618/5060
f 9286/619/5060 9288/621/5551 9287/622/5552 9285/620/5551
f 9288/621/5551 9290/623/5552 9289/624/5553 9287/622/5552
f 9290/623/5552 9292/625/5553 9291/626/5554 9289/624/5553
f 9292/625/5553 9294/443/5554 9293/133/5555 9291/626/5554
f 9294/443/5554 9296/627/5557 9295/628/5556 9293/133/5555
f 9296/627/5557 9298/629/5556 9297/630/5558 9295/628/5556
f 9298/629/5556 9300/631/5353 9299/632/5355 9297/630/5558
f 9300/631/5353 9302/633/5319 9301/634/5319 9299/632/5355
f 9302/633/5319 9304/635/5319 9303/636/5315 9301/634/5319
f 9304/635/5319 9306/637/5315 9305/638/5558 9303/636/5315
f 9306/637/5315 9308/639/5315 9307/640/5319 9305/638/5558
f 9308/639/5315 9310/641/5315 9309/642/5356 9307/640/5319
f 9310/641/5315 9312/643/5316 9311/644/5315 9309/642/5356
f 9312/643/5316 9314/645/5315 9313/646/5315 9311/644/5315
f 9314/645/5315 9316/647/5315 9315/648/5315 9313/646/5315
f 9316/647/5315 9318/649/5315 9317/650/5315 9315/648/5315
f 9318/649/5315 9320/444/5315 9319/445/5315 9317/650/5315
f 9320/444/5315 9322/651/5315 9321/652/5315 9319/445/5315
f 9322/651/5315 9324/653/5315 9323/654/5314 9321/652/5315
f 9324/653/5315 9326/655/5315 9325/656/5315 9323/654/5314
f 9326/655/5315 9328/657/5315 9327/658/5315 9325/656/5315
f 9328/657/5315 9330/659/5315 9329/660/5315 9327/658/5315
f 9330/659/5315 9332/661/5315 9331/662/5315 9329/660/5315
f 9332/661/5315 9334/663/5315 9333/664/5315 9331/662/5315
f 9334/663/5315 9336/665/5356 9335/666/5315 9333/664/5315
f 9336/665/5356 9338/667/5357 9337/668/5357 9335/666/5315
f 9338/667/5357 9340/669/5357 9339/670/5559 9337/668/5357
f 9340/669/5357 9342/671/5560 9341/672/5074 9339/670/5559
f 9342/671/5560 9344/673/5074 9343/674/5074 9341/672/5074
f 9344/673/5074 9190/446/5073 9189/20/5073 9343/674/5074
f 9346/438/5248 9348/675/5277 9347/676/5248 9345/22/5248
f 9348/675/5277 9350/677/5248 9349/678/5277 9347/676/5248
f 9350/677/5248 9352/679/5249 9351/680/5249 9349/678/5277
f 9352/679/5249 9354/681/5561 9353/682/5561 9351/680/5249
f 9354/681/5561 9356/683/5248 9355/684/5249 9353/682/5561
f 9356/683/5248 9358/685/5272 9357/686/5248 9355/684/5249
f 9358/685/5272 9360/687/5562 9359/688/5272 9357/686/5248
f 9360/687/5562 9362/689/5563 9361/690/5562 9359/688/5272
f 9362/689/5563 9364/691/5564 9363/692/5563 9361/690/5562
f 9364/691/5564 9366/693/5566 9365/694/5565 9363/692/5563
f 9366/693/5566 9368/695/5001 9367/696/5567 9365/694/5565
f 9368/695/5001 9370/697/5568 9369/698/5002 9367/696/5567
f 9370/697/5568 9372/699/4966 9371/700/5568 9369/698/5002
f 9372/699/4966 9374/701/4990 9373/702/4994 9371/700/5568
f 9374/701/4990 9376/703/4991 9375/704/4990 9373/702/4994
f 9376/703/4991 9378/705/4994 9377/706/4991 9375/704/4990
f 9378/705/4994 9380/707/4994 9379/708/4994 9377/706/4991
f 9380/707/4994 9382/709/4994 9381/710/4994 9379/708/4994
f 9382/709/4994 9384/711/5570 9383/712/5569 9381/710/4994
f 9384/711/5570 9386/713/5572 9385/714/5571 9383/712/5569
f 9386/713/5572 9388/715/5574 9387/716/5573 9385/714/5571
f 9388/715/5574 9390/717/5576 9389/718/5575 9387/716/5573
f 9390/717/5576 9392/719/5577 9391/720/5577 9389/718/5575
f 9392/719/5577 9394/721/4994 9393/722/4994 9391/720/5577
f 9394/721/4994 9396/723/4994 9395/724/4994 9393/722/4994
f 9396/723/4994 9398/725/4994 9397/726/4964 9395/724/4994
f 9398/725/4994 9400/727/4994 9399/728/4994 9397/726/4964
f 9400/727/4994 9402/729/4994 9401/730/4994 9399/728/4994
f 9402/729/4994 9404/731/4994 9403/732/4989 9401/730/4994
f 9404/731/4994 9406/733/4989 9405/734/4989 9403/732/4989
f 9406/733/4989 9408/735/4989 9407/736/4989 9405/734/4989
f 9408/735/4989 9410/737/4989 9409/738/4989 9407/736/4989
f 9410/737/4989 9412/739/4990 9411/740/4990 9409/738/4989
f 9412/739/4990 9414/741/4990 9413/742/4990 9411/740/4990
f 9414/741/4990 9416/743/4991 9415/744/4991 9413/742/4990
f 9416/743/4991 9418/745/4991 9417/746/4991 9415/744/4991
f 9418/745/4991 9420/747/4991 9419/748/4991 9417/746/4991
f 9420/747/4991 9422/749/4991 9421/750/4991 9419/748/4991
f 9422/749/4991 9424/751/4991 9423/752/4991 9421/750/4991
f 9424/751/4991 9426/753/4988 9425/754/4988 9423/752/4991
f 9426/753/4988 9428/755/4991 9427/756/4988 9425/754/4988
f 9428/755/4991 9430/757/4989 9429/758/4991 9427/756/4988
f 9430/757/4989 9432/759/4989 9431/760/4989 9429/758/4991
f 9432/759/4989 9434/761/5002 9433/762/4988 9431/760/4989
f 9434/761/5002 9436/763/5002 9435/764/5002 9433/762/4988
f 9436/763/5002 9438/765/5568 9437/766/5000 9435/764/5002
f 9438/765/5568 9440/767/5578 9439/768/5568 9437/766/5000
f 9440/767/5578 9442/769/5580 9441/770/5579 9439/768/5568
f 9442/769/5580 9444/771/5582 9443/772/5581 9441/770/5579
f 9444/771/5582 9446/773/5584 9445/774/5583 9443/772/5581
f 9446/773/5584 9448/775/5586 9447/776/5585 9445/774/5583
f 9448/775/5586 9450/777/5585 9449/778/5281 9447/776/5585
f 9450/777/5585 9452/779/5584 9451/780/5585 9449/778/5281
f 9452/779/5584 9454/781/5280 9453/782/5584 9451/780/5585
f 9454/781/5280 9456/783/5279 9455/784/5280 9453/782/5584
f 9456/783/5279 9458/785/5272 9457/786/5279 9455/784/5280
f 9458/785/5272 9460/787/5279 9459/788/5279 9457/786/5279
f 9460/787/5279 9462/789/5279 9461/790/5279 9459/788/5279
f 9462/789/5279 9464/791/5279 9463/792/5279 9461/790/5279
f 9464/791/5279 9466/793/5279 9465/794/4996 9463/792/5279
f 9466/793/5279 9468/442/4997 9467/99/4996 9465/794/4996
f 9468/442/4997 9470/795/4996 9469/796/4997 9467/99/4996
f 9470/795/4996 9472/797/4988 9471/798/4988 9469/796/4997
f 9472/797/4988 9474/799/4989 9473/800/4989 9471/798/4988
f 9474/799/4989 9476/801/4989 9475/802/4989 9473/800/4989
f 9476/801/4989 9478/803/4989 9477/804/4996 9475/802/4989
f 9478/803/4989 9480/805/4996 9479/806/4999 9477/804/4996
f 9480/805/4996 9482/807/5588 9481/808/5587 9479/806/4999
f 9482/807/5588 9484/809/5587 9483/810/5589 9481/808/5587
f 9484/809/5587 9486/811/5589 9485/812/5590 9483/810/5589
f 9486/811/5589 9488/813/5592 9487/814/5591 9485/812/5590
f 9488/813/5592 9490/815/5594 9489/816/5593 9487/814/5591
f 9490/815/5594 9492/817/5593 9491/818/5595 9489/816/5593
f 9492/817/5593 9494/819/5595 9493/820/5596 9491/818/5595
f 9494/819/5595 9496/821/5596 9495/822/5272 9493/820/5596
f 9496/821/5596 9498/823/5272 9497/824/5271 9495/822/5272
f 9498/823/5272 9500/825/5271 9499/826/5272 9497/824/5271
f 9500/825/5271 9502/827/5272 9501/828/5272 9499/826/5272
f 9502/827/5272 9504/829/5272 9503/830/5272 9501/828/5272
f 9504/829/5272 9506/831/5272 9505/832/5272 9503/830/5272
f 9506/831/5272 9508/833/5271 9507/834/5271 9505/832/5272
f 9508/833/5271 9510/835/5272 9509/836/5272 9507/834/5271
f 9510/835/5272 9512/837/5272 9511/838/5272 9509/836/5272
f 9512/837/5272 9514/839/5274 9513/840/5274 9511/838/5272
f 9514/839/5274 9516/841/5274 9515/842/5274 9513/840/5274
f 9516/841/5274 9518/843/5597 9517/844/5273 9515/842/5274
f 9518/843/5597 9520/845/5271 9519/846/5248 9517/844/5273
f 9520/845/5271 9522/847/5272 9521/848/5271 9519/846/5248
f 9522/847/5272 9524/849/5272 9523/850/5272 9521/848/5271
f 9524/849/5272 9526/851/5598 9525/852/5272 9523/850/5272
f 9526/851/5598 9528/853/5279 9527/854/5598 9525/852/5272
f 9528/853/5279 9530/855/5598 9529/856/5279 9527/854/5598
f 9530/855/5598 9532/857/5600 9531/858/5599 9529/856/5279
f 9532/857/5600 9534/859/5602 9533/860/5601 9531/858/5599
f 9534/859/5602 9536/861/5603 9535/862/5603 9533/860/5601
f 9536/861/5603 9538/863/5604 9537/864/5604 9535/862/5603
f 9538/863/5604 9540/865/5605 9539/866/5605 9537/864/5604
f 9540/865/5605 9542/867/5605 9541/868/5605 9539/866/5605
f 9542/867/5605 9544/869/5605 9543/870/5605 9541/868/5605
f 9544/869/5605 9546/871/5606 9545/872/5606 9543/870/5605
f 9546/871/5606 9548/873/5606 9547/874/5607 9545/872/5606
f 9548/873/5606 9550/875/5608 9549/876/5608 9547/874/5607
f 9550/875/5608 9552/877/5608 9551/878/5608 9549/876/5608
f 9552/877/5608 9554/879/5608 9553/880/5608 9551/878/5608
f 9554/879/5608 9556/881/5606 9555/882/5609 9553/880/5608
f 9556/881/5606 9558/883/5611 9557/884/5610 9555/882/5609
f 9558/883/5611 9560/885/5613 9559/886/5612 9557/884/5610
f 9560/885/5613 9562/887/5274 9561/888/5614 9559/886/5612
f 9562/887/5274 9564/889/5614 9563/890/5615 9561/888/5614
f 9564/889/5614 9566/891/5617 9565/892/5616 9563/890/5615
f 9566/891/5617 9568/893/5619 9567/894/5618 9565/892/5616
f 9568/893/5619 9570/895/5618 9569/896/4996 9567/894/5618
f 9570/895/5618 9572/897/5568 9571/898/5620 9569/896/4996
f 9572/897/5568 9574/899/5622 9573/900/5621 9571/898/5620
f 9574/899/5622 9576/901/5621 9575/902/5622 9573/900/5621
f 9576/901/5621 9578/903/5620 9577/904/4965 9575/902/5622
f 9578/903/5620 9580/905/4965 9579/906/4989 9577/904/4965
f 9580/905/4965 9582/907/4989 9581/908/4964 9579/906/4989
f 9582/907/4989 9584/909/4965 9583/910/4965 9581/908/4964
f 9584/909/4965 9586/911/4965 9585/912/4964 9583/910/4965
f 9586/911/4965 9588/913/5623 9587/914/4964 9585/912/4964
f 9588/913/5623 9346/446/5248 9345/20/5248 9587/914/4964
f 9590/438/5625 9592/467/5627 9591/468/5626 9589/22/5624
f 9592/467/5627 9594/442/5628 9593/99/4948 9591/468/5626
f 9594/442/5628 9596/509/5630 9595/510/5629 9593/99/4948
f 9596/509/5630 9590/446/5625 9589/20/5624 9595/510/5629
f 9598/438/5240 9600/447/5236 9599/448/5240 9597/22/5631
f 9600/447/5236 9602/449/5236 9601/450/5236 9599/448/5240
f 9602/449/5236 9604/451/5240 9603/452/5236 9601/450/5236
f 9604/451/5240 9606/453/5240 9605/454/5240 9603/452/5236
f 9606/453/5240 9608/455/5240 9607/456/5240 9605/454/5240
f 9608/455/5240 9610/457/5240 9609/458/5240 9607/456/5240
f 9610/457/5240 9612/459/5240 9611/460/5240 9609/458/5240
f 9612/459/5240 9614/439/5632 9613/440/5632 9611/460/5240
f 9614/439/5632 9616/461/5240 9615/462/5240 9613/440/5632
f 9616/461/5240 9618/463/5240 9617/464/5240 9615/462/5240
f 9618/463/5240 9620/465/5240 9619/466/5240 9617/464/5240
f 9620/465/5240 9622/467/5240 9621/468/5239 9619/466/5240
f 9622/467/5240 9624/469/5633 9623/470/5239 9621/468/5239
f 9624/469/5633 9626/471/5240 9625/472/5239 9623/470/5239
f 9626/471/5240 9628/473/5239 9627/474/5240 9625/472/5239
f 9628/473/5239 9630/441/5240 9629/122/5632 9627/474/5240
f 9630/441/5240 9632/475/5633 9631/476/5633 9629/122/5632
f 9632/475/5633 9634/477/5239 9633/478/5239 9631/476/5633
f 9634/477/5239 9636/479/5239 9635/480/5240 9633/478/5239
f 9636/479/5239 9638/481/5240 9637/482/5634 9635/480/5240
f 9638/481/5240 9640/483/5634 9639/484/5635 9637/482/5634
f 9640/483/5634 9642/485/5637 9641/486/5636 9639/484/5635
f 9642/485/5637 9644/487/5638 9643/488/4870 9641/486/5636
f 9644/487/5638 9646/442/4870 9645/99/4955 9643/488/4870
f 9646/442/4870 9648/489/4948 9647/490/5639 9645/99/4955
f 9648/489/4948 9650/491/5639 9649/492/4950 9647/490/5639
f 9650/491/5639 9652/493/4950 9651/494/4951 9649/492/4950
f 9652/493/4950 9654/495/4951 9653/496/4950 9651/494/4951
f 9654/495/4951 9656/497/4950 9655/498/4951 9653/496/4950
f 9656/497/4950 9658/499/4951 9657/500/4951 9655/498/4951
f 9658/499/4951 9660/501/4951 9659/502/4950 9657/500/4951
f 9660/501/4951 9662/443/4945 9661/133/4950 9659/502/4950
f 9662/443/4945 9664/503/4950 9663/504/4950 9661/133/4950
f 9664/503/4950 9666/505/4950 9665/506/4950 9663/504/4950
f 9666/505/4950 9668/507/4950 9667/508/4950 9665/506/4950
f 9668/507/4950 9670/509/4950 9669/510/4950 9667/508/4950
f 9670/509/4950 9672/511/4950 9671/512/4950 9669/510/4950
f 9672/511/4950 9674/513/4950 9673/514/4950 9671/512/4950
f 9674/513/4950 9676/515/4950 9675/516/4950 9673/514/4950
f 9676/515/4950 9678/444/4950 9677/445/4950 9675/516/4950
f 9678/444/4950 9680/517/4951 9679/518/4950 9677/445/4950
f 9680/517/4951 9682/519/4950 9681/520/4950 9679/518/4950
f 9682/519/4950 9684/521/4950 9683/522/4950 9681/520/4950
f 9684/521/4950 9686/523/4951 9685/524/4950 9683/522/4950
f 9686/523/4951 9688/525/4948 9687/526/4951 9685/524/4950
f 9688/525/4948 9690/527/5640 9689/528/4948 9687/526/4951
f 9690/527/5640 9692/529/5642 9691/530/5641 9689/528/4948
f 9692/529/5642 9598/446/5240 9597/20/5631 9691/530/5641
f 9694/438/4945 9696/915/5233 9695/916/5233 9693/22/5643
f 9696/915/5233 9698/917/5233 9697/918/5233 9695/916/5233
f 9698/917/5233 9700/919/5233 9699/920/5233 9697/918/5233
f 9700/919/5233 9702/921/5233 9701/922/5232 9699/920/5233
f 9702/921/5233 9704/923/5232 9703/924/5233 9701/922/5232
f 9704/923/5232 9706/925/5233 9705/926/5643 9703/924/5233
f 9706/925/5233 9708/927/5643 9707/928/5160 9705/926/5643
f 9708/927/5643 9710/929/5160 9709/930/5644 9707/928/5160
f 9710/929/5160 9712/931/5644 9711/932/5159 9709/930/5644
f 9712/931/5644 9714/933/5159 9713/934/5645 9711/932/5159
f 9714/933/5159 9716/935/5645 9715/936/5646 9713/934/5645
f 9716/935/5645 9718/937/5647 9717/938/4950 9715/936/5646
f 9718/937/5647 9720/939/4951 9719/940/4873 9717/938/4950
f 9720/939/4951 9722/941/4873 9721/942/4870 9719/940/4873
f 9722/941/4873 9724/943/5649 9723/944/5648 9721/942/4870
f 9724/943/5649 9726/945/5651 9725/946/5650 9723/944/5648
f 9726/945/5651 9728/947/5653 9727/948/5652 9725/946/5650
f 9728/947/5653 9730/949/5655 9729/950/5654 9727/948/5652
f 9730/949/5655 9732/951/5656 9731/952/4931 9729/950/5654
f 9732/951/5656 9734/953/4931 9733/954/5656 9731/952/4931
f 9734/953/4931 9736/955/4891 9735/956/4892 9733/954/5656
f 9736/955/4891 9738/957/4892 9737/958/4892 9735/956/4892
f 9738/957/4892 9740/959/5657 9739/960/4927 9737/958/4892
f 9740/959/5657 9742/961/5656 9741/962/5218 9739/960/4927
f 9742/961/5656 9744/963/5218 9743/964/5198 9741/962/5218
f 9744/963/5218 9746/965/5198 9745/966/5198 9743/964/5198
f 9746/965/5198 9748/967/5198 9747/968/5185 9745/966/5198
f 9748/967/5198 9750/969/5185 9749/970/5185 9747/968/5185
f 9750/969/5185 9752/971/5185 9751/972/5198 9749/970/5185
f 9752/971/5185 9754/973/5198 9753/974/5658 9751/972/5198
f 9754/973/5198 9756/975/5185 9755/976/5185 9753/974/5658
f 9756/975/5185 9758/977/5185 9757/978/5185 9755/976/5185
f 9758/977/5185 9760/979/5185 9759/980/5198 9757/978/5185
f 9760/979/5185 9762/981/5198 9761/982/5185 9759/980/5198
f 9762/981/5198 9764/983/5185 9763/984/5198 9761/982/5185
f 9764/983/5185 9766/985/5198 9765/986/5659 9763/984/5198
f 9766/985/5198 9768/987/5659 9767/988/5660 9765/986/5659
f 9768/987/5659 9770/989/5662 9769/990/5661 9767/988/5660
f 9770/989/5662 9772/991/5664 9771/992/5663 9769/990/5661
f 9772/991/5664 9774/993/5666 9773/994/5665 9771/992/5663
f 9774/993/5666 9776/995/5668 9775/996/5667 9773/994/5665
f 9776/995/5668 9778/997/5670 9777/998/5669 9775/996/5667
f 9778/997/5670 9780/999/5671 9779/1000/5671 9777/998/5669
f 9780/999/5671 9782/1001/5671 9781/1002/5671 9779/1000/5671
f 9782/1001/5671 9784/1003/5671 9783/1004/5671 9781/1002/5671
f 9784/1003/5671 9786/1005/5670 9785/1006/5670 9783/1004/5671
f 9786/1005/5670 9788/1007/5670 9787/1008/5670 9785/1006/5670
f 9788/1007/5670 9790/1009/5673 9789/1010/5672 9787/1008/5670
f 9790/1009/5673 9792/1011/5675 9791/1012/5674 9789/1010/5672
f 9792/1011/5675 9794/1013/5677 9793/1014/5676 9791/1012/5674
f 9794/1013/5677 9796/1015/5198 9795/1016/5198 9793/1014/5676
f 9796/1015/5198 9798/1017/5198 9797/1018/5198 9795/1016/5198
f 9798/1017/5198 9800/1019/5198 9799/1020/5198 9797/1018/5198
f 9800/1019/5198 9802/1021/5658 9801/1022/5658 9799/1020/5198
f 9802/1021/5658 9804/1023/5658 9803/1024/5658 9801/1022/5658
f 9804/1023/5658 9806/1025/5198 9805/1026/5198 9803/1024/5658
f 9806/1025/5198 9808/1027/5658 9807/1028/5198 9805/1026/5198
f 9808/1027/5658 9810/1029/5198 9809/1030/5185 9807/1028/5198
f 9810/1029/5198 9812/1031/5198 9811/1032/5198 9809/1030/5185
f 9812/1031/5198 9814/1033/5658 9813/1034/5198 9811/1032/5198
f 9814/1033/5658 9816/1035/5198 9815/1036/5678 9813/1034/5198
f 9816/1035/5198 9818/1037/5679 9817/1038/5198 9815/1036/5678
f 9818/1037/5679 9820/1039/5680 9819/1040/5679 9817/1038/5198
f 9820/1039/5680 9822/1041/4895 9821/1042/5681 9819/1040/5679
f 9822/1041/4895 9824/1043/5660 9823/1044/4892 9821/1042/5681
f 9824/1043/5660 9826/1045/5682 9825/1046/5660 9823/1044/4892
f 9826/1045/5682 9828/1047/4892 9827/1048/5682 9825/1046/5660
f 9828/1047/4892 9830/1049/4891 9829/1050/4931 9827/1048/5682
f 9830/1049/4891 9832/1051/4891 9831/1052/4891 9829/1050/4931
f 9832/1051/4891 9834/1053/4892 9833/1054/4891 9831/1052/4891
f 9834/1053/4892 9836/1055/4891 9835/1056/4892 9833/1054/4891
f 9836/1055/4891 9838/1057/4931 9837/1058/4891 9835/1056/4892
f 9838/1057/4931 9840/1059/4931 9839/1060/4931 9837/1058/4891
f 9840/1059/4931 9842/1061/4892 9841/1062/4892 9839/1060/4931
f 9842/1061/4892 9844/1063/4931 9843/1064/4892 9841/1062/4892
f 9844/1063/4931 9846/1065/5683 9845/1066/4931 9843/1064/4892
f 9846/1065/5683 9848/1067/5219 9847/1068/5684 9845/1066/4931
f 9848/1067/5219 9850/1069/5218 9849/1070/5218 9847/1068/5684
f 9850/1069/5218 9852/1071/5218 9851/1072/5218 9849/1070/5218
f 9852/1071/5218 9854/1073/5218 9853/1074/5218 9851/1072/5218
f 9854/1073/5218 9856/1075/5218 9855/1076/5218 9853/1074/5218
f 9856/1075/5218 9858/1077/5686 9857/1078/5685 9855/1076/5218
f 9858/1077/5686 9860/1079/5688 9859/1080/5687 9857/1078/5685
f 9860/1079/5688 9862/1081/5690 9861/1082/5689 9859/1080/5687
f 9862/1081/5690 9864/1083/5692 9863/1084/5691 9861/1082/5689
f 9864/1083/5692 9866/1085/5232 9865/1086/5232 9863/1084/5691
f 9866/1085/5232 9868/1087/5162 9867/1088/5232 9865/1086/5232
f 9868/1087/5162 9870/1089/5233 9869/1090/5162 9867/1088/5232
f 9870/1089/5233 9872/1091/5693 9871/1092/5233 9869/1090/5162
f 9872/1091/5693 9874/1093/5694 9873/1094/5693 9871/1092/5233
f 9874/1093/5694 9876/1095/4871 9875/1096/5695 9873/1094/5693
f 9876/1095/4871 9878/1097/4945 9877/1098/4871 9875/1096/5695
f 9878/1097/4945 9880/1099/4876 9879/1100/4945 9877/1098/4871
f 9880/1099/4876 9882/1101/4870 9881/1102/4944 9879/1100/4945
f 9882/1101/4870 9884/1103/4870 9883/1104/4870 9881/1102/4944
f 9884/1103/4870 9886/1105/4873 9885/1106/4870 9883/1104/4870
f 9886/1105/4873 9888/1107/4945 9887/1108/4873 9885/1106/4870
f 9888/1107/4945 9890/1109/4945 9889/1110/4945 9887/1108/4873
f 9890/1109/4945 9892/1111/4943 9891/1112/4945 9889/1110/4945
f 9892/1111/4943 9894/1113/4943 9893/1114/4943 9891/1112/4945
f 9894/1113/4943 9896/1115/4872 9895/1116/4943 9893/1114/4943
f 9896/1115/4872 9898/1117/5696 9897/1118/5696 9895/1116/4943
f 9898/1117/5696 9900/1119/5235 9899/1120/4946 9897/1118/5696
f 9900/1119/5235 9902/1121/5235 9901/1122/5235 9899/1120/4946
f 9902/1121/5235 9904/1123/5235 9903/1124/5697 9901/1122/5235
f 9904/1123/5235 9906/1125/5698 9905/1126/4945 9903/1124/5697
f 9906/1125/5698 9694/446/4945 9693/20/5643 9905/1126/4945
